model,site,layer,method,nar_group_size,fp4_block_size,scale_rule,layer_global_nmse,transformed_pearson_kurtosis,blocks
llama32_3b,q_input,0,identity,,16,absmax,0.00785830345242819,87.83013916015625,393216
llama32_3b,q_input,0,identity,,16,mse_optimal,0.0070941637713124025,87.83013916015625,393216
llama32_3b,q_input,0,hadamard_b16,,16,absmax,0.010110224870207442,8.094157218933105,393216
llama32_3b,q_input,0,hadamard_b16,,16,mse_optimal,0.006329046686255526,8.094157218933105,393216
llama32_3b,q_input,0,nar_b128,128,16,absmax,0.009645159756697304,4.741600513458252,393216
llama32_3b,q_input,0,nar_b128,128,16,mse_optimal,0.005786668703525413,4.741600513458252,393216
llama32_3b,q_input,0,nar_b16,16,16,absmax,0.007312155736725831,26.211729049682617,393216
llama32_3b,q_input,0,nar_b16,16,16,mse_optimal,0.004043955566431911,26.211729049682617,393216
llama32_3b,q_input,1,identity,,16,absmax,0.008446700851276369,33.795719146728516,393216
llama32_3b,q_input,1,identity,,16,mse_optimal,0.0076279731080039015,33.795719146728516,393216
llama32_3b,q_input,1,hadamard_b16,,16,absmax,0.010327828519505772,5.251408576965332,393216
llama32_3b,q_input,1,hadamard_b16,,16,mse_optimal,0.00648388726492369,5.251408576965332,393216
llama32_3b,q_input,1,nar_b128,128,16,absmax,0.01028726996064262,4.608195781707764,393216
llama32_3b,q_input,1,nar_b128,128,16,mse_optimal,0.0064742565852018,4.608195781707764,393216
llama32_3b,q_input,1,nar_b16,16,16,absmax,0.010028597986700258,24.654367446899414,393216
llama32_3b,q_input,1,nar_b16,16,16,mse_optimal,0.005009531928572452,24.654367446899414,393216
llama32_3b,q_input,2,identity,,16,absmax,0.008340337891478368,23.479324340820312,393216
llama32_3b,q_input,2,identity,,16,mse_optimal,0.007291934592876523,23.479324340820312,393216
llama32_3b,q_input,2,hadamard_b16,,16,absmax,0.009759787650524605,4.510955333709717,393216
llama32_3b,q_input,2,hadamard_b16,,16,mse_optimal,0.006578531054464872,4.510955333709717,393216
llama32_3b,q_input,2,nar_b128,128,16,absmax,0.009486761166718826,3.637336015701294,393216
llama32_3b,q_input,2,nar_b128,128,16,mse_optimal,0.006598519168055492,3.637336015701294,393216
llama32_3b,q_input,2,nar_b16,16,16,absmax,0.01050671285602464,11.258279800415039,393216
llama32_3b,q_input,2,nar_b16,16,16,mse_optimal,0.0061443346500171,11.258279800415039,393216
llama32_3b,q_input,3,identity,,16,absmax,0.008365980948134951,11.072675704956055,393216
llama32_3b,q_input,3,identity,,16,mse_optimal,0.006816144411570341,11.072675704956055,393216
llama32_3b,q_input,3,hadamard_b16,,16,absmax,0.009285700443857249,3.678224563598633,393216
llama32_3b,q_input,3,hadamard_b16,,16,mse_optimal,0.006581400188043922,3.678224563598633,393216
llama32_3b,q_input,3,nar_b128,128,16,absmax,0.009499037683187904,3.7391061782836914,393216
llama32_3b,q_input,3,nar_b128,128,16,mse_optimal,0.006591419523497087,3.7391061782836914,393216
llama32_3b,q_input,3,nar_b16,16,16,absmax,0.010231540028268758,11.704495429992676,393216
llama32_3b,q_input,3,nar_b16,16,16,mse_optimal,0.006296033149721874,11.704495429992676,393216
llama32_3b,q_input,4,identity,,16,absmax,0.008271461673952063,16.934505462646484,393216
llama32_3b,q_input,4,identity,,16,mse_optimal,0.006997156000962465,16.934505462646484,393216
llama32_3b,q_input,4,hadamard_b16,,16,absmax,0.009455421663792717,4.009198188781738,393216
llama32_3b,q_input,4,hadamard_b16,,16,mse_optimal,0.0065745348356260214,4.009198188781738,393216
llama32_3b,q_input,4,nar_b128,128,16,absmax,0.009548777011629185,3.862950086593628,393216
llama32_3b,q_input,4,nar_b128,128,16,mse_optimal,0.006604271937419996,3.862950086593628,393216
llama32_3b,q_input,4,nar_b16,16,16,absmax,0.010558798887003179,13.727611541748047,393216
llama32_3b,q_input,4,nar_b16,16,16,mse_optimal,0.0062335133204928965,13.727611541748047,393216
llama32_3b,q_input,5,identity,,16,absmax,0.008270354705360876,16.698545455932617,393216
llama32_3b,q_input,5,identity,,16,mse_optimal,0.007034060820849338,16.698545455932617,393216
llama32_3b,q_input,5,hadamard_b16,,16,absmax,0.009487555961942862,4.025302886962891,393216
llama32_3b,q_input,5,hadamard_b16,,16,mse_optimal,0.0065772078202424415,4.025302886962891,393216
llama32_3b,q_input,5,nar_b128,128,16,absmax,0.009388860390228331,3.539078712463379,393216
llama32_3b,q_input,5,nar_b128,128,16,mse_optimal,0.006595161119562889,3.539078712463379,393216
llama32_3b,q_input,5,nar_b16,16,16,absmax,0.010313932521873414,9.856424331665039,393216
llama32_3b,q_input,5,nar_b16,16,16,mse_optimal,0.006330152543643165,9.856424331665039,393216
llama32_3b,q_input,6,identity,,16,absmax,0.008338438935007414,17.84536361694336,393216
llama32_3b,q_input,6,identity,,16,mse_optimal,0.006977827750922929,17.84536361694336,393216
llama32_3b,q_input,6,hadamard_b16,,16,absmax,0.009428565760935106,4.0160040855407715,393216
llama32_3b,q_input,6,hadamard_b16,,16,mse_optimal,0.006573477550205252,4.0160040855407715,393216
llama32_3b,q_input,6,nar_b128,128,16,absmax,0.009448093662189969,3.7198333740234375,393216
llama32_3b,q_input,6,nar_b128,128,16,mse_optimal,0.00660402285355984,3.7198333740234375,393216
llama32_3b,q_input,6,nar_b16,16,16,absmax,0.010417005975492137,11.786733627319336,393216
llama32_3b,q_input,6,nar_b16,16,16,mse_optimal,0.006333821877631238,11.786733627319336,393216
llama32_3b,q_input,7,identity,,16,absmax,0.008418593833540084,17.294864654541016,393216
llama32_3b,q_input,7,identity,,16,mse_optimal,0.006884351301232422,17.294864654541016,393216
llama32_3b,q_input,7,hadamard_b16,,16,absmax,0.00932523953602118,3.9649388790130615,393216
llama32_3b,q_input,7,hadamard_b16,,16,mse_optimal,0.006568224710179411,3.9649388790130615,393216
llama32_3b,q_input,7,nar_b128,128,16,absmax,0.009418128042763355,3.6844303607940674,393216
llama32_3b,q_input,7,nar_b128,128,16,mse_optimal,0.006603039920844794,3.6844303607940674,393216
llama32_3b,q_input,7,nar_b16,16,16,absmax,0.010231732341166953,11.253766059875488,393216
llama32_3b,q_input,7,nar_b16,16,16,mse_optimal,0.006386568283138055,11.253766059875488,393216
llama32_3b,q_input,8,identity,,16,absmax,0.008390794563333004,25.2867374420166,393216
llama32_3b,q_input,8,identity,,16,mse_optimal,0.007036296193967653,25.2867374420166,393216
llama32_3b,q_input,8,hadamard_b16,,16,absmax,0.009484798994014674,4.389559268951416,393216
llama32_3b,q_input,8,hadamard_b16,,16,mse_optimal,0.006562330252892028,4.389559268951416,393216
llama32_3b,q_input,8,nar_b128,128,16,absmax,0.009457444810609622,3.6688084602355957,393216
llama32_3b,q_input,8,nar_b128,128,16,mse_optimal,0.006596109432622111,3.6688084602355957,393216
llama32_3b,q_input,8,nar_b16,16,16,absmax,0.010346968657839215,11.467259407043457,393216
llama32_3b,q_input,8,nar_b16,16,16,mse_optimal,0.006356009755508986,11.467259407043457,393216
llama32_3b,q_input,9,identity,,16,absmax,0.008463971675359703,27.808300018310547,393216
llama32_3b,q_input,9,identity,,16,mse_optimal,0.007021691372365402,27.808300018310547,393216
llama32_3b,q_input,9,hadamard_b16,,16,absmax,0.009457557714464158,4.544521331787109,393216
llama32_3b,q_input,9,hadamard_b16,,16,mse_optimal,0.006564639847802733,4.544521331787109,393216
llama32_3b,q_input,9,nar_b128,128,16,absmax,0.009427893534557415,3.681544542312622,393216
llama32_3b,q_input,9,nar_b128,128,16,mse_optimal,0.006598652818427974,3.681544542312622,393216
llama32_3b,q_input,9,nar_b16,16,16,absmax,0.010287196041561553,11.53657341003418,393216
llama32_3b,q_input,9,nar_b16,16,16,mse_optimal,0.0063773307789189194,11.53657341003418,393216
llama32_3b,q_input,10,identity,,16,absmax,0.008449268993243636,30.283613204956055,393216
llama32_3b,q_input,10,identity,,16,mse_optimal,0.007052936773243113,30.283613204956055,393216
llama32_3b,q_input,10,hadamard_b16,,16,absmax,0.009510498527363248,4.701972961425781,393216
llama32_3b,q_input,10,hadamard_b16,,16,mse_optimal,0.00656643263918633,4.701972961425781,393216
llama32_3b,q_input,10,nar_b128,128,16,absmax,0.009449513652059335,3.613408327102661,393216
llama32_3b,q_input,10,nar_b128,128,16,mse_optimal,0.006592132313513018,3.613408327102661,393216
llama32_3b,q_input,10,nar_b16,16,16,absmax,0.0102940686015375,11.203734397888184,393216
llama32_3b,q_input,10,nar_b16,16,16,mse_optimal,0.006367588685393861,11.203734397888184,393216
llama32_3b,q_input,11,identity,,16,absmax,0.008465579409706351,21.409198760986328,393216
llama32_3b,q_input,11,identity,,16,mse_optimal,0.006912816210271436,21.409198760986328,393216
llama32_3b,q_input,11,hadamard_b16,,16,absmax,0.009370628682585045,4.240840435028076,393216
llama32_3b,q_input,11,hadamard_b16,,16,mse_optimal,0.006564040441171152,4.240840435028076,393216
llama32_3b,q_input,11,nar_b128,128,16,absmax,0.009429701149880653,3.6707475185394287,393216
llama32_3b,q_input,11,nar_b128,128,16,mse_optimal,0.00660686235788845,3.6707475185394287,393216
llama32_3b,q_input,11,nar_b16,16,16,absmax,0.010209212917139431,11.201855659484863,393216
llama32_3b,q_input,11,nar_b16,16,16,mse_optimal,0.006391279548258401,11.201855659484863,393216
llama32_3b,q_input,12,identity,,16,absmax,0.008492388042169209,42.35133361816406,393216
llama32_3b,q_input,12,identity,,16,mse_optimal,0.0071516726552088876,42.35133361816406,393216
llama32_3b,q_input,12,hadamard_b16,,16,absmax,0.009667314465027783,5.397119522094727,393216
llama32_3b,q_input,12,hadamard_b16,,16,mse_optimal,0.0065519938972562275,5.397119522094727,393216
llama32_3b,q_input,12,nar_b128,128,16,absmax,0.009416772725637259,3.42842698097229,393216
llama32_3b,q_input,12,nar_b128,128,16,mse_optimal,0.006585025261076314,3.42842698097229,393216
llama32_3b,q_input,12,nar_b16,16,16,absmax,0.010290604362242722,9.908347129821777,393216
llama32_3b,q_input,12,nar_b16,16,16,mse_optimal,0.006415123901695232,9.908347129821777,393216
llama32_3b,q_input,13,identity,,16,absmax,0.008415622694973705,36.43212127685547,393216
llama32_3b,q_input,13,identity,,16,mse_optimal,0.007138956632717824,36.43212127685547,393216
llama32_3b,q_input,13,hadamard_b16,,16,absmax,0.009629533418244723,4.9608025550842285,393216
llama32_3b,q_input,13,hadamard_b16,,16,mse_optimal,0.006562385580848547,4.9608025550842285,393216
llama32_3b,q_input,13,nar_b128,128,16,absmax,0.00944061813587486,3.468837022781372,393216
llama32_3b,q_input,13,nar_b128,128,16,mse_optimal,0.006594120185100762,3.468837022781372,393216
llama32_3b,q_input,13,nar_b16,16,16,absmax,0.010363709451316299,10.183637619018555,393216
llama32_3b,q_input,13,nar_b16,16,16,mse_optimal,0.006382847397209012,10.183637619018555,393216
llama32_3b,q_input,14,identity,,16,absmax,0.008454665733072813,31.68854331970215,393216
llama32_3b,q_input,14,identity,,16,mse_optimal,0.0070860325939128945,31.68854331970215,393216
llama32_3b,q_input,14,hadamard_b16,,16,absmax,0.009535886459498013,4.701410293579102,393216
llama32_3b,q_input,14,hadamard_b16,,16,mse_optimal,0.006565022865538046,4.701410293579102,393216
llama32_3b,q_input,14,nar_b128,128,16,absmax,0.009385483290657859,3.431215524673462,393216
llama32_3b,q_input,14,nar_b128,128,16,mse_optimal,0.006587682378793794,3.431215524673462,393216
llama32_3b,q_input,14,nar_b16,16,16,absmax,0.010097469010279261,9.218045234680176,393216
llama32_3b,q_input,14,nar_b16,16,16,mse_optimal,0.006432587910900109,9.218045234680176,393216
llama32_3b,q_input,15,identity,,16,absmax,0.008431622118347745,36.053443908691406,393216
llama32_3b,q_input,15,identity,,16,mse_optimal,0.007139977124754977,36.053443908691406,393216
llama32_3b,q_input,15,hadamard_b16,,16,absmax,0.009637245900578581,4.912848949432373,393216
llama32_3b,q_input,15,hadamard_b16,,16,mse_optimal,0.006564355458847296,4.912848949432373,393216
llama32_3b,q_input,15,nar_b128,128,16,absmax,0.00938612810349113,3.436333417892456,393216
llama32_3b,q_input,15,nar_b128,128,16,mse_optimal,0.006592807643909634,3.436333417892456,393216
llama32_3b,q_input,15,nar_b16,16,16,absmax,0.010204792483721754,9.447626113891602,393216
llama32_3b,q_input,15,nar_b16,16,16,mse_optimal,0.006438802570266147,9.447626113891602,393216
llama32_3b,q_input,16,identity,,16,absmax,0.008404969509882418,28.51789093017578,393216
llama32_3b,q_input,16,identity,,16,mse_optimal,0.007084785458154274,28.51789093017578,393216
llama32_3b,q_input,16,hadamard_b16,,16,absmax,0.009558859070370476,4.486954212188721,393216
llama32_3b,q_input,16,hadamard_b16,,16,mse_optimal,0.006576840539290203,4.486954212188721,393216
llama32_3b,q_input,16,nar_b128,128,16,absmax,0.009370168276364202,3.480736494064331,393216
llama32_3b,q_input,16,nar_b128,128,16,mse_optimal,0.006596962294505351,3.480736494064331,393216
llama32_3b,q_input,16,nar_b16,16,16,absmax,0.010226353964610831,9.527329444885254,393216
llama32_3b,q_input,16,nar_b16,16,16,mse_optimal,0.006431098864359423,9.527329444885254,393216
llama32_3b,q_input,17,identity,,16,absmax,0.00839305930464244,22.971548080444336,393216
llama32_3b,q_input,17,identity,,16,mse_optimal,0.007023821001724171,22.971548080444336,393216
llama32_3b,q_input,17,hadamard_b16,,16,absmax,0.009480133035343409,4.184434413909912,393216
llama32_3b,q_input,17,hadamard_b16,,16,mse_optimal,0.006582403572505577,4.184434413909912,393216
llama32_3b,q_input,17,nar_b128,128,16,absmax,0.00935053503087272,3.4769368171691895,393216
llama32_3b,q_input,17,nar_b128,128,16,mse_optimal,0.006599616833130905,3.4769368171691895,393216
llama32_3b,q_input,17,nar_b16,16,16,absmax,0.010124167940884516,9.104074478149414,393216
llama32_3b,q_input,17,nar_b16,16,16,mse_optimal,0.006442862033815757,9.104074478149414,393216
llama32_3b,q_input,18,identity,,16,absmax,0.008376034220058032,30.198400497436523,393216
llama32_3b,q_input,18,identity,,16,mse_optimal,0.00713378001599819,30.198400497436523,393216
llama32_3b,q_input,18,hadamard_b16,,16,absmax,0.00961647082466529,4.55363655090332,393216
llama32_3b,q_input,18,hadamard_b16,,16,mse_optimal,0.00657999967201567,4.55363655090332,393216
llama32_3b,q_input,18,nar_b128,128,16,absmax,0.00938830348622711,3.516158103942871,393216
llama32_3b,q_input,18,nar_b128,128,16,mse_optimal,0.0065942300442625185,3.516158103942871,393216
llama32_3b,q_input,18,nar_b16,16,16,absmax,0.0102878410408445,9.968622207641602,393216
llama32_3b,q_input,18,nar_b16,16,16,mse_optimal,0.006395170518612756,9.968622207641602,393216
llama32_3b,q_input,19,identity,,16,absmax,0.008380738151071933,23.284793853759766,393216
llama32_3b,q_input,19,identity,,16,mse_optimal,0.007040503522642664,23.284793853759766,393216
llama32_3b,q_input,19,hadamard_b16,,16,absmax,0.009510609141034193,4.17354679107666,393216
llama32_3b,q_input,19,hadamard_b16,,16,mse_optimal,0.006591949067226006,4.17354679107666,393216
llama32_3b,q_input,19,nar_b128,128,16,absmax,0.009366008942263878,3.5330076217651367,393216
llama32_3b,q_input,19,nar_b128,128,16,mse_optimal,0.006594286259437483,3.5330076217651367,393216
llama32_3b,q_input,19,nar_b16,16,16,absmax,0.010178759765346965,9.716858863830566,393216
llama32_3b,q_input,19,nar_b16,16,16,mse_optimal,0.0064028495874966194,9.716858863830566,393216
llama32_3b,q_input,20,identity,,16,absmax,0.008400966444641854,24.39478874206543,393216
llama32_3b,q_input,20,identity,,16,mse_optimal,0.007060110359943589,24.39478874206543,393216
llama32_3b,q_input,20,hadamard_b16,,16,absmax,0.009516130948435866,4.2500152587890625,393216
llama32_3b,q_input,20,hadamard_b16,,16,mse_optimal,0.006581999679876437,4.2500152587890625,393216
llama32_3b,q_input,20,nar_b128,128,16,absmax,0.009368562316488927,3.508235454559326,393216
llama32_3b,q_input,20,nar_b128,128,16,mse_optimal,0.006592160505251836,3.508235454559326,393216
llama32_3b,q_input,20,nar_b16,16,16,absmax,0.010163451202593763,9.485875129699707,393216
llama32_3b,q_input,20,nar_b16,16,16,mse_optimal,0.0064239121813711815,9.485875129699707,393216
llama32_3b,q_input,21,identity,,16,absmax,0.00839273285863852,24.354372024536133,393216
llama32_3b,q_input,21,identity,,16,mse_optimal,0.007073348049652851,24.354372024536133,393216
llama32_3b,q_input,21,hadamard_b16,,16,absmax,0.009535215460969757,4.2355756759643555,393216
llama32_3b,q_input,21,hadamard_b16,,16,mse_optimal,0.006587893618949584,4.2355756759643555,393216
llama32_3b,q_input,21,nar_b128,128,16,absmax,0.009405759606306173,3.581226348876953,393216
llama32_3b,q_input,21,nar_b128,128,16,mse_optimal,0.0065973984112701394,3.581226348876953,393216
llama32_3b,q_input,21,nar_b16,16,16,absmax,0.010225927654829242,10.35737133026123,393216
llama32_3b,q_input,21,nar_b16,16,16,mse_optimal,0.006380837697274537,10.35737133026123,393216
llama32_3b,q_input,22,identity,,16,absmax,0.008400108471713272,19.28900718688965,393216
llama32_3b,q_input,22,identity,,16,mse_optimal,0.006987262532207324,19.28900718688965,393216
llama32_3b,q_input,22,hadamard_b16,,16,absmax,0.00944829164893384,3.9421496391296387,393216
llama32_3b,q_input,22,hadamard_b16,,16,mse_optimal,0.006596128628859731,3.9421496391296387,393216
llama32_3b,q_input,22,nar_b128,128,16,absmax,0.009404132335657704,3.6524932384490967,393216
llama32_3b,q_input,22,nar_b128,128,16,mse_optimal,0.006595335355701914,3.6524932384490967,393216
llama32_3b,q_input,22,nar_b16,16,16,absmax,0.010208754194451629,10.817397117614746,393216
llama32_3b,q_input,22,nar_b16,16,16,mse_optimal,0.006380211392798078,10.817397117614746,393216
llama32_3b,q_input,23,identity,,16,absmax,0.008388164868525005,23.54525375366211,393216
llama32_3b,q_input,23,identity,,16,mse_optimal,0.007059979218207651,23.54525375366211,393216
llama32_3b,q_input,23,hadamard_b16,,16,absmax,0.00950887663818485,4.168960094451904,393216
llama32_3b,q_input,23,hadamard_b16,,16,mse_optimal,0.006587672510078028,4.168960094451904,393216
llama32_3b,q_input,23,nar_b128,128,16,absmax,0.009430552654416691,3.638340950012207,393216
llama32_3b,q_input,23,nar_b128,128,16,mse_optimal,0.0065926760525699445,3.638340950012207,393216
llama32_3b,q_input,23,nar_b16,16,16,absmax,0.01029700776162334,11.102840423583984,393216
llama32_3b,q_input,23,nar_b16,16,16,mse_optimal,0.006362803374824235,11.102840423583984,393216
llama32_3b,q_input,24,identity,,16,absmax,0.008349353398079181,19.75101661682129,393216
llama32_3b,q_input,24,identity,,16,mse_optimal,0.006993041684338346,19.75101661682129,393216
llama32_3b,q_input,24,hadamard_b16,,16,absmax,0.009435292413612696,3.9548287391662598,393216
llama32_3b,q_input,24,hadamard_b16,,16,mse_optimal,0.006580773443064111,3.9548287391662598,393216
llama32_3b,q_input,24,nar_b128,128,16,absmax,0.0094299864639441,3.6787893772125244,393216
llama32_3b,q_input,24,nar_b128,128,16,mse_optimal,0.00659585272166915,3.6787893772125244,393216
llama32_3b,q_input,24,nar_b16,16,16,absmax,0.010298100690994037,10.960865020751953,393216
llama32_3b,q_input,24,nar_b16,16,16,mse_optimal,0.006359556849499868,10.960865020751953,393216
llama32_3b,q_input,25,identity,,16,absmax,0.008448424263556848,11.697354316711426,393216
llama32_3b,q_input,25,identity,,16,mse_optimal,0.006810192387777231,11.697354316711426,393216
llama32_3b,q_input,25,hadamard_b16,,16,absmax,0.009270727912106634,3.5926547050476074,393216
llama32_3b,q_input,25,hadamard_b16,,16,mse_optimal,0.0065850899124953845,3.5926547050476074,393216
llama32_3b,q_input,25,nar_b128,128,16,absmax,0.009405545992328582,3.6978726387023926,393216
llama32_3b,q_input,25,nar_b128,128,16,mse_optimal,0.006601084809620338,3.6978726387023926,393216
llama32_3b,q_input,25,nar_b16,16,16,absmax,0.010193203490777857,11.055312156677246,393216
llama32_3b,q_input,25,nar_b16,16,16,mse_optimal,0.006406824095557049,11.055312156677246,393216
llama32_3b,q_input,26,identity,,16,absmax,0.008360653559158989,15.081560134887695,393216
llama32_3b,q_input,26,identity,,16,mse_optimal,0.006897014174344529,15.081560134887695,393216
llama32_3b,q_input,26,hadamard_b16,,16,absmax,0.009356206727663807,3.722951650619507,393216
llama32_3b,q_input,26,hadamard_b16,,16,mse_optimal,0.006580630970851845,3.722951650619507,393216
llama32_3b,q_input,26,nar_b128,128,16,absmax,0.009415693097330032,3.6428699493408203,393216
llama32_3b,q_input,26,nar_b128,128,16,mse_optimal,0.006595120309507411,3.6428699493408203,393216
llama32_3b,q_input,26,nar_b16,16,16,absmax,0.010264600610618903,10.80894660949707,393216
llama32_3b,q_input,26,nar_b16,16,16,mse_optimal,0.0063682858739238105,10.80894660949707,393216
llama32_3b,q_input,27,identity,,16,absmax,0.008470966486937286,8.08437728881836,393216
llama32_3b,q_input,27,identity,,16,mse_optimal,0.0067312390568150015,8.08437728881836,393216
llama32_3b,q_input,27,hadamard_b16,,16,absmax,0.009222865752617637,3.399660110473633,393216
llama32_3b,q_input,27,hadamard_b16,,16,mse_optimal,0.006585140940311265,3.399660110473633,393216
llama32_3b,q_input,27,nar_b128,128,16,absmax,0.00940944121724292,3.748145341873169,393216
llama32_3b,q_input,27,nar_b128,128,16,mse_optimal,0.0066000539995641925,3.748145341873169,393216
llama32_3b,q_input,27,nar_b16,16,16,absmax,0.010286762000801159,11.601544380187988,393216
llama32_3b,q_input,27,nar_b16,16,16,mse_optimal,0.006363256539056875,11.601544380187988,393216
llama32_3b,down_input,0,identity,,16,absmax,0.0013503929176222555,100082.8203125,1048576
llama32_3b,down_input,0,identity,,16,mse_optimal,0.0011410134470415832,100082.8203125,1048576
llama32_3b,down_input,0,hadamard_b16,,16,absmax,0.0017645537828431133,6255.32861328125,1048576
llama32_3b,down_input,0,hadamard_b16,,16,mse_optimal,0.0011016008216356917,6255.32861328125,1048576
llama32_3b,down_input,0,nar_b128,128,16,absmax,0.002198586460019337,705.2413940429688,1048576
llama32_3b,down_input,0,nar_b128,128,16,mse_optimal,0.0016428007969646922,705.2413940429688,1048576
llama32_3b,down_input,0,nar_b16,16,16,absmax,0.0014788939457487246,5653.3173828125,1048576
llama32_3b,down_input,0,nar_b16,16,16,mse_optimal,0.0008466550133732771,5653.3173828125,1048576
llama32_3b,down_input,1,identity,,16,absmax,0.0013042102480775076,129564.5234375,1048576
llama32_3b,down_input,1,identity,,16,mse_optimal,0.0007908185497042959,129564.5234375,1048576
llama32_3b,down_input,1,hadamard_b16,,16,absmax,0.001304564696283022,8097.90625,1048576
llama32_3b,down_input,1,hadamard_b16,,16,mse_optimal,0.0007907685040657626,8097.90625,1048576
llama32_3b,down_input,1,nar_b128,128,16,absmax,0.000378961965172911,1021.7498779296875,1048576
llama32_3b,down_input,1,nar_b128,128,16,mse_optimal,1.1386684670773335e-05,1021.7498779296875,1048576
llama32_3b,down_input,1,nar_b16,16,16,absmax,0.0015123968720236838,8187.98828125,1048576
llama32_3b,down_input,1,nar_b16,16,16,mse_optimal,0.0006359909947780811,8187.98828125,1048576
llama32_3b,down_input,2,identity,,16,absmax,0.008004071938597226,928.4883422851562,1048576
llama32_3b,down_input,2,identity,,16,mse_optimal,0.006793022199185876,928.4883422851562,1048576
llama32_3b,down_input,2,hadamard_b16,,16,absmax,0.011088910354660128,60.92717742919922,1048576
llama32_3b,down_input,2,hadamard_b16,,16,mse_optimal,0.006552175416059357,60.92717742919922,1048576
llama32_3b,down_input,2,nar_b128,128,16,absmax,0.01137682433889816,9.931177139282227,1048576
llama32_3b,down_input,2,nar_b128,128,16,mse_optimal,0.007308987671173917,9.931177139282227,1048576
llama32_3b,down_input,2,nar_b16,16,16,absmax,0.011089669759470238,58.22201156616211,1048576
llama32_3b,down_input,2,nar_b16,16,16,mse_optimal,0.006405961919962519,58.22201156616211,1048576
llama32_3b,down_input,3,identity,,16,absmax,0.008480124393282868,242.86709594726562,1048576
llama32_3b,down_input,3,identity,,16,mse_optimal,0.007229577740785201,242.86709594726562,1048576
llama32_3b,down_input,3,hadamard_b16,,16,absmax,0.010752432863710144,18.29460334777832,1048576
llama32_3b,down_input,3,hadamard_b16,,16,mse_optimal,0.006950301434184238,18.29460334777832,1048576
llama32_3b,down_input,3,nar_b128,128,16,absmax,0.010173267027643974,5.012442111968994,1048576
llama32_3b,down_input,3,nar_b128,128,16,mse_optimal,0.0071608272363978265,5.012442111968994,1048576
llama32_3b,down_input,3,nar_b16,16,16,absmax,0.010881942890173782,18.16223907470703,1048576
llama32_3b,down_input,3,nar_b16,16,16,mse_optimal,0.006827000469979274,18.16223907470703,1048576
llama32_3b,down_input,4,identity,,16,absmax,0.008347349630390783,295.6678771972656,1048576
llama32_3b,down_input,4,identity,,16,mse_optimal,0.007037664894985177,295.6678771972656,1048576
llama32_3b,down_input,4,hadamard_b16,,16,absmax,0.010375237823362134,21.540496826171875,1048576
llama32_3b,down_input,4,hadamard_b16,,16,mse_optimal,0.006723076431476085,21.540496826171875,1048576
llama32_3b,down_input,4,nar_b128,128,16,absmax,0.00989513151846198,5.080859184265137,1048576
llama32_3b,down_input,4,nar_b128,128,16,mse_optimal,0.006948982268003278,5.080859184265137,1048576
llama32_3b,down_input,4,nar_b16,16,16,absmax,0.010618112816983058,18.623977661132812,1048576
llama32_3b,down_input,4,nar_b16,16,16,mse_optimal,0.006676299830024019,18.623977661132812,1048576
llama32_3b,down_input,5,identity,,16,absmax,0.008276475207014092,228.71592712402344,1048576
llama32_3b,down_input,5,identity,,16,mse_optimal,0.007000086482870993,228.71592712402344,1048576
llama32_3b,down_input,5,hadamard_b16,,16,absmax,0.010268075509685354,17.475772857666016,1048576
llama32_3b,down_input,5,hadamard_b16,,16,mse_optimal,0.0066600479842948415,17.475772857666016,1048576
llama32_3b,down_input,5,nar_b128,128,16,absmax,0.00972288705926844,4.8089070320129395,1048576
llama32_3b,down_input,5,nar_b128,128,16,mse_optimal,0.00683993978443489,4.8089070320129395,1048576
llama32_3b,down_input,5,nar_b16,16,16,absmax,0.010523636816844446,16.57716178894043,1048576
llama32_3b,down_input,5,nar_b16,16,16,mse_optimal,0.006638685010576156,16.57716178894043,1048576
llama32_3b,down_input,6,identity,,16,absmax,0.008308870102509374,137.94932556152344,1048576
llama32_3b,down_input,6,identity,,16,mse_optimal,0.006973751093769396,137.94932556152344,1048576
llama32_3b,down_input,6,hadamard_b16,,16,absmax,0.010030923499896526,11.639023780822754,1048576
llama32_3b,down_input,6,hadamard_b16,,16,mse_optimal,0.006646017738147921,11.639023780822754,1048576
llama32_3b,down_input,6,nar_b128,128,16,absmax,0.009609366138714008,4.113926410675049,1048576
llama32_3b,down_input,6,nar_b128,128,16,mse_optimal,0.006783445851594591,4.113926410675049,1048576
llama32_3b,down_input,6,nar_b16,16,16,absmax,0.010356507256150688,11.792219161987305,1048576
llama32_3b,down_input,6,nar_b16,16,16,mse_optimal,0.006611041237127916,11.792219161987305,1048576
llama32_3b,down_input,7,identity,,16,absmax,0.008430426401236589,72.29036712646484,1048576
llama32_3b,down_input,7,identity,,16,mse_optimal,0.007032302425652439,72.29036712646484,1048576
llama32_3b,down_input,7,hadamard_b16,,16,absmax,0.0099221097316378,7.540401458740234,1048576
llama32_3b,down_input,7,hadamard_b16,,16,mse_optimal,0.006731048517487903,7.540401458740234,1048576
llama32_3b,down_input,7,nar_b128,128,16,absmax,0.009492778733907628,3.8014376163482666,1048576
llama32_3b,down_input,7,nar_b128,128,16,mse_optimal,0.006774188073633415,3.8014376163482666,1048576
llama32_3b,down_input,7,nar_b16,16,16,absmax,0.010190106135493723,8.752178192138672,1048576
llama32_3b,down_input,7,nar_b16,16,16,mse_optimal,0.006696348921544963,8.752178192138672,1048576
llama32_3b,down_input,8,identity,,16,absmax,0.008417010591860391,65.0563735961914,1048576
llama32_3b,down_input,8,identity,,16,mse_optimal,0.007024099680395177,65.0563735961914,1048576
llama32_3b,down_input,8,hadamard_b16,,16,absmax,0.009880959964944619,7.097949981689453,1048576
llama32_3b,down_input,8,hadamard_b16,,16,mse_optimal,0.006724858250738923,7.097949981689453,1048576
llama32_3b,down_input,8,nar_b128,128,16,absmax,0.009472495643914447,3.791083812713623,1048576
llama32_3b,down_input,8,nar_b128,128,16,mse_optimal,0.006758335257308653,3.791083812713623,1048576
llama32_3b,down_input,8,nar_b16,16,16,absmax,0.010158704473845705,8.617488861083984,1048576
llama32_3b,down_input,8,nar_b16,16,16,mse_optimal,0.006685490207380385,8.617488861083984,1048576
llama32_3b,down_input,9,identity,,16,absmax,0.008424656823926291,53.936302185058594,1048576
llama32_3b,down_input,9,identity,,16,mse_optimal,0.00701458404904779,53.936302185058594,1048576
llama32_3b,down_input,9,hadamard_b16,,16,absmax,0.009814162902295406,6.45141077041626,1048576
llama32_3b,down_input,9,hadamard_b16,,16,mse_optimal,0.006728152249852761,6.45141077041626,1048576
llama32_3b,down_input,9,nar_b128,128,16,absmax,0.00946302721935104,3.7380385398864746,1048576
llama32_3b,down_input,9,nar_b128,128,16,mse_optimal,0.0067506708054280605,3.7380385398864746,1048576
llama32_3b,down_input,9,nar_b16,16,16,absmax,0.010192276276434674,8.353499412536621,1048576
llama32_3b,down_input,9,nar_b16,16,16,mse_optimal,0.0066789932888054095,8.353499412536621,1048576
llama32_3b,down_input,10,identity,,16,absmax,0.008365756433535636,57.75501251220703,1048576
llama32_3b,down_input,10,identity,,16,mse_optimal,0.006982489261167085,57.75501251220703,1048576
llama32_3b,down_input,10,hadamard_b16,,16,absmax,0.009851477086551303,6.653995037078857,1048576
llama32_3b,down_input,10,hadamard_b16,,16,mse_optimal,0.006684405782186701,6.653995037078857,1048576
llama32_3b,down_input,10,nar_b128,128,16,absmax,0.009482500843451524,3.818067789077759,1048576
llama32_3b,down_input,10,nar_b128,128,16,mse_optimal,0.0067292638802655775,3.818067789077759,1048576
llama32_3b,down_input,10,nar_b16,16,16,absmax,0.010287057229431748,9.465370178222656,1048576
llama32_3b,down_input,10,nar_b16,16,16,mse_optimal,0.006623586755088262,9.465370178222656,1048576
llama32_3b,down_input,11,identity,,16,absmax,0.008298198877312904,71.0004653930664,1048576
llama32_3b,down_input,11,identity,,16,mse_optimal,0.0069148918899894956,71.0004653930664,1048576
llama32_3b,down_input,11,hadamard_b16,,16,absmax,0.009720538189913294,7.435373306274414,1048576
llama32_3b,down_input,11,hadamard_b16,,16,mse_optimal,0.006628945413000073,7.435373306274414,1048576
llama32_3b,down_input,11,nar_b128,128,16,absmax,0.009452104891224913,3.659914016723633,1048576
llama32_3b,down_input,11,nar_b128,128,16,mse_optimal,0.006703867986814921,3.659914016723633,1048576
llama32_3b,down_input,11,nar_b16,16,16,absmax,0.010211736277296992,8.360498428344727,1048576
llama32_3b,down_input,11,nar_b16,16,16,mse_optimal,0.006621461576852962,8.360498428344727,1048576
llama32_3b,down_input,12,identity,,16,absmax,0.00800574536748636,246.55039978027344,1048576
llama32_3b,down_input,12,identity,,16,mse_optimal,0.006709429757789324,246.55039978027344,1048576
llama32_3b,down_input,12,hadamard_b16,,16,absmax,0.009609080656447546,18.16221809387207,1048576
llama32_3b,down_input,12,hadamard_b16,,16,mse_optimal,0.006380842929722202,18.16221809387207,1048576
llama32_3b,down_input,12,nar_b128,128,16,absmax,0.009547903081954691,4.383652687072754,1048576
llama32_3b,down_input,12,nar_b128,128,16,mse_optimal,0.006583784893597655,4.383652687072754,1048576
llama32_3b,down_input,12,nar_b16,16,16,absmax,0.010495522735882385,16.69602394104004,1048576
llama32_3b,down_input,12,nar_b16,16,16,mse_optimal,0.006372401897162494,16.69602394104004,1048576
llama32_3b,down_input,13,identity,,16,absmax,0.007094626422788912,2338.566162109375,1048576
llama32_3b,down_input,13,identity,,16,mse_optimal,0.005992521337097692,2338.566162109375,1048576
llama32_3b,down_input,13,hadamard_b16,,16,absmax,0.008692689514682037,148.46607971191406,1048576
llama32_3b,down_input,13,hadamard_b16,,16,mse_optimal,0.005693633792808299,148.46607971191406,1048576
llama32_3b,down_input,13,nar_b128,128,16,absmax,0.009361470288317858,6.030418872833252,1048576
llama32_3b,down_input,13,nar_b128,128,16,mse_optimal,0.006448752543263782,6.030418872833252,1048576
llama32_3b,down_input,13,nar_b16,16,16,absmax,0.010158595457923936,30.449304580688477,1048576
llama32_3b,down_input,13,nar_b16,16,16,mse_optimal,0.006197812527140204,30.449304580688477,1048576
llama32_3b,down_input,14,identity,,16,absmax,0.008030273996493307,193.62376403808594,1048576
llama32_3b,down_input,14,identity,,16,mse_optimal,0.00681449474726786,193.62376403808594,1048576
llama32_3b,down_input,14,hadamard_b16,,16,absmax,0.01010117490143019,15.15852165222168,1048576
llama32_3b,down_input,14,hadamard_b16,,16,mse_optimal,0.006421445292310075,15.15852165222168,1048576
llama32_3b,down_input,14,nar_b128,128,16,absmax,0.009545405432830665,4.463214874267578,1048576
llama32_3b,down_input,14,nar_b128,128,16,mse_optimal,0.006618709452582923,4.463214874267578,1048576
llama32_3b,down_input,14,nar_b16,16,16,absmax,0.010475891090521858,14.739870071411133,1048576
llama32_3b,down_input,14,nar_b16,16,16,mse_optimal,0.006367904040603441,14.739870071411133,1048576
llama32_3b,down_input,15,identity,,16,absmax,0.007954087734258715,263.03265380859375,1048576
llama32_3b,down_input,15,identity,,16,mse_optimal,0.006773502706321646,263.03265380859375,1048576
llama32_3b,down_input,15,hadamard_b16,,16,absmax,0.010101082518849067,19.481698989868164,1048576
llama32_3b,down_input,15,hadamard_b16,,16,mse_optimal,0.006347326459984845,19.481698989868164,1048576
llama32_3b,down_input,15,nar_b128,128,16,absmax,0.00966569243817908,5.0529890060424805,1048576
llama32_3b,down_input,15,nar_b128,128,16,mse_optimal,0.006601279931375396,5.0529890060424805,1048576
llama32_3b,down_input,15,nar_b16,16,16,absmax,0.01057141065735347,20.136795043945312,1048576
llama32_3b,down_input,15,nar_b16,16,16,mse_optimal,0.006205788619536511,20.136795043945312,1048576
llama32_3b,down_input,16,identity,,16,absmax,0.007892235294489812,347.3973388671875,1048576
llama32_3b,down_input,16,identity,,16,mse_optimal,0.006735277268261402,347.3973388671875,1048576
llama32_3b,down_input,16,hadamard_b16,,16,absmax,0.010097434351217922,24.828004837036133,1048576
llama32_3b,down_input,16,hadamard_b16,,16,mse_optimal,0.006306329228326353,24.828004837036133,1048576
llama32_3b,down_input,16,nar_b128,128,16,absmax,0.009695513081844393,5.544500350952148,1048576
llama32_3b,down_input,16,nar_b128,128,16,mse_optimal,0.0065897443720421165,5.544500350952148,1048576
llama32_3b,down_input,16,nar_b16,16,16,absmax,0.010587850209689519,23.614280700683594,1048576
llama32_3b,down_input,16,nar_b16,16,16,mse_optimal,0.006217906002430019,23.614280700683594,1048576
llama32_3b,down_input,17,identity,,16,absmax,0.00787200888303252,345.2812194824219,1048576
llama32_3b,down_input,17,identity,,16,mse_optimal,0.006727257429417136,345.2812194824219,1048576
llama32_3b,down_input,17,hadamard_b16,,16,absmax,0.01018584037784376,24.66840171813965,1048576
llama32_3b,down_input,17,hadamard_b16,,16,mse_optimal,0.0062799926937878205,24.66840171813965,1048576
llama32_3b,down_input,17,nar_b128,128,16,absmax,0.009666633193006749,5.369447231292725,1048576
llama32_3b,down_input,17,nar_b128,128,16,mse_optimal,0.006596542903881075,5.369447231292725,1048576
llama32_3b,down_input,17,nar_b16,16,16,absmax,0.01057910805325048,21.715991973876953,1048576
llama32_3b,down_input,17,nar_b16,16,16,mse_optimal,0.0062529828143957295,21.715991973876953,1048576
llama32_3b,down_input,18,identity,,16,absmax,0.00783088363257614,410.0631408691406,1048576
llama32_3b,down_input,18,identity,,16,mse_optimal,0.006680126064923618,410.0631408691406,1048576
llama32_3b,down_input,18,hadamard_b16,,16,absmax,0.010140980646533434,28.816003799438477,1048576
llama32_3b,down_input,18,hadamard_b16,,16,mse_optimal,0.00626013453297854,28.816003799438477,1048576
llama32_3b,down_input,18,nar_b128,128,16,absmax,0.009728692825960917,6.1521196365356445,1048576
llama32_3b,down_input,18,nar_b128,128,16,mse_optimal,0.006575382200787403,6.1521196365356445,1048576
llama32_3b,down_input,18,nar_b16,16,16,absmax,0.01055070315901726,27.619714736938477,1048576
llama32_3b,down_input,18,nar_b16,16,16,mse_optimal,0.00614060966559548,27.619714736938477,1048576
llama32_3b,down_input,19,identity,,16,absmax,0.007682794493523222,545.7488403320312,1048576
llama32_3b,down_input,19,identity,,16,mse_optimal,0.0066231692663084145,545.7488403320312,1048576
llama32_3b,down_input,19,hadamard_b16,,16,absmax,0.010294245874352745,37.142127990722656,1048576
llama32_3b,down_input,19,hadamard_b16,,16,mse_optimal,0.006136677126669208,37.142127990722656,1048576
llama32_3b,down_input,19,nar_b128,128,16,absmax,0.00986609586668621,6.8262152671813965,1048576
llama32_3b,down_input,19,nar_b128,128,16,mse_optimal,0.006553016677443338,6.8262152671813965,1048576
llama32_3b,down_input,19,nar_b16,16,16,absmax,0.01066865114795812,33.68914031982422,1048576
llama32_3b,down_input,19,nar_b16,16,16,mse_optimal,0.0059975885511386415,33.68914031982422,1048576
llama32_3b,down_input,20,identity,,16,absmax,0.007690943468393821,544.3067016601562,1048576
llama32_3b,down_input,20,identity,,16,mse_optimal,0.006634475584883334,544.3067016601562,1048576
llama32_3b,down_input,20,hadamard_b16,,16,absmax,0.01019816063339478,37.34396743774414,1048576
llama32_3b,down_input,20,hadamard_b16,,16,mse_optimal,0.006188643712453771,37.34396743774414,1048576
llama32_3b,down_input,20,nar_b128,128,16,absmax,0.009787136985382158,6.929774284362793,1048576
llama32_3b,down_input,20,nar_b128,128,16,mse_optimal,0.0065752848133382525,6.929774284362793,1048576
llama32_3b,down_input,20,nar_b16,16,16,absmax,0.010681157829503189,33.49979019165039,1048576
llama32_3b,down_input,20,nar_b16,16,16,mse_optimal,0.006092992199764243,33.49979019165039,1048576
llama32_3b,down_input,21,identity,,16,absmax,0.00757734548617885,528.7638549804688,1048576
llama32_3b,down_input,21,identity,,16,mse_optimal,0.006563782659780873,528.7638549804688,1048576
llama32_3b,down_input,21,hadamard_b16,,16,absmax,0.01036083440793236,36.10874557495117,1048576
llama32_3b,down_input,21,hadamard_b16,,16,mse_optimal,0.006128904718223108,36.10874557495117,1048576
llama32_3b,down_input,21,nar_b128,128,16,absmax,0.009838659645746447,6.537500381469727,1048576
llama32_3b,down_input,21,nar_b128,128,16,mse_optimal,0.006572301027571482,6.537500381469727,1048576
llama32_3b,down_input,21,nar_b16,16,16,absmax,0.01070594306339047,30.473844528198242,1048576
llama32_3b,down_input,21,nar_b16,16,16,mse_optimal,0.006048587500177784,30.473844528198242,1048576
llama32_3b,down_input,22,identity,,16,absmax,0.007471169773827647,629.6599731445312,1048576
llama32_3b,down_input,22,identity,,16,mse_optimal,0.00645121834343427,629.6599731445312,1048576
llama32_3b,down_input,22,hadamard_b16,,16,absmax,0.010126845518604053,42.457489013671875,1048576
llama32_3b,down_input,22,hadamard_b16,,16,mse_optimal,0.006071658444154448,42.457489013671875,1048576
llama32_3b,down_input,22,nar_b128,128,16,absmax,0.009872099532764925,7.2797088623046875,1048576
llama32_3b,down_input,22,nar_b128,128,16,mse_optimal,0.006529534011059835,7.2797088623046875,1048576
llama32_3b,down_input,22,nar_b16,16,16,absmax,0.01054715014242711,36.4943733215332,1048576
llama32_3b,down_input,22,nar_b16,16,16,mse_optimal,0.005973953871287059,36.4943733215332,1048576
llama32_3b,down_input,23,identity,,16,absmax,0.007473290824476103,578.8392944335938,1048576
llama32_3b,down_input,23,identity,,16,mse_optimal,0.006457537220321454,578.8392944335938,1048576
llama32_3b,down_input,23,hadamard_b16,,16,absmax,0.010148001324662492,39.28947448730469,1048576
llama32_3b,down_input,23,hadamard_b16,,16,mse_optimal,0.006089570574350488,39.28947448730469,1048576
llama32_3b,down_input,23,nar_b128,128,16,absmax,0.010018961870595528,7.432520866394043,1048576
llama32_3b,down_input,23,nar_b128,128,16,mse_optimal,0.0064882883846526145,7.432520866394043,1048576
llama32_3b,down_input,23,nar_b16,16,16,absmax,0.010409452955641076,39.15217590332031,1048576
llama32_3b,down_input,23,nar_b16,16,16,mse_optimal,0.0058303645706250865,39.15217590332031,1048576
llama32_3b,down_input,24,identity,,16,absmax,0.007603012696376955,437.60723876953125,1048576
llama32_3b,down_input,24,identity,,16,mse_optimal,0.006594538260765844,437.60723876953125,1048576
llama32_3b,down_input,24,hadamard_b16,,16,absmax,0.010196688381557665,30.51614761352539,1048576
llama32_3b,down_input,24,hadamard_b16,,16,mse_optimal,0.006172453618471459,30.51614761352539,1048576
llama32_3b,down_input,24,nar_b128,128,16,absmax,0.010190096978598708,7.2077250480651855,1048576
llama32_3b,down_input,24,nar_b128,128,16,mse_optimal,0.006460144400756578,7.2077250480651855,1048576
llama32_3b,down_input,24,nar_b16,16,16,absmax,0.010208591972816565,39.94493103027344,1048576
llama32_3b,down_input,24,nar_b16,16,16,mse_optimal,0.005527779854701079,39.94493103027344,1048576
llama32_3b,down_input,25,identity,,16,absmax,0.00740354559428826,348.0137023925781,1048576
llama32_3b,down_input,25,identity,,16,mse_optimal,0.0064480633118018235,348.0137023925781,1048576
llama32_3b,down_input,25,hadamard_b16,,16,absmax,0.010338693101168714,24.711822509765625,1048576
llama32_3b,down_input,25,hadamard_b16,,16,mse_optimal,0.006168421608216689,24.711822509765625,1048576
llama32_3b,down_input,25,nar_b128,128,16,absmax,0.010563845450822135,9.725772857666016,1048576
llama32_3b,down_input,25,nar_b128,128,16,mse_optimal,0.006110050745627617,9.725772857666016,1048576
llama32_3b,down_input,25,nar_b16,16,16,absmax,0.00934462984835272,63.86433410644531,1048576
llama32_3b,down_input,25,nar_b16,16,16,mse_optimal,0.00492911356413783,63.86433410644531,1048576
llama32_3b,down_input,26,identity,,16,absmax,0.006281982520535929,4332.2119140625,1048576
llama32_3b,down_input,26,identity,,16,mse_optimal,0.005464616686766461,4332.2119140625,1048576
llama32_3b,down_input,26,hadamard_b16,,16,absmax,0.00839693206873185,272.9625549316406,1048576
llama32_3b,down_input,26,hadamard_b16,,16,mse_optimal,0.005186691202905592,272.9625549316406,1048576
llama32_3b,down_input,26,nar_b128,128,16,absmax,0.011138480362346295,14.379509925842285,1048576
llama32_3b,down_input,26,nar_b128,128,16,mse_optimal,0.005949766940399704,14.379509925842285,1048576
llama32_3b,down_input,26,nar_b16,16,16,absmax,0.008828911075283406,101.75359344482422,1048576
llama32_3b,down_input,26,nar_b16,16,16,mse_optimal,0.004484963441495534,101.75359344482422,1048576
llama32_3b,down_input,27,identity,,16,absmax,0.0023755921829731277,17707.142578125,1048576
llama32_3b,down_input,27,identity,,16,mse_optimal,0.0021305857636757324,17707.142578125,1048576
llama32_3b,down_input,27,hadamard_b16,,16,absmax,0.0039649133817831065,1107.7374267578125,1048576
llama32_3b,down_input,27,hadamard_b16,,16,mse_optimal,0.002174611339237724,1107.7374267578125,1048576
llama32_3b,down_input,27,nar_b128,128,16,absmax,0.00310060174098727,541.7308959960938,1048576
llama32_3b,down_input,27,nar_b128,128,16,mse_optimal,0.0015460685819456207,541.7308959960938,1048576
llama32_3b,down_input,27,nar_b16,16,16,absmax,0.004510543620153439,4324.56689453125,1048576
llama32_3b,down_input,27,nar_b16,16,16,mse_optimal,0.0013331837413218149,4324.56689453125,1048576
