model,site,layer,method,fp4_nmse,transformed_pearson_kurtosis,mean_relative_e4m3_scale_rounding_error,squared_error,signal_energy,sample_vectors
llama32_3b,q_input,0,bf16,0.0,87.83013916015625,0.0,0.0,101671.19481377886,2048
llama32_3b,q_input,0,identity,0.00785830342615818,87.83013916015625,0.025996845215559006,798.9630985467143,101671.19481377886,2048
llama32_3b,q_input,0,hadamard,0.010110224945940506,8.094157218933105,0.028375737369060516,1027.918650089844,101671.19481377886,2048
llama32_3b,q_input,0,nar,0.009645160005629597,4.741600513458252,0.030277185142040253,980.6349419424353,101671.19481377886,2048
llama32_3b,q_input,0,logdiag,0.029793458635802083,145.70901489257812,0.024502813816070557,3029.1365371368956,101671.19481377886,2048
llama32_3b,q_input,1,bf16,0.0,33.795719146728516,0.0,0.0,300462.2085430538,2048
llama32_3b,q_input,1,identity,0.008446700818129264,33.795719146728516,0.028490394353866577,2537.914382717538,300462.2085430538,2048
llama32_3b,q_input,1,hadamard,0.010327828595893306,5.251408576965332,0.030728157609701157,3103.1221893762095,300462.2085430538,2048
llama32_3b,q_input,1,nar,0.010287268989738967,4.608195781707764,0.02803640067577362,3090.93556053344,300462.2085430538,2048
llama32_3b,q_input,1,logdiag,0.028935256500159042,102.12421417236328,0.02715505287051201,8693.95107279754,300462.2085430538,2048
llama32_3b,q_input,2,bf16,0.0,23.479324340820312,0.0,0.0,998908.0799430504,2048
llama32_3b,q_input,2,identity,0.008340337835293915,23.479324340820312,0.02663249336183071,8331.230853129822,998908.0799430504,2048
llama32_3b,q_input,2,hadamard,0.009759787675349647,4.510955333709717,0.028458669781684875,9749.130767435363,998908.0799430504,2048
llama32_3b,q_input,2,nar,0.009486761019846423,3.637336015701294,0.02761850133538246,9476.402235213363,998908.0799430504,2048
llama32_3b,q_input,2,logdiag,0.03333751883208669,56.887939453125,0.02500479482114315,33301.11692662499,998908.0799430504,2048
llama32_3b,q_input,3,bf16,0.0,11.072675704956055,0.0,0.0,719109.4103914273,2048
llama32_3b,q_input,3,identity,0.008365980880674195,11.072675704956055,0.026942886412143707,6016.055578447575,719109.4103914273,2048
llama32_3b,q_input,3,hadamard,0.009285700413820638,3.678224563598633,0.02840711548924446,6677.434549653992,719109.4103914273,2048
llama32_3b,q_input,3,nar,0.00949903727658483,3.7391061782836914,0.026565250009298325,6830.847095251107,719109.4103914273,2048
llama32_3b,q_input,3,logdiag,0.04178055319717264,27.02754783630371,0.0252519603818655,30044.788975446478,719109.4103914273,2048
llama32_3b,q_input,4,bf16,0.0,16.934505462646484,0.0,0.0,688129.8899669581,2048
llama32_3b,q_input,4,identity,0.008271461612493008,16.934505462646484,0.026239652186632156,5691.839969270732,688129.8899669581,2048
llama32_3b,q_input,4,hadamard,0.009455421658771683,4.009198188781738,0.02795345149934292,6506.55826564175,688129.8899669581,2048
llama32_3b,q_input,4,nar,0.00954877675192745,3.862950086593628,0.026500623673200607,6570.798695622883,688129.8899669581,2048
llama32_3b,q_input,4,logdiag,0.03860293033820558,54.36088943481445,0.02558770775794983,26563.830206031555,688129.8899669581,2048
llama32_3b,q_input,5,bf16,0.0,16.698545455932617,0.0,0.0,942587.3256711958,2048
llama32_3b,q_input,5,identity,0.008270354641981793,16.698545455932617,0.0256142970174551,7795.531464337979,942587.3256711958,2048
llama32_3b,q_input,5,hadamard,0.009487555962346537,4.025302886962891,0.027674134820699692,8942.850001704031,942587.3256711958,2048
llama32_3b,q_input,5,nar,0.009388860128385862,3.539078712463379,0.0262870155274868,8849.820559516149,942587.3256711958,2048
llama32_3b,q_input,5,logdiag,0.039033166437430655,46.178707122802734,0.024684783071279526,36792.167964736436,942587.3256711958,2048
llama32_3b,q_input,6,bf16,0.0,17.84536361694336,0.0,0.0,840695.8613030054,2048
llama32_3b,q_input,6,identity,0.008338438869929958,17.84536361694336,0.026128297671675682,7010.091047678225,840695.8613030054,2048
llama32_3b,q_input,6,hadamard,0.00942856574848903,4.0160040855407715,0.027129262685775757,7926.556202778,840695.8613030054,2048
llama32_3b,q_input,6,nar,0.009448093259321675,3.7198333740234375,0.02494874596595764,7942.972900316555,840695.8613030054,2048
llama32_3b,q_input,6,logdiag,0.0380130724575181,69.6478042602539,0.024729406461119652,31957.43269044673,840695.8613030054,2048
llama32_3b,q_input,7,bf16,0.0,17.294864654541016,0.0,0.0,784862.694014094,2048
llama32_3b,q_input,7,identity,0.008418593765560114,17.294864654541016,0.025921504944562912,6607.440182647766,784862.694014094,2048
llama32_3b,q_input,7,hadamard,0.00932523951085248,3.9649388790130615,0.027280500158667564,7319.032604814349,784862.694014094,2048
llama32_3b,q_input,7,nar,0.009418128048533389,3.6844303607940674,0.02462238445878029,7391.937352741616,784862.694014094,2048
llama32_3b,q_input,7,logdiag,0.041543970096597084,46.87986755371094,0.024504467844963074,32606.312290056143,784862.694014094,2048
llama32_3b,q_input,8,bf16,0.0,25.2867374420166,0.0,0.0,984867.1348446473,2048
llama32_3b,q_input,8,identity,0.008390794499632688,25.2867374420166,0.025473034009337425,8263.81773792347,984867.1348446473,2048
llama32_3b,q_input,8,hadamard,0.00948479898032304,4.389559268951416,0.026401769369840622,9341.266796328184,984867.1348446473,2048
llama32_3b,q_input,8,nar,0.009457444715108206,3.6688084602355957,0.02420864813029766,9314.326479520269,984867.1348446473,2048
llama32_3b,q_input,8,logdiag,0.03556652793468999,55.993003845214844,0.02441338263452053,35028.30446341024,984867.1348446473,2048
llama32_3b,q_input,9,bf16,0.0,27.808300018310547,0.0,0.0,984413.4554865472,2048
llama32_3b,q_input,9,identity,0.008463971611192741,27.808300018310547,0.02535051479935646,8332.047540914285,984413.4554865472,2048
llama32_3b,q_input,9,hadamard,0.009457557695283598,4.544521331787109,0.026361390948295593,9310.147051277512,984413.4554865472,2048
llama32_3b,q_input,9,nar,0.009427893539534857,3.681544542312622,0.0244426429271698,9280.945257212805,984413.4554865472,2048
llama32_3b,q_input,9,logdiag,0.04055774052644101,68.44921112060547,0.02404363825917244,39925.585498360575,984413.4554865472,2048
llama32_3b,q_input,10,bf16,0.0,30.283613204956055,0.0,0.0,1054442.5101798805,2048
llama32_3b,q_input,10,identity,0.008449268929569115,30.283613204956055,0.025133714079856873,8909.26833927973,1054442.5101798805,2048
llama32_3b,q_input,10,hadamard,0.009510498512267391,4.701972961425781,0.025968488305807114,10028.273924337247,1054442.5101798805,2048
llama32_3b,q_input,10,nar,0.009449513461884716,3.613408327102661,0.02402467653155327,9963.968694728293,1054442.5101798805,2048
llama32_3b,q_input,10,logdiag,0.03575360732945851,90.31853485107422,0.023647867143154144,37700.12346046,1054442.5101798805,2048
llama32_3b,q_input,11,bf16,0.0,21.409198760986328,0.0,0.0,863689.7592494847,2048
llama32_3b,q_input,11,identity,0.008465579344623667,21.409198760986328,0.02609541267156601,7311.634186065427,863689.7592494847,2048
llama32_3b,q_input,11,hadamard,0.009370628655213977,4.240840435028076,0.026524212211370468,8093.316007238083,863689.7592494847,2048
llama32_3b,q_input,11,nar,0.00942970087985163,3.6707475185394287,0.02427639625966549,8144.3360827137085,863689.7592494847,2048
llama32_3b,q_input,11,logdiag,0.03920694229241817,65.6676254272461,0.024351701140403748,33862.63454944709,863689.7592494847,2048
llama32_3b,q_input,12,bf16,0.0,42.35133361816406,0.0,0.0,1238613.2444523354,2048
llama32_3b,q_input,12,identity,0.008492387980258375,42.35133361816406,0.025254368782043457,10518.784229375842,1238613.2444523354,2048
llama32_3b,q_input,12,hadamard,0.009667314455806,5.397119522094727,0.02616182528436184,11974.063723246833,1238613.2444523354,2048
llama32_3b,q_input,12,nar,0.009416772375630177,3.42842698097229,0.024482041597366333,11663.738984448419,1238613.2444523354,2048
llama32_3b,q_input,12,logdiag,0.038073074865940894,98.66271209716797,0.02390196919441223,47157.81478597971,1238613.2444523354,2048
llama32_3b,q_input,13,bf16,0.0,36.43212127685547,0.0,0.0,1277834.5234496552,2048
llama32_3b,q_input,13,identity,0.008415622633807704,36.43212127685547,0.024971075356006622,10753.773137803797,1277834.5234496552,2048
llama32_3b,q_input,13,hadamard,0.009629533412317287,4.9608025550842285,0.02575850486755371,12304.950238970992,1277834.5234496552,2048
llama32_3b,q_input,13,nar,0.009440617862751534,3.468837022781372,0.024576708674430847,12063.547427719408,1277834.5234496552,2048
llama32_3b,q_input,13,logdiag,0.03791332497267106,132.25083923339844,0.024115171283483505,48446.955548845035,1277834.5234496552,2048
llama32_3b,q_input,14,bf16,0.0,31.68854331970215,0.0,0.0,1176636.7045231569,2048
llama32_3b,q_input,14,identity,0.00845466567227065,31.68854331970215,0.026097729802131653,9948.0699544656,1176636.7045231569,2048
llama32_3b,q_input,14,hadamard,0.00953588644659738,4.701410293579102,0.0278333630412817,11220.274003231378,1176636.7045231569,2048
llama32_3b,q_input,14,nar,0.009385482836881998,3.431215524673462,0.02522449567914009,11043.303595547484,1176636.7045231569,2048
llama32_3b,q_input,14,logdiag,0.03702227612417632,77.67503356933594,0.024840127676725388,43561.76897269718,1176636.7045231569,2048
llama32_3b,q_input,15,bf16,0.0,36.053443908691406,0.0,0.0,1281914.592157572,2048
llama32_3b,q_input,15,identity,0.008431622058470116,36.053443908691406,0.025998016819357872,10808.619352310507,1281914.592157572,2048
llama32_3b,q_input,15,hadamard,0.009637245891335399,4.912848949432373,0.027207404375076294,12354.126136313454,1281914.592157572,2048
llama32_3b,q_input,15,nar,0.009386127791247435,3.436333417892456,0.024730384349822998,12032.214179455808,1281914.592157572,2048
llama32_3b,q_input,15,logdiag,0.03532698311288043,92.7145004272461,0.024398069828748703,45286.175149305556,1281914.592157572,2048
llama32_3b,q_input,16,bf16,0.0,28.51789093017578,0.0,0.0,1308348.15246594,2048
llama32_3b,q_input,16,identity,0.00840496944791921,28.51789093017578,0.02599409595131874,10996.62624871777,1308348.15246594,2048
llama32_3b,q_input,16,hadamard,0.009558859057497867,4.486954212188721,0.02658849023282528,12506.31558755965,1308348.15246594,2048
llama32_3b,q_input,16,nar,0.009370167859553072,3.480736494064331,0.024495843797922134,12259.441807341991,1308348.15246594,2048
llama32_3b,q_input,16,logdiag,0.037158814328126004,96.4161376953125,0.024001380428671837,48616.66607402856,1308348.15246594,2048
llama32_3b,q_input,17,bf16,0.0,22.971548080444336,0.0,0.0,1298702.5702316207,2048
llama32_3b,q_input,17,identity,0.008393059241465401,22.971548080444336,0.026165064424276352,10900.087608997374,1298702.5702316207,2048
llama32_3b,q_input,17,hadamard,0.009480133020385357,4.184434413909912,0.026982557028532028,12311.873119712121,1298702.5702316207,2048
llama32_3b,q_input,17,nar,0.0093505344957536,3.4769368171691895,0.025165867060422897,12143.563182674632,1298702.5702316207,2048
llama32_3b,q_input,17,logdiag,0.03880307140719739,76.18266296386719,0.024087494239211082,50393.64856940836,1298702.5702316207,2048
llama32_3b,q_input,18,bf16,0.0,30.198400497436523,0.0,0.0,1477125.7985292082,2048
llama32_3b,q_input,18,identity,0.008376034161074042,30.198400497436523,0.02555970475077629,12372.45614868442,1477125.7985292082,2048
llama32_3b,q_input,18,hadamard,0.009616470818175437,4.55363655090332,0.02663402259349823,14204.737136330219,1477125.7985292082,2048
llama32_3b,q_input,18,nar,0.009388303474415514,3.516158103942871,0.02480381727218628,13867.705266480554,1477125.7985292082,2048
llama32_3b,q_input,18,logdiag,0.03812548102077025,97.38764953613281,0.024151325225830078,56316.13159711542,1477125.7985292082,2048
llama32_3b,q_input,19,bf16,0.0,23.284793853759766,0.0,0.0,1356372.1964885783,2048
llama32_3b,q_input,19,identity,0.008380738087784726,23.284793853759766,0.025467878207564354,11367.400128324058,1356372.1964885783,2048
llama32_3b,q_input,19,hadamard,0.009510609127575008,4.17354679107666,0.026746360585093498,12899.925792313235,1356372.1964885783,2048
llama32_3b,q_input,19,nar,0.00936600891613716,3.5330076217651367,0.02501472644507885,12703.794085912568,1356372.1964885783,2048
llama32_3b,q_input,19,logdiag,0.03933341777943729,67.85704803466797,0.024465616792440414,53350.75426889826,1356372.1964885783,2048
llama32_3b,q_input,20,bf16,0.0,24.39478874206543,0.0,0.0,1419813.7807154031,2048
llama32_3b,q_input,20,identity,0.008400966382359093,24.39478874206543,0.025615405291318893,11927.807841000267,1419813.7807154031,2048
llama32_3b,q_input,20,hadamard,0.009516130934358994,4.2500152587890625,0.02583993971347809,13511.133839695045,1419813.7807154031,2048
llama32_3b,q_input,20,nar,0.009368562209335567,3.508235454559326,0.024973902851343155,13301.61373030418,1419813.7807154031,2048
llama32_3b,q_input,20,logdiag,0.04068636121099593,79.7176284790039,0.024028494954109192,57767.05633453666,1419813.7807154031,2048
llama32_3b,q_input,21,bf16,0.0,24.354372024536133,0.0,0.0,1476767.6222542175,2048
llama32_3b,q_input,21,identity,0.008392732796464327,24.354372024536133,0.02555677853524685,12394.116056049612,1476767.6222542175,2048
llama32_3b,q_input,21,hadamard,0.009535215450920911,4.2355756759643555,0.026310240849852562,14081.29744913815,1476767.6222542175,2048
llama32_3b,q_input,21,nar,0.009405759355097845,3.581226348876953,0.024751458317041397,13890.120878323205,1476767.6222542175,2048
llama32_3b,q_input,21,logdiag,0.03957776184730918,76.96862030029297,0.024105224758386612,58447.15725739446,1476767.6222542175,2048
llama32_3b,q_input,22,bf16,0.0,19.28900718688965,0.0,0.0,1423187.3072896134,2048
llama32_3b,q_input,22,identity,0.008400108407887267,19.28900718688965,0.025477219372987747,11954.92766596192,1423187.3072896134,2048
llama32_3b,q_input,22,hadamard,0.00944829162998792,3.9421496391296387,0.026515644043684006,13446.688723369502,1423187.3072896134,2048
llama32_3b,q_input,22,nar,0.009404131789280911,3.6524932384490967,0.024643369019031525,13383.840998583353,1423187.3072896134,2048
llama32_3b,q_input,22,logdiag,0.039969471499228935,48.90121841430664,0.024125177413225174,56884.04451677657,1423187.3072896134,2048
llama32_3b,q_input,23,bf16,0.0,23.54525375366211,0.0,0.0,1416340.8932354655,2048
llama32_3b,q_input,23,identity,0.008388164804872828,23.54525375366211,0.0250010397285223,11880.500832339876,1416340.8932354655,2048
llama32_3b,q_input,23,hadamard,0.009508876624404743,4.168960094451904,0.025372587144374847,13467.81081187525,1416340.8932354655,2048
llama32_3b,q_input,23,nar,0.009430552057730166,3.638340950012207,0.024572543799877167,13356.8765251491,1416340.8932354655,2048
llama32_3b,q_input,23,logdiag,0.0388484509017677,91.1353530883789,0.02377587929368019,55022.649651023785,1416340.8932354655,2048
llama32_3b,q_input,24,bf16,0.0,19.75101661682129,0.0,0.0,1607707.2837010357,2048
llama32_3b,q_input,24,identity,0.00834935333272093,19.75101661682129,0.0249182116240263,13423.316167208954,1607707.2837010357,2048
llama32_3b,q_input,24,hadamard,0.009435292397804149,3.9548287391662598,0.025460509583353996,15169.188311798738,1607707.2837010357,2048
llama32_3b,q_input,24,nar,0.009429986491638781,3.6787893772125244,0.024378180503845215,15160.657967810042,1607707.2837010357,2048
llama32_3b,q_input,24,logdiag,0.038965728889373864,57.13404083251953,0.023676928132772446,62645.48615016622,1607707.2837010357,2048
llama32_3b,q_input,25,bf16,0.0,11.697354316711426,0.0,0.0,1497448.51544841,2048
llama32_3b,q_input,25,identity,0.00844842419564927,11.697354316711426,0.024931525811553,12651.080269653428,1497448.51544841,2048
llama32_3b,q_input,25,hadamard,0.009270727876531009,3.5926547050476074,0.0252422746270895,13882.43769583755,1497448.51544841,2048
llama32_3b,q_input,25,nar,0.009405545981595506,3.6978726387023926,0.024504905566573143,14084.320867121949,1497448.51544841,2048
llama32_3b,q_input,25,logdiag,0.038819212899793995,26.27684783935547,0.023331036791205406,58129.77272767229,1497448.51544841,2048
llama32_3b,q_input,26,bf16,0.0,15.081560134887695,0.0,0.0,1451424.395851641,2048
llama32_3b,q_input,26,identity,0.008360653494054845,15.081560134887695,0.02365870401263237,12134.856446533464,1451424.395851641,2048
llama32_3b,q_input,26,hadamard,0.009356206702174035,3.722951650619507,0.024023082107305527,13579.826660166022,1451424.395851641,2048
llama32_3b,q_input,26,nar,0.009415692972068491,3.6428699493408203,0.02336055040359497,13666.166483509052,1451424.395851641,2048
llama32_3b,q_input,26,logdiag,0.04239193254570625,42.12702178955078,0.02272707223892212,61528.68508413521,1451424.395851641,2048
llama32_3b,q_input,27,bf16,0.0,8.08437728881836,0.0,0.0,1153197.0922718903,2048
llama32_3b,q_input,27,identity,0.008470966420110205,8.08437728881836,0.02275776118040085,9768.693844403911,1153197.0922718903,2048
llama32_3b,q_input,27,hadamard,0.009222865712170904,3.399660110473633,0.0228683240711689,10635.781921689602,1153197.0922718903,2048
llama32_3b,q_input,27,nar,0.009409440585968156,3.748145341873169,0.02282896265387535,10850.939523643588,1153197.0922718903,2048
llama32_3b,q_input,27,logdiag,0.03923360985535778,23.461484909057617,0.02265608124434948,45244.08480452837,1153197.0922718903,2048
llama32_3b,down_input,0,bf16,0.0,100082.8203125,0.0,0.0,27696.903017764274,2048
llama32_3b,down_input,0,identity,0.001350392914253632,100082.8203125,0.7386436462402344,37.40170158195891,27696.903017764274,2048
llama32_3b,down_input,0,hadamard,0.0017645537436591485,6255.32861328125,1.0954186916351318,48.872673907760316,27696.903017764274,2048
llama32_3b,down_input,0,nar,0.00219858470210965,705.2413940429688,0.5131534934043884,60.89398727067113,27696.903017764274,2048
llama32_3b,down_input,0,logdiag,0.002855422692229605,59090.6171875,0.5181984901428223,79.08636538140674,27696.903017764274,2048
llama32_3b,down_input,1,bf16,0.0,129564.5234375,0.0,0.0,31928893.329157088,2048
llama32_3b,down_input,1,identity,0.0013042101735993503,129564.5234375,0.16325372457504272,41641.9875116551,31928893.329157088,2048
llama32_3b,down_input,1,hadamard,0.0013045646266789867,8097.90625,0.22692887485027313,41653.304806225,31928893.329157088,2048
llama32_3b,down_input,1,nar,0.00037896193754804384,1021.7498779296875,3.9466049671173096,12099.83527978218,31928893.329157088,2048
llama32_3b,down_input,1,logdiag,0.00022818143513985735,131033.4609375,0.10625891387462616,7285.580702274482,31928893.329157088,2048
llama32_3b,down_input,2,bf16,0.0,928.4883422851562,0.0,0.0,8868.6311725282,2048
llama32_3b,down_input,2,identity,0.008004071939050126,928.4883422851562,0.09076033532619476,70.98516190581817,8868.6311725282,2048
llama32_3b,down_input,2,hadamard,0.011088910419988303,60.92717742919922,0.12100650370121002,98.34345662008104,8868.6311725282,2048
llama32_3b,down_input,2,nar,0.011376824061666133,9.931177139282227,0.09023550897836685,100.89685651766115,8868.6311725282,2048
llama32_3b,down_input,2,logdiag,0.02561080045773999,2831.06103515625,0.061442334204912186,227.13274329291238,8868.6311725282,2048
llama32_3b,down_input,3,bf16,0.0,242.86709594726562,0.0,0.0,14611.104159128343,2048
llama32_3b,down_input,3,identity,0.008480124377686884,242.86709594726562,0.06049073487520218,123.90398056474648,14611.104159128343,2048
llama32_3b,down_input,3,hadamard,0.01075243292845587,18.29460334777832,0.07461251318454742,157.10491748171012,14611.104159128343,2048
llama32_3b,down_input,3,nar,0.010173266753693084,5.012442111968994,0.06427628546953201,148.6426601768071,14611.104159128343,2048
llama32_3b,down_input,3,logdiag,0.030929329196952696,720.9212036132812,0.040835171937942505,451.91165046864523,14611.104159128343,2048
llama32_3b,down_input,4,bf16,0.0,295.6678771972656,0.0,0.0,22009.861954738903,2048
llama32_3b,down_input,4,identity,0.008347349607608929,295.6678771972656,0.04989602416753769,183.72401255141648,22009.861954738903,2048
llama32_3b,down_input,4,hadamard,0.01037523787372259,21.540496826171875,0.05977984517812729,228.357553348213,22009.861954738903,2048
llama32_3b,down_input,4,nar,0.009895131106918453,5.080859184265137,0.052789874374866486,217.7904696873179,22009.861954738903,2048
llama32_3b,down_input,4,logdiag,0.03189924924764851,652.0608520507812,0.0344277024269104,702.0980724005525,22009.861954738903,2048
llama32_3b,down_input,5,bf16,0.0,228.71592712402344,0.0,0.0,28412.817326150944,2048
llama32_3b,down_input,5,identity,0.008276475182923366,228.71592712402344,0.044869475066661835,235.1579774768233,28412.817326150944,2048
llama32_3b,down_input,5,hadamard,0.010268075558602697,17.475772857666016,0.05250640958547592,291.7449551376937,28412.817326150944,2048
llama32_3b,down_input,5,nar,0.009722886738470729,4.8089070320129395,0.04711923003196716,276.2546047830244,28412.817326150944,2048
llama32_3b,down_input,5,logdiag,0.0312852122514526,590.435302734375,0.031600456684827805,888.9010207103822,28412.817326150944,2048
llama32_3b,down_input,6,bf16,0.0,137.94932556152344,0.0,0.0,33369.87674233677,2048
llama32_3b,down_input,6,identity,0.008308870082594703,137.94932556152344,0.040465347468853,277.26597052427473,33369.87674233677,2048
llama32_3b,down_input,6,hadamard,0.01003092354305155,11.639023780822754,0.048428039997816086,334.7306822434343,33369.87674233677,2048
llama32_3b,down_input,6,nar,0.0096093658624908,4.113926410675049,0.04157346859574318,320.6633544033366,33369.87674233677,2048
llama32_3b,down_input,6,logdiag,0.03320898285785544,393.17840576171875,0.030274279415607452,1108.1796647050105,33369.87674233677,2048
llama32_3b,down_input,7,bf16,0.0,72.29036712646484,0.0,0.0,34095.378350573956,2048
llama32_3b,down_input,7,identity,0.008430426371875936,72.29036712646484,0.04076521471142769,287.4385768057665,34095.378350573956,2048
llama32_3b,down_input,7,hadamard,0.009922109784973213,7.540401458740234,0.047918543219566345,338.2980871545937,34095.378350573956,2048
llama32_3b,down_input,7,nar,0.009492778368682368,3.8014376163482666,0.04248674958944321,323.6598700783696,34095.378350573956,2048
llama32_3b,down_input,7,logdiag,0.03460968451282756,184.0924530029297,0.030514905229210854,1180.0302880588554,34095.378350573956,2048
llama32_3b,down_input,8,bf16,0.0,65.0563735961914,0.0,0.0,35811.515421910604,2048
llama32_3b,down_input,8,identity,0.008417010562274079,65.0563735961914,0.04007060080766678,301.4259035572626,35811.515421910604,2048
llama32_3b,down_input,8,hadamard,0.009880960018187992,7.097949981689453,0.048134807497262955,353.85215207462136,35811.515421910604,2048
llama32_3b,down_input,8,nar,0.009472495184742448,3.791083812713623,0.04153803735971451,339.2244073923781,35811.515421910604,2048
llama32_3b,down_input,8,logdiag,0.0342623384417993,165.32785034179688,0.030824560672044754,1226.9862614992162,35811.515421910604,2048
llama32_3b,down_input,9,bf16,0.0,53.936302185058594,0.0,0.0,36762.59012548326,2048
llama32_3b,down_input,9,identity,0.008424656792479434,53.936302185058594,0.039959780871868134,309.71220460978986,36762.59012548326,2048
llama32_3b,down_input,9,hadamard,0.009814162954719992,6.45141077041626,0.046957679092884064,360.79405012907273,36762.59012548326,2048
llama32_3b,down_input,9,nar,0.009463026856392564,3.7380385398864746,0.04237239435315132,347.88537766800016,36762.59012548326,2048
llama32_3b,down_input,9,logdiag,0.03480898713793473,116.38471221923828,0.030419718474149704,1279.668526835113,36762.59012548326,2048
llama32_3b,down_input,10,bf16,0.0,57.75501251220703,0.0,0.0,39781.65383714386,2048
llama32_3b,down_input,10,identity,0.008365756405745169,57.75501251220703,0.03817775845527649,332.80362541922307,39781.65383714386,2048
llama32_3b,down_input,10,hadamard,0.009851477142395891,6.653995037078857,0.04544282704591751,391.90805346332854,39781.65383714386,2048
llama32_3b,down_input,10,nar,0.009482500490182823,3.818067789077759,0.03841481730341911,377.229552011,39781.65383714386,2048
llama32_3b,down_input,10,logdiag,0.03513685691946827,150.3294677734375,0.029781777411699295,1397.8022788955398,39781.65383714386,2048
llama32_3b,down_input,11,bf16,0.0,71.0004653930664,0.0,0.0,42176.35946578496,2048
llama32_3b,down_input,11,identity,0.008298198846967081,71.0004653930664,0.036974865943193436,349.9878174882459,42176.35946578496,2048
llama32_3b,down_input,11,hadamard,0.00972053824481554,7.435373306274414,0.043805450201034546,409.9769152142506,42176.35946578496,2048
llama32_3b,down_input,11,nar,0.009452104547256106,3.659914016723633,0.03613969683647156,398.6553590932541,42176.35946578496,2048
llama32_3b,down_input,11,logdiag,0.0339012010142538,165.5108184814453,0.02909671701490879,1429.8292402990019,42176.35946578496,2048
llama32_3b,down_input,12,bf16,0.0,246.55039978027344,0.0,0.0,51954.08897439869,2048
llama32_3b,down_input,12,identity,0.008005745364979916,246.55039978027344,0.03508974611759186,415.9312069985465,51954.08897439869,2048
llama32_3b,down_input,12,hadamard,0.00960908070592508,18.16221809387207,0.041141144931316376,499.23103395780936,51954.08897439869,2048
llama32_3b,down_input,12,nar,0.009547902656874543,4.383652687072754,0.031800318509340286,496.05258415415767,51954.08897439869,2048
llama32_3b,down_input,12,logdiag,0.03201380809157927,169.8912811279297,0.02824007160961628,1663.2482339992341,51954.08897439869,2048
llama32_3b,down_input,13,bf16,0.0,2338.566162109375,0.0,0.0,67604.23148695803,2048
llama32_3b,down_input,13,identity,0.007094626424539194,2338.566162109375,0.03346671164035797,479.6267671180371,67604.23148695803,2048
llama32_3b,down_input,13,hadamard,0.008692689584700855,148.46607971191406,0.03863675892353058,587.6625989283857,67604.23148695803,2048
llama32_3b,down_input,13,nar,0.009361470485844748,6.030418872833252,0.028260011225938797,632.8750177833739,67604.23148695803,2048
llama32_3b,down_input,13,logdiag,0.028614359721056287,16507.666015625,0.027195189148187637,1934.451798433377,67604.23148695803,2048
llama32_3b,down_input,14,bf16,0.0,193.62376403808594,0.0,0.0,76611.2902950731,2048
llama32_3b,down_input,14,identity,0.008030273971844564,193.62376403808594,0.031346485018730164,615.2096504059535,76611.2902950731,2048
llama32_3b,down_input,14,hadamard,0.01010117495016191,15.15852165222168,0.03576134145259857,773.8640464281746,76611.2902950731,2048
llama32_3b,down_input,14,nar,0.009545405152333892,4.463214874267578,0.030153006315231323,731.2858051095382,76611.2902950731,2048
llama32_3b,down_input,14,logdiag,0.03197764234493431,597.2662353515625,0.02638484537601471,2449.8484406397843,76611.2902950731,2048
llama32_3b,down_input,15,bf16,0.0,263.03265380859375,0.0,0.0,86188.02886201123,2048
llama32_3b,down_input,15,identity,0.007954087710647513,263.03265380859375,0.03138824924826622,685.5471411762567,86188.02886201123,2048
llama32_3b,down_input,15,hadamard,0.010101082559566626,19.481698989868164,0.0353555753827095,870.5923951814866,86188.02886201123,2048
llama32_3b,down_input,15,nar,0.009665691950411254,5.0529890060424805,0.03035912662744522,833.0669367933547,86188.02886201123,2048
llama32_3b,down_input,15,logdiag,0.031088650886348636,747.178466796875,0.026774093508720398,2679.469539873607,86188.02886201123,2048
llama32_3b,down_input,16,bf16,0.0,347.3973388671875,0.0,0.0,83886.21117956616,2048
llama32_3b,down_input,16,identity,0.007892235277214409,347.3973388671875,0.03262503445148468,662.0497151432297,83886.21117956616,2048
llama32_3b,down_input,16,hadamard,0.01009743440032496,24.828004837036133,0.03658781573176384,847.0355144774755,83886.21117956616,2048
llama32_3b,down_input,16,nar,0.009695512778935792,5.544500350952148,0.030342457816004753,813.3198324679902,83886.21117956616,2048
llama32_3b,down_input,16,logdiag,0.030419890780481504,666.65576171875,0.027283310890197754,2551.809382070809,83886.21117956616,2048
llama32_3b,down_input,17,bf16,0.0,345.2812194824219,0.0,0.0,87796.97784597265,2048
llama32_3b,down_input,17,identity,0.007872008859868818,345.2812194824219,0.033062417060136795,691.138587473203,87796.97784597265,2048
llama32_3b,down_input,17,hadamard,0.010185840426843385,24.66840171813965,0.03647306561470032,894.2860062981813,87796.97784597265,2048
llama32_3b,down_input,17,nar,0.009666632862264834,5.369447231292725,0.03204804286360741,848.7011512534168,87796.97784597265,2048
llama32_3b,down_input,17,logdiag,0.030445057828385788,726.6934204101562,0.02761354297399521,2672.984067678143,87796.97784597265,2048
llama32_3b,down_input,18,bf16,0.0,410.0631408691406,0.0,0.0,92239.05915362533,2048
llama32_3b,down_input,18,identity,0.007830883615760332,410.0631408691406,0.03219589591026306,722.3133370592727,92239.05915362533,2048
llama32_3b,down_input,18,hadamard,0.010140980692246627,28.816003799438477,0.03646775707602501,935.394517947909,92239.05915362533,2048
llama32_3b,down_input,18,nar,0.009728692519482699,6.1521196365356445,0.03135506808757782,897.365444791997,92239.05915362533,2048
llama32_3b,down_input,18,logdiag,0.030239642463812624,896.1719970703125,0.02753361500799656,2789.2761700040933,92239.05915362533,2048
llama32_3b,down_input,19,bf16,0.0,545.7488403320312,0.0,0.0,121818.75329214902,2048
llama32_3b,down_input,19,identity,0.007682794478618788,545.7488403320312,0.03014109469950199,935.9084451851469,121818.75329214902,2048
llama32_3b,down_input,19,hadamard,0.010294245917516182,37.142127990722656,0.033793747425079346,1254.0322037546161,121818.75329214902,2048
llama32_3b,down_input,19,nar,0.009866095667080929,6.8262152671813965,0.02892744541168213,1201.8754740248721,121818.75329214902,2048
llama32_3b,down_input,19,logdiag,0.029267080619204508,3816.24951171875,0.026507683098316193,3565.27927353231,121818.75329214902,2048
llama32_3b,down_input,20,bf16,0.0,544.3067016601562,0.0,0.0,115417.18076453463,2048
llama32_3b,down_input,20,identity,0.007690943455695026,544.3067016601562,0.030739756301045418,887.6670110757675,115417.18076453463,2048
llama32_3b,down_input,20,hadamard,0.0101981606845966,37.34396743774414,0.03451715037226677,1177.042955199856,115417.18076453463,2048
llama32_3b,down_input,20,nar,0.009787136515501622,6.929774284362793,0.03006592206656933,1129.6037043768283,115417.18076453463,2048
llama32_3b,down_input,20,logdiag,0.029113286132675754,1588.5345458984375,0.026733845472335815,3360.173408224657,115417.18076453463,2048
llama32_3b,down_input,21,bf16,0.0,528.7638549804688,0.0,0.0,122711.70361377524,2048
llama32_3b,down_input,21,identity,0.007577345480068245,528.7638549804688,0.030684199184179306,929.8289727293139,122711.70361377524,2048
llama32_3b,down_input,21,hadamard,0.010360834462790357,36.10874557495117,0.034146882593631744,1271.3956477893187,122711.70361377524,2048
llama32_3b,down_input,21,nar,0.00983865924500973,6.537500381469727,0.03009857051074505,1207.3186372305638,122711.70361377524,2048
llama32_3b,down_input,21,logdiag,0.027046252383248807,2812.13037109375,0.026604045182466507,3318.89170631659,122711.70361377524,2048
llama32_3b,down_input,22,bf16,0.0,629.6599731445312,0.0,0.0,134142.94338194618,2048
llama32_3b,down_input,22,identity,0.007471169763553816,629.6599731445312,0.02934299036860466,1002.2047025893079,134142.94338194618,2048
llama32_3b,down_input,22,hadamard,0.010126845575509703,42.457489013671875,0.03211432322859764,1358.4448726733103,134142.94338194618,2048
llama32_3b,down_input,22,nar,0.009872099424642771,7.2797088623046875,0.027751419693231583,1324.2724741807988,134142.94338194618,2048
llama32_3b,down_input,22,logdiag,0.028091718129253762,1308.3720703125,0.025899071246385574,3768.3057545140787,134142.94338194618,2048
llama32_3b,down_input,23,bf16,0.0,578.8392944335938,0.0,0.0,168988.6452230297,2048
llama32_3b,down_input,23,identity,0.0074732908190675565,578.8392944335938,0.026854243129491806,1262.9012908719324,168988.6452230297,2048
llama32_3b,down_input,23,hadamard,0.010148001380612837,39.28947448730469,0.029139943420886993,1714.8970050311982,168988.6452230297,2048
llama32_3b,down_input,23,nar,0.010018961134986768,7.432520866394043,0.026084966957569122,1693.090668743602,168988.6452230297,2048
llama32_3b,down_input,23,logdiag,0.02778045603603404,2592.889404296875,0.024714425206184387,4694.5816292073305,168988.6452230297,2048
llama32_3b,down_input,24,bf16,0.0,437.60723876953125,0.0,0.0,224353.39370216324,2048
llama32_3b,down_input,24,identity,0.007603012684887609,437.60723876953125,0.02526397630572319,1705.7616982151308,224353.39370216324,2048
llama32_3b,down_input,24,hadamard,0.01019668843980602,30.51614761352539,0.02664126642048359,2287.6616559940967,224353.39370216324,2048
llama32_3b,down_input,24,nar,0.010190096819295655,7.2077250480651855,0.02456207200884819,2286.1828035625995,224353.39370216324,2048
llama32_3b,down_input,24,logdiag,0.02756449961928225,1399.298095703125,0.02385789528489113,6184.189035287959,224353.39370216324,2048
llama32_3b,down_input,25,bf16,0.0,348.0137023925781,0.0,0.0,356012.88796331914,2048
llama32_3b,down_input,25,identity,0.007403545581071717,348.0137023925781,0.02333954907953739,2635.757643485412,356012.88796331914,2048
llama32_3b,down_input,25,hadamard,0.01033869316499259,24.711822509765625,0.024087054654955864,3680.7080114356404,356012.88796331914,2048
llama32_3b,down_input,25,nar,0.010563845065623871,9.725772857666016,0.022735675796866417,3760.864989809813,356012.88796331914,2048
llama32_3b,down_input,25,logdiag,0.02711549724629217,717.4825439453125,0.022931013256311417,9653.466483213902,356012.88796331914,2048
llama32_3b,down_input,26,bf16,0.0,4332.2119140625,0.0,0.0,671879.6825663097,2048
llama32_3b,down_input,26,identity,0.006281982533804007,4332.2119140625,0.022985663264989853,4220.736430699339,671879.6825663097,2048
llama32_3b,down_input,26,hadamard,0.00839693213279598,272.9625549316406,0.02308429218828678,5641.72809591381,671879.6825663097,2048
llama32_3b,down_input,26,nar,0.011138480759569644,14.379509925842285,0.02255115658044815,7483.718917010601,671879.6825663097,2048
llama32_3b,down_input,26,logdiag,0.0228001785831441,32978.03515625,0.022760547697544098,15318.97674889803,671879.6825663097,2048
llama32_3b,down_input,27,bf16,0.0,17707.142578125,0.0,0.0,7336231.043157768,2048
llama32_3b,down_input,27,identity,0.002375592249383385,17707.142578125,0.022536542266607285,17427.89360581138,7336231.043157768,2048
llama32_3b,down_input,27,hadamard,0.003964913312553403,1107.7374267578125,0.02260177955031395,29087.520126983774,7336231.043157768,2048
llama32_3b,down_input,27,nar,0.003100602139300752,541.7308959960938,0.026797978207468987,22746.733666819564,7336231.043157768,2048
llama32_3b,down_input,27,logdiag,0.006277207652466145,52142.1484375,0.022591253742575645,46051.04564436963,7336231.043157768,2048
