model,layer,b,position,method,mean_group_range,valid,reduction_vs_hadamard,invalid_reason
llama32_3b,0,32,0,bf16,7.146762847900391,True,nan,
llama32_3b,0,32,0,hadamard,6.374670028686523,True,0.0,
llama32_3b,0,32,0,nar_rope,5.654130935668945,True,0.11303159061960773,
llama32_3b,0,32,512,bf16,7.1151628494262695,True,nan,
llama32_3b,0,32,512,hadamard,6.2604780197143555,True,0.0,
llama32_3b,0,32,512,nar_rope,5.564554691314697,True,0.11116137237574884,
llama32_3b,0,32,1024,bf16,7.18111515045166,True,nan,
llama32_3b,0,32,1024,hadamard,6.2284393310546875,True,0.0,
llama32_3b,0,32,1024,nar_rope,5.535257816314697,True,0.11129297050126535,
llama32_3b,0,32,2048,bf16,7.135103225708008,True,nan,
llama32_3b,0,32,2048,hadamard,6.323997974395752,True,0.0,
llama32_3b,0,32,2048,nar_rope,5.574359893798828,True,0.1185386338882486,
llama32_3b,0,64,0,bf16,9.485118865966797,True,nan,
llama32_3b,0,64,0,hadamard,7.0569047927856445,True,0.0,
llama32_3b,0,64,0,nar_rope,6.542971134185791,True,0.07282706422867627,
llama32_3b,0,64,512,bf16,9.366425514221191,True,nan,
llama32_3b,0,64,512,hadamard,7.126737594604492,True,0.0,
llama32_3b,0,64,512,nar_rope,6.681570529937744,True,0.06246435465840288,
llama32_3b,0,64,1024,bf16,9.452279090881348,True,nan,
llama32_3b,0,64,1024,hadamard,7.339541435241699,True,0.0,
llama32_3b,0,64,1024,nar_rope,6.499305725097656,True,0.11448068214582852,
llama32_3b,0,64,2048,bf16,9.39719009399414,True,nan,
llama32_3b,0,64,2048,hadamard,7.065161228179932,True,0.0,
llama32_3b,0,64,2048,nar_rope,6.646283149719238,True,0.059287830090835915,
llama32_3b,0,128,0,bf16,11.865320205688477,True,nan,
llama32_3b,0,128,0,hadamard,7.84194278717041,True,0.0,
llama32_3b,0,128,0,nar_rope,nan,False,nan,"requires an even number of >=2 groups, got 1"
llama32_3b,0,128,512,bf16,12.191797256469727,True,nan,
llama32_3b,0,128,512,hadamard,7.8019585609436035,True,0.0,
llama32_3b,0,128,512,nar_rope,nan,False,nan,"requires an even number of >=2 groups, got 1"
llama32_3b,0,128,1024,bf16,12.039056777954102,True,nan,
llama32_3b,0,128,1024,hadamard,7.693696975708008,True,0.0,
llama32_3b,0,128,1024,nar_rope,nan,False,nan,"requires an even number of >=2 groups, got 1"
llama32_3b,0,128,2048,bf16,11.948949813842773,True,nan,
llama32_3b,0,128,2048,hadamard,7.84765625,True,0.0,
llama32_3b,0,128,2048,nar_rope,nan,False,nan,"requires an even number of >=2 groups, got 1"
llama32_3b,1,32,0,bf16,8.706348419189453,True,nan,
llama32_3b,1,32,0,hadamard,7.759812831878662,True,0.0,
llama32_3b,1,32,0,nar_rope,7.043984889984131,True,0.0922480937882658,
llama32_3b,1,32,512,bf16,8.72994327545166,True,nan,
llama32_3b,1,32,512,hadamard,7.662501811981201,True,0.0,
llama32_3b,1,32,512,nar_rope,7.128411293029785,True,0.06970184569696339,
llama32_3b,1,32,1024,bf16,8.822081565856934,True,nan,
llama32_3b,1,32,1024,hadamard,7.710748672485352,True,0.0,
llama32_3b,1,32,1024,nar_rope,7.175039291381836,True,0.06947566362979954,
llama32_3b,1,32,2048,bf16,8.764969825744629,True,nan,
llama32_3b,1,32,2048,hadamard,7.660569667816162,True,0.0,
llama32_3b,1,32,2048,nar_rope,7.055048942565918,True,0.07904382461191858,
llama32_3b,1,64,0,bf16,11.135397911071777,True,nan,
llama32_3b,1,64,0,hadamard,8.479766845703125,True,0.0,
llama32_3b,1,64,0,nar_rope,8.650895118713379,True,-0.020180775736418764,
llama32_3b,1,64,512,bf16,10.918506622314453,True,nan,
llama32_3b,1,64,512,hadamard,8.729644775390625,True,0.0,
llama32_3b,1,64,512,nar_rope,8.447986602783203,True,0.0322645628607286,
llama32_3b,1,64,1024,bf16,11.218426704406738,True,nan,
llama32_3b,1,64,1024,hadamard,8.681196212768555,True,0.0,
llama32_3b,1,64,1024,nar_rope,8.483818054199219,True,0.02273628584491921,
llama32_3b,1,64,2048,bf16,11.290183067321777,True,nan,
llama32_3b,1,64,2048,hadamard,8.813516616821289,True,0.0,
llama32_3b,1,64,2048,nar_rope,8.429033279418945,True,0.04362428235155614,
llama32_3b,1,128,0,bf16,13.725497245788574,True,nan,
llama32_3b,1,128,0,hadamard,9.663174629211426,True,0.0,
llama32_3b,1,128,0,nar_rope,nan,False,nan,"requires an even number of >=2 groups, got 1"
llama32_3b,1,128,512,bf16,14.031686782836914,True,nan,
llama32_3b,1,128,512,hadamard,9.484098434448242,True,0.0,
llama32_3b,1,128,512,nar_rope,nan,False,nan,"requires an even number of >=2 groups, got 1"
llama32_3b,1,128,1024,bf16,13.739185333251953,True,nan,
llama32_3b,1,128,1024,hadamard,9.683905601501465,True,0.0,
llama32_3b,1,128,1024,nar_rope,nan,False,nan,"requires an even number of >=2 groups, got 1"
llama32_3b,1,128,2048,bf16,13.778401374816895,True,nan,
llama32_3b,1,128,2048,hadamard,9.66639518737793,True,0.0,
llama32_3b,1,128,2048,nar_rope,nan,False,nan,"requires an even number of >=2 groups, got 1"
llama32_3b,2,32,0,bf16,8.382123947143555,True,nan,
llama32_3b,2,32,0,hadamard,7.253220558166504,True,0.0,
llama32_3b,2,32,0,nar_rope,6.431320667266846,True,0.11331516590575333,
llama32_3b,2,32,512,bf16,8.42152214050293,True,nan,
llama32_3b,2,32,512,hadamard,7.366992950439453,True,0.0,
llama32_3b,2,32,512,nar_rope,6.494431018829346,True,0.11844207500674446,
llama32_3b,2,32,1024,bf16,8.39809513092041,True,nan,
llama32_3b,2,32,1024,hadamard,7.334240913391113,True,0.0,
llama32_3b,2,32,1024,nar_rope,6.429981231689453,True,0.12329287957403079,
llama32_3b,2,32,2048,bf16,8.404484748840332,True,nan,
llama32_3b,2,32,2048,hadamard,7.282952308654785,True,0.0,
llama32_3b,2,32,2048,nar_rope,6.43011474609375,True,0.11710052824972576,
llama32_3b,2,64,0,bf16,11.48991584777832,True,nan,
llama32_3b,2,64,0,hadamard,8.112674713134766,True,0.0,
llama32_3b,2,64,0,nar_rope,7.742432117462158,True,0.045637549731060816,
llama32_3b,2,64,512,bf16,11.516945838928223,True,nan,
llama32_3b,2,64,512,hadamard,8.1318941116333,True,0.0,
llama32_3b,2,64,512,nar_rope,7.5192766189575195,True,0.07533515368816532,
llama32_3b,2,64,1024,bf16,11.496341705322266,True,nan,
llama32_3b,2,64,1024,hadamard,8.348271369934082,True,0.0,
llama32_3b,2,64,1024,nar_rope,7.625550746917725,True,0.08657129014986296,
llama32_3b,2,64,2048,bf16,11.480057716369629,True,nan,
llama32_3b,2,64,2048,hadamard,8.188488006591797,True,0.0,
llama32_3b,2,64,2048,nar_rope,7.6847662925720215,True,0.06151583950715633,
llama32_3b,2,128,0,bf16,14.630949020385742,True,nan,
llama32_3b,2,128,0,hadamard,9.274446487426758,True,0.0,
llama32_3b,2,128,0,nar_rope,nan,False,nan,"requires an even number of >=2 groups, got 1"
llama32_3b,2,128,512,bf16,14.643758773803711,True,nan,
llama32_3b,2,128,512,hadamard,9.34361457824707,True,0.0,
llama32_3b,2,128,512,nar_rope,nan,False,nan,"requires an even number of >=2 groups, got 1"
llama32_3b,2,128,1024,bf16,14.642143249511719,True,nan,
llama32_3b,2,128,1024,hadamard,9.155034065246582,True,0.0,
llama32_3b,2,128,1024,nar_rope,nan,False,nan,"requires an even number of >=2 groups, got 1"
llama32_3b,2,128,2048,bf16,14.644451141357422,True,nan,
llama32_3b,2,128,2048,hadamard,9.089332580566406,True,0.0,
llama32_3b,2,128,2048,nar_rope,nan,False,nan,"requires an even number of >=2 groups, got 1"
llama32_3b,3,32,0,bf16,9.041309356689453,True,nan,
llama32_3b,3,32,0,hadamard,7.363751411437988,True,0.0,
llama32_3b,3,32,0,nar_rope,6.282732963562012,True,0.14680268079077863,
llama32_3b,3,32,512,bf16,9.026016235351562,True,nan,
llama32_3b,3,32,512,hadamard,7.4449310302734375,True,0.0,
llama32_3b,3,32,512,nar_rope,6.323456764221191,True,0.15063595102385477,
llama32_3b,3,32,1024,bf16,9.04680347442627,True,nan,
llama32_3b,3,32,1024,hadamard,7.46439266204834,True,0.0,
llama32_3b,3,32,1024,nar_rope,6.308284759521484,True,0.15488305008456005,
llama32_3b,3,32,2048,bf16,8.976720809936523,True,nan,
llama32_3b,3,32,2048,hadamard,7.405367851257324,True,0.0,
llama32_3b,3,32,2048,nar_rope,6.284091949462891,True,0.15141393706783346,
llama32_3b,3,64,0,bf16,12.253742218017578,True,nan,
llama32_3b,3,64,0,hadamard,8.204362869262695,True,0.0,
llama32_3b,3,64,0,nar_rope,7.4145097732543945,True,0.09627232590692113,
llama32_3b,3,64,512,bf16,12.4166259765625,True,nan,
llama32_3b,3,64,512,hadamard,8.28532600402832,True,0.0,
llama32_3b,3,64,512,nar_rope,7.429487228393555,True,0.10329572731581803,
llama32_3b,3,64,1024,bf16,12.26845932006836,True,nan,
llama32_3b,3,64,1024,hadamard,8.230371475219727,True,0.0,
llama32_3b,3,64,1024,nar_rope,7.484117031097412,True,0.09067080949737955,
llama32_3b,3,64,2048,bf16,12.206111907958984,True,nan,
llama32_3b,3,64,2048,hadamard,8.272836685180664,True,0.0,
llama32_3b,3,64,2048,nar_rope,7.439178943634033,True,0.10077048215396087,
llama32_3b,3,128,0,bf16,17.16928482055664,True,nan,
llama32_3b,3,128,0,hadamard,9.41352367401123,True,0.0,
llama32_3b,3,128,0,nar_rope,nan,False,nan,"requires an even number of >=2 groups, got 1"
llama32_3b,3,128,512,bf16,17.33211898803711,True,nan,
llama32_3b,3,128,512,hadamard,9.356154441833496,True,0.0,
llama32_3b,3,128,512,nar_rope,nan,False,nan,"requires an even number of >=2 groups, got 1"
llama32_3b,3,128,1024,bf16,17.24439239501953,True,nan,
llama32_3b,3,128,1024,hadamard,9.371047973632812,True,0.0,
llama32_3b,3,128,1024,nar_rope,nan,False,nan,"requires an even number of >=2 groups, got 1"
llama32_3b,3,128,2048,bf16,17.180294036865234,True,nan,
llama32_3b,3,128,2048,hadamard,9.147933006286621,True,0.0,
llama32_3b,3,128,2048,nar_rope,nan,False,nan,"requires an even number of >=2 groups, got 1"
llama32_3b,4,32,0,bf16,9.044833183288574,True,nan,
llama32_3b,4,32,0,hadamard,7.459550857543945,True,0.0,
llama32_3b,4,32,0,nar_rope,6.583778381347656,True,0.11740284273423894,
llama32_3b,4,32,512,bf16,8.94433307647705,True,nan,
llama32_3b,4,32,512,hadamard,7.603979587554932,True,0.0,
llama32_3b,4,32,512,nar_rope,6.587944507598877,True,0.13361885947444552,
llama32_3b,4,32,1024,bf16,8.956457138061523,True,nan,
llama32_3b,4,32,1024,hadamard,7.5833821296691895,True,0.0,
llama32_3b,4,32,1024,nar_rope,6.661764621734619,True,0.12153119705373124,
llama32_3b,4,32,2048,bf16,9.013994216918945,True,nan,
llama32_3b,4,32,2048,hadamard,7.386404037475586,True,0.0,
llama32_3b,4,32,2048,nar_rope,6.553136825561523,True,0.11281094395681664,
llama32_3b,4,64,0,bf16,12.443685531616211,True,nan,
llama32_3b,4,64,0,hadamard,8.302440643310547,True,0.0,
llama32_3b,4,64,0,nar_rope,7.779871940612793,True,0.06294157647712888,
llama32_3b,4,64,512,bf16,12.31280517578125,True,nan,
llama32_3b,4,64,512,hadamard,8.350128173828125,True,0.0,
llama32_3b,4,64,512,nar_rope,7.817624092102051,True,0.06377196500948407,
llama32_3b,4,64,1024,bf16,12.436553955078125,True,nan,
llama32_3b,4,64,1024,hadamard,8.234192848205566,True,0.0,
llama32_3b,4,64,1024,nar_rope,7.799897193908691,True,0.052742953960753874,
llama32_3b,4,64,2048,bf16,12.533681869506836,True,nan,
llama32_3b,4,64,2048,hadamard,8.400566101074219,True,0.0,
llama32_3b,4,64,2048,nar_rope,7.805813789367676,True,0.07079907527071173,
llama32_3b,4,128,0,bf16,16.078311920166016,True,nan,
llama32_3b,4,128,0,hadamard,9.16082763671875,True,0.0,
llama32_3b,4,128,0,nar_rope,nan,False,nan,"requires an even number of >=2 groups, got 1"
llama32_3b,4,128,512,bf16,15.841861724853516,True,nan,
llama32_3b,4,128,512,hadamard,8.945369720458984,True,0.0,
llama32_3b,4,128,512,nar_rope,nan,False,nan,"requires an even number of >=2 groups, got 1"
llama32_3b,4,128,1024,bf16,16.168048858642578,True,nan,
llama32_3b,4,128,1024,hadamard,9.117242813110352,True,0.0,
llama32_3b,4,128,1024,nar_rope,nan,False,nan,"requires an even number of >=2 groups, got 1"
llama32_3b,4,128,2048,bf16,16.187503814697266,True,nan,
llama32_3b,4,128,2048,hadamard,9.50279426574707,True,0.0,
llama32_3b,4,128,2048,nar_rope,nan,False,nan,"requires an even number of >=2 groups, got 1"
llama32_3b,5,32,0,bf16,8.878171920776367,True,nan,
llama32_3b,5,32,0,hadamard,7.612644195556641,True,0.0,
llama32_3b,5,32,0,nar_rope,6.70933723449707,True,0.11865876531925844,
llama32_3b,5,32,512,bf16,8.828561782836914,True,nan,
llama32_3b,5,32,512,hadamard,7.380946159362793,True,0.0,
llama32_3b,5,32,512,nar_rope,6.724862098693848,True,0.08888888314632902,
llama32_3b,5,32,1024,bf16,8.805850982666016,True,nan,
llama32_3b,5,32,1024,hadamard,7.520339012145996,True,0.0,
llama32_3b,5,32,1024,nar_rope,6.758083343505859,True,0.10135921630780581,
llama32_3b,5,32,2048,bf16,8.807426452636719,True,nan,
llama32_3b,5,32,2048,hadamard,7.523229598999023,True,0.0,
llama32_3b,5,32,2048,nar_rope,6.853557586669922,True,0.08901390068145765,
llama32_3b,5,64,0,bf16,11.950386047363281,True,nan,
llama32_3b,5,64,0,hadamard,8.534618377685547,True,0.0,
llama32_3b,5,64,0,nar_rope,7.871176242828369,True,0.07773541891360967,
llama32_3b,5,64,512,bf16,11.993657112121582,True,nan,
llama32_3b,5,64,512,hadamard,8.474777221679688,True,0.0,
llama32_3b,5,64,512,nar_rope,7.89940881729126,True,0.06789186185526545,
llama32_3b,5,64,1024,bf16,11.853536605834961,True,nan,
llama32_3b,5,64,1024,hadamard,8.293790817260742,True,0.0,
llama32_3b,5,64,1024,nar_rope,7.772206783294678,True,0.0628884964014962,
llama32_3b,5,64,2048,bf16,11.980498313903809,True,nan,
llama32_3b,5,64,2048,hadamard,8.371809005737305,True,0.0,
llama32_3b,5,64,2048,nar_rope,7.902695655822754,True,0.0560348844070692,
llama32_3b,5,128,0,bf16,15.573352813720703,True,nan,
llama32_3b,5,128,0,hadamard,9.381362915039062,True,0.0,
llama32_3b,5,128,0,nar_rope,nan,False,nan,"requires an even number of >=2 groups, got 1"
llama32_3b,5,128,512,bf16,15.560575485229492,True,nan,
llama32_3b,5,128,512,hadamard,9.210396766662598,True,0.0,
llama32_3b,5,128,512,nar_rope,nan,False,nan,"requires an even number of >=2 groups, got 1"
llama32_3b,5,128,1024,bf16,15.556319236755371,True,nan,
llama32_3b,5,128,1024,hadamard,9.45479965209961,True,0.0,
llama32_3b,5,128,1024,nar_rope,nan,False,nan,"requires an even number of >=2 groups, got 1"
llama32_3b,5,128,2048,bf16,15.558062553405762,True,nan,
llama32_3b,5,128,2048,hadamard,9.548027038574219,True,0.0,
llama32_3b,5,128,2048,nar_rope,nan,False,nan,"requires an even number of >=2 groups, got 1"
llama32_3b,6,32,0,bf16,9.025063514709473,True,nan,
llama32_3b,6,32,0,hadamard,7.798659801483154,True,0.0,
llama32_3b,6,32,0,nar_rope,7.153409481048584,True,0.08273861623145251,
llama32_3b,6,32,512,bf16,8.903793334960938,True,nan,
llama32_3b,6,32,512,hadamard,7.844513893127441,True,0.0,
llama32_3b,6,32,512,nar_rope,7.147090911865234,True,0.08890582523835129,
llama32_3b,6,32,1024,bf16,8.9308443069458,True,nan,
llama32_3b,6,32,1024,hadamard,7.7749247550964355,True,0.0,
llama32_3b,6,32,1024,nar_rope,7.180102825164795,True,0.07650516868883354,
llama32_3b,6,32,2048,bf16,8.913615226745605,True,nan,
llama32_3b,6,32,2048,hadamard,7.775382995605469,True,0.0,
llama32_3b,6,32,2048,nar_rope,7.10975980758667,True,0.08560648245816305,
llama32_3b,6,64,0,bf16,12.160039901733398,True,nan,
llama32_3b,6,64,0,hadamard,8.6712007522583,True,0.0,
llama32_3b,6,64,0,nar_rope,8.416166305541992,True,0.029411664428353617,
llama32_3b,6,64,512,bf16,11.844555854797363,True,nan,
llama32_3b,6,64,512,hadamard,8.649477005004883,True,0.0,
llama32_3b,6,64,512,nar_rope,8.338033676147461,True,0.03600718617752381,
llama32_3b,6,64,1024,bf16,11.984600067138672,True,nan,
llama32_3b,6,64,1024,hadamard,8.765006065368652,True,0.0,
llama32_3b,6,64,1024,nar_rope,8.468658447265625,True,0.03381031523456945,
llama32_3b,6,64,2048,bf16,12.01952075958252,True,nan,
llama32_3b,6,64,2048,hadamard,8.61721134185791,True,0.0,
llama32_3b,6,64,2048,nar_rope,8.402745246887207,True,0.024888108978938336,
llama32_3b,6,128,0,bf16,15.51854133605957,True,nan,
llama32_3b,6,128,0,hadamard,9.728815078735352,True,0.0,
llama32_3b,6,128,0,nar_rope,nan,False,nan,"requires an even number of >=2 groups, got 1"
llama32_3b,6,128,512,bf16,15.303462028503418,True,nan,
llama32_3b,6,128,512,hadamard,9.781119346618652,True,0.0,
llama32_3b,6,128,512,nar_rope,nan,False,nan,"requires an even number of >=2 groups, got 1"
llama32_3b,6,128,1024,bf16,15.48831558227539,True,nan,
llama32_3b,6,128,1024,hadamard,9.651985168457031,True,0.0,
llama32_3b,6,128,1024,nar_rope,nan,False,nan,"requires an even number of >=2 groups, got 1"
llama32_3b,6,128,2048,bf16,15.432649612426758,True,nan,
llama32_3b,6,128,2048,hadamard,9.587745666503906,True,0.0,
llama32_3b,6,128,2048,nar_rope,nan,False,nan,"requires an even number of >=2 groups, got 1"
llama32_3b,7,32,0,bf16,10.007509231567383,True,nan,
llama32_3b,7,32,0,hadamard,8.386862754821777,True,0.0,
llama32_3b,7,32,0,nar_rope,7.207103252410889,True,0.14066755792952745,
llama32_3b,7,32,512,bf16,9.931741714477539,True,nan,
llama32_3b,7,32,512,hadamard,8.321876525878906,True,0.0,
llama32_3b,7,32,512,nar_rope,7.235486030578613,True,0.13054633674531177,
llama32_3b,7,32,1024,bf16,9.936436653137207,True,nan,
llama32_3b,7,32,1024,hadamard,8.27369499206543,True,0.0,
llama32_3b,7,32,1024,nar_rope,7.131736755371094,True,0.1380227622349491,
llama32_3b,7,32,2048,bf16,9.95733642578125,True,nan,
llama32_3b,7,32,2048,hadamard,8.25655746459961,True,0.0,
llama32_3b,7,32,2048,nar_rope,7.2507734298706055,True,0.121816391279459,
llama32_3b,7,64,0,bf16,13.577966690063477,True,nan,
llama32_3b,7,64,0,hadamard,9.257816314697266,True,0.0,
llama32_3b,7,64,0,nar_rope,8.52767562866211,True,0.07886748464387006,
llama32_3b,7,64,512,bf16,13.392473220825195,True,nan,
llama32_3b,7,64,512,hadamard,9.18766975402832,True,0.0,
llama32_3b,7,64,512,nar_rope,8.497858047485352,True,0.07508015906215194,
llama32_3b,7,64,1024,bf16,13.409309387207031,True,nan,
llama32_3b,7,64,1024,hadamard,9.318283081054688,True,0.0,
llama32_3b,7,64,1024,nar_rope,8.39341926574707,True,0.09925259913899682,
llama32_3b,7,64,2048,bf16,13.526639938354492,True,nan,
llama32_3b,7,64,2048,hadamard,9.42427921295166,True,0.0,
llama32_3b,7,64,2048,nar_rope,8.456685066223145,True,0.10267036076337424,
llama32_3b,7,128,0,bf16,18.566884994506836,True,nan,
llama32_3b,7,128,0,hadamard,10.108551979064941,True,0.0,
llama32_3b,7,128,0,nar_rope,nan,False,nan,"requires an even number of >=2 groups, got 1"
llama32_3b,7,128,512,bf16,18.42327117919922,True,nan,
llama32_3b,7,128,512,hadamard,10.226062774658203,True,0.0,
llama32_3b,7,128,512,nar_rope,nan,False,nan,"requires an even number of >=2 groups, got 1"
llama32_3b,7,128,1024,bf16,18.487762451171875,True,nan,
llama32_3b,7,128,1024,hadamard,10.401689529418945,True,0.0,
llama32_3b,7,128,1024,nar_rope,nan,False,nan,"requires an even number of >=2 groups, got 1"
llama32_3b,7,128,2048,bf16,18.466602325439453,True,nan,
llama32_3b,7,128,2048,hadamard,10.367408752441406,True,0.0,
llama32_3b,7,128,2048,nar_rope,nan,False,nan,"requires an even number of >=2 groups, got 1"
llama32_3b,8,32,0,bf16,9.55339527130127,True,nan,
llama32_3b,8,32,0,hadamard,8.13872241973877,True,0.0,
llama32_3b,8,32,0,nar_rope,7.235136985778809,True,0.11102300672750595,
llama32_3b,8,32,512,bf16,9.417618751525879,True,nan,
llama32_3b,8,32,512,hadamard,8.172046661376953,True,0.0,
llama32_3b,8,32,512,nar_rope,7.351840019226074,True,0.10036734690066954,
llama32_3b,8,32,1024,bf16,9.466492652893066,True,nan,
llama32_3b,8,32,1024,hadamard,8.130023002624512,True,0.0,
llama32_3b,8,32,1024,nar_rope,7.278233528137207,True,0.10477085663992984,
llama32_3b,8,32,2048,bf16,9.438133239746094,True,nan,
llama32_3b,8,32,2048,hadamard,8.257509231567383,True,0.0,
llama32_3b,8,32,2048,nar_rope,7.336835861206055,True,0.11149528805147607,
llama32_3b,8,64,0,bf16,12.85243034362793,True,nan,
llama32_3b,8,64,0,hadamard,9.091219902038574,True,0.0,
llama32_3b,8,64,0,nar_rope,8.475801467895508,True,0.06769371336019138,
llama32_3b,8,64,512,bf16,12.911835670471191,True,nan,
llama32_3b,8,64,512,hadamard,9.049324035644531,True,0.0,
llama32_3b,8,64,512,nar_rope,8.515149116516113,True,0.05902926196745167,
llama32_3b,8,64,1024,bf16,12.958800315856934,True,nan,
llama32_3b,8,64,1024,hadamard,9.060436248779297,True,0.0,
llama32_3b,8,64,1024,nar_rope,8.362272262573242,True,0.07705633228202644,
llama32_3b,8,64,2048,bf16,12.75760269165039,True,nan,
llama32_3b,8,64,2048,hadamard,9.084024429321289,True,0.0,
llama32_3b,8,64,2048,nar_rope,8.52818489074707,True,0.06118868821841645,
llama32_3b,8,128,0,bf16,16.335311889648438,True,nan,
llama32_3b,8,128,0,hadamard,10.154003143310547,True,0.0,
llama32_3b,8,128,0,nar_rope,nan,False,nan,"requires an even number of >=2 groups, got 1"
llama32_3b,8,128,512,bf16,16.447343826293945,True,nan,
llama32_3b,8,128,512,hadamard,10.187885284423828,True,0.0,
llama32_3b,8,128,512,nar_rope,nan,False,nan,"requires an even number of >=2 groups, got 1"
llama32_3b,8,128,1024,bf16,16.45027732849121,True,nan,
llama32_3b,8,128,1024,hadamard,10.16763687133789,True,0.0,
llama32_3b,8,128,1024,nar_rope,nan,False,nan,"requires an even number of >=2 groups, got 1"
llama32_3b,8,128,2048,bf16,16.176456451416016,True,nan,
llama32_3b,8,128,2048,hadamard,10.230502128601074,True,0.0,
llama32_3b,8,128,2048,nar_rope,nan,False,nan,"requires an even number of >=2 groups, got 1"
llama32_3b,9,32,0,bf16,8.992178916931152,True,nan,
llama32_3b,9,32,0,hadamard,7.983651638031006,True,0.0,
llama32_3b,9,32,0,nar_rope,7.116844654083252,True,0.10857274631305594,
llama32_3b,9,32,512,bf16,8.849786758422852,True,nan,
llama32_3b,9,32,512,hadamard,7.889570713043213,True,0.0,
llama32_3b,9,32,512,nar_rope,7.137250900268555,True,0.09535624182072498,
llama32_3b,9,32,1024,bf16,8.878750801086426,True,nan,
llama32_3b,9,32,1024,hadamard,7.883892059326172,True,0.0,
llama32_3b,9,32,1024,nar_rope,7.103116989135742,True,0.0990342161352678,
llama32_3b,9,32,2048,bf16,8.807332038879395,True,nan,
llama32_3b,9,32,2048,hadamard,7.82158088684082,True,0.0,
llama32_3b,9,32,2048,nar_rope,7.088900089263916,True,0.09367425948500778,
llama32_3b,9,64,0,bf16,12.056452751159668,True,nan,
llama32_3b,9,64,0,hadamard,9.014412879943848,True,0.0,
llama32_3b,9,64,0,nar_rope,8.387297630310059,True,0.06956806372038458,
llama32_3b,9,64,512,bf16,11.938401222229004,True,nan,
llama32_3b,9,64,512,hadamard,8.838809967041016,True,0.0,
llama32_3b,9,64,512,nar_rope,8.33021354675293,True,0.05754127786258422,
llama32_3b,9,64,1024,bf16,12.055458068847656,True,nan,
llama32_3b,9,64,1024,hadamard,8.855308532714844,True,0.0,
llama32_3b,9,64,1024,nar_rope,8.28046703338623,True,0.0649149035524773,
llama32_3b,9,64,2048,bf16,11.978421211242676,True,nan,
llama32_3b,9,64,2048,hadamard,8.825334548950195,True,0.0,
llama32_3b,9,64,2048,nar_rope,8.318129539489746,True,0.05747147676353902,
llama32_3b,9,128,0,bf16,16.05331039428711,True,nan,
llama32_3b,9,128,0,hadamard,9.848648071289062,True,0.0,
llama32_3b,9,128,0,nar_rope,nan,False,nan,"requires an even number of >=2 groups, got 1"
llama32_3b,9,128,512,bf16,15.973037719726562,True,nan,
llama32_3b,9,128,512,hadamard,9.803593635559082,True,0.0,
llama32_3b,9,128,512,nar_rope,nan,False,nan,"requires an even number of >=2 groups, got 1"
llama32_3b,9,128,1024,bf16,16.093774795532227,True,nan,
llama32_3b,9,128,1024,hadamard,9.792430877685547,True,0.0,
llama32_3b,9,128,1024,nar_rope,nan,False,nan,"requires an even number of >=2 groups, got 1"
llama32_3b,9,128,2048,bf16,16.141971588134766,True,nan,
llama32_3b,9,128,2048,hadamard,9.734930038452148,True,0.0,
llama32_3b,9,128,2048,nar_rope,nan,False,nan,"requires an even number of >=2 groups, got 1"
llama32_3b,10,32,0,bf16,8.973387718200684,True,nan,
llama32_3b,10,32,0,hadamard,7.655035972595215,True,0.0,
llama32_3b,10,32,0,nar_rope,6.9648051261901855,True,0.0901668978272648,
llama32_3b,10,32,512,bf16,8.896242141723633,True,nan,
llama32_3b,10,32,512,hadamard,7.522040843963623,True,0.0,
llama32_3b,10,32,512,nar_rope,7.107610702514648,True,0.05509543886371628,
llama32_3b,10,32,1024,bf16,8.944433212280273,True,nan,
llama32_3b,10,32,1024,hadamard,7.64835786819458,True,0.0,
llama32_3b,10,32,1024,nar_rope,7.020383834838867,True,0.08210573356760936,
llama32_3b,10,32,2048,bf16,8.897985458374023,True,nan,
llama32_3b,10,32,2048,hadamard,7.717373847961426,True,0.0,
llama32_3b,10,32,2048,nar_rope,7.055471420288086,True,0.08576783251833575,
llama32_3b,10,64,0,bf16,12.129657745361328,True,nan,
llama32_3b,10,64,0,hadamard,8.598520278930664,True,0.0,
llama32_3b,10,64,0,nar_rope,8.113664627075195,True,0.056388266367590256,
llama32_3b,10,64,512,bf16,12.052570343017578,True,nan,
llama32_3b,10,64,512,hadamard,8.524982452392578,True,0.0,
llama32_3b,10,64,512,nar_rope,8.161128997802734,True,0.04268084498962534,
llama32_3b,10,64,1024,bf16,12.09402847290039,True,nan,
llama32_3b,10,64,1024,hadamard,8.624833106994629,True,0.0,
llama32_3b,10,64,1024,nar_rope,8.125467300415039,True,0.05789860515383313,
llama32_3b,10,64,2048,bf16,12.055749893188477,True,nan,
llama32_3b,10,64,2048,hadamard,8.515552520751953,True,0.0,
llama32_3b,10,64,2048,nar_rope,8.230727195739746,True,0.033447662300021365,
llama32_3b,10,128,0,bf16,14.938613891601562,True,nan,
llama32_3b,10,128,0,hadamard,9.724814414978027,True,0.0,
llama32_3b,10,128,0,nar_rope,nan,False,nan,"requires an even number of >=2 groups, got 1"
llama32_3b,10,128,512,bf16,14.888763427734375,True,nan,
llama32_3b,10,128,512,hadamard,9.580469131469727,True,0.0,
llama32_3b,10,128,512,nar_rope,nan,False,nan,"requires an even number of >=2 groups, got 1"
llama32_3b,10,128,1024,bf16,14.900514602661133,True,nan,
llama32_3b,10,128,1024,hadamard,9.639875411987305,True,0.0,
llama32_3b,10,128,1024,nar_rope,nan,False,nan,"requires an even number of >=2 groups, got 1"
llama32_3b,10,128,2048,bf16,14.884838104248047,True,nan,
llama32_3b,10,128,2048,hadamard,9.613912582397461,True,0.0,
llama32_3b,10,128,2048,nar_rope,nan,False,nan,"requires an even number of >=2 groups, got 1"
llama32_3b,11,32,0,bf16,10.368281364440918,True,nan,
llama32_3b,11,32,0,hadamard,8.313672065734863,True,0.0,
llama32_3b,11,32,0,nar_rope,7.181107997894287,True,0.13622910055695905,
llama32_3b,11,32,512,bf16,10.194146156311035,True,nan,
llama32_3b,11,32,512,hadamard,8.346296310424805,True,0.0,
llama32_3b,11,32,512,nar_rope,7.157986640930176,True,0.14237568680737947,
llama32_3b,11,32,1024,bf16,10.220426559448242,True,nan,
llama32_3b,11,32,1024,hadamard,8.262781143188477,True,0.0,
llama32_3b,11,32,1024,nar_rope,7.200201034545898,True,0.12859836055545643,
llama32_3b,11,32,2048,bf16,10.210397720336914,True,nan,
llama32_3b,11,32,2048,hadamard,8.229829788208008,True,0.0,
llama32_3b,11,32,2048,nar_rope,7.210583686828613,True,0.1238477742078951,
llama32_3b,11,64,0,bf16,14.161239624023438,True,nan,
llama32_3b,11,64,0,hadamard,9.229862213134766,True,0.0,
llama32_3b,11,64,0,nar_rope,8.52675724029541,True,0.07617719058024354,
llama32_3b,11,64,512,bf16,13.940731048583984,True,nan,
llama32_3b,11,64,512,hadamard,9.1743803024292,True,0.0,
llama32_3b,11,64,512,nar_rope,8.533560752868652,True,0.06984881032137617,
llama32_3b,11,64,1024,bf16,14.104523658752441,True,nan,
llama32_3b,11,64,1024,hadamard,9.051387786865234,True,0.0,
llama32_3b,11,64,1024,nar_rope,8.444843292236328,True,0.06701121517620567,
llama32_3b,11,64,2048,bf16,14.06443977355957,True,nan,
llama32_3b,11,64,2048,hadamard,9.23827838897705,True,0.0,
llama32_3b,11,64,2048,nar_rope,8.601244926452637,True,0.06895586338732886,
llama32_3b,11,128,0,bf16,19.657533645629883,True,nan,
llama32_3b,11,128,0,hadamard,10.2345552444458,True,0.0,
llama32_3b,11,128,0,nar_rope,nan,False,nan,"requires an even number of >=2 groups, got 1"
llama32_3b,11,128,512,bf16,19.607500076293945,True,nan,
llama32_3b,11,128,512,hadamard,10.044416427612305,True,0.0,
llama32_3b,11,128,512,nar_rope,nan,False,nan,"requires an even number of >=2 groups, got 1"
llama32_3b,11,128,1024,bf16,19.554412841796875,True,nan,
llama32_3b,11,128,1024,hadamard,10.019760131835938,True,0.0,
llama32_3b,11,128,1024,nar_rope,nan,False,nan,"requires an even number of >=2 groups, got 1"
llama32_3b,11,128,2048,bf16,19.535125732421875,True,nan,
llama32_3b,11,128,2048,hadamard,10.071309089660645,True,0.0,
llama32_3b,11,128,2048,nar_rope,nan,False,nan,"requires an even number of >=2 groups, got 1"
llama32_3b,12,32,0,bf16,8.562773704528809,True,nan,
llama32_3b,12,32,0,hadamard,7.908379077911377,True,0.0,
llama32_3b,12,32,0,nar_rope,7.2840423583984375,True,0.07894623074616554,
llama32_3b,12,32,512,bf16,8.488298416137695,True,nan,
llama32_3b,12,32,512,hadamard,7.870611667633057,True,0.0,
llama32_3b,12,32,512,nar_rope,7.254081726074219,True,0.07833316743274771,
llama32_3b,12,32,1024,bf16,8.525026321411133,True,nan,
llama32_3b,12,32,1024,hadamard,7.949803829193115,True,0.0,
llama32_3b,12,32,1024,nar_rope,7.320605754852295,True,0.07914636484868864,
llama32_3b,12,32,2048,bf16,8.467912673950195,True,nan,
llama32_3b,12,32,2048,hadamard,7.906000137329102,True,0.0,
llama32_3b,12,32,2048,nar_rope,7.315248489379883,True,0.07472193747631194,
llama32_3b,12,64,0,bf16,11.672579765319824,True,nan,
llama32_3b,12,64,0,hadamard,8.939281463623047,True,0.0,
llama32_3b,12,64,0,nar_rope,8.457582473754883,True,0.05388564973911604,
llama32_3b,12,64,512,bf16,11.610014915466309,True,nan,
llama32_3b,12,64,512,hadamard,8.94421100616455,True,0.0,
llama32_3b,12,64,512,nar_rope,8.460269927978516,True,0.054106625822276794,
llama32_3b,12,64,1024,bf16,11.63682746887207,True,nan,
llama32_3b,12,64,1024,hadamard,8.86539077758789,True,0.0,
llama32_3b,12,64,1024,nar_rope,8.449272155761719,True,0.04693742580170731,
llama32_3b,12,64,2048,bf16,11.519420623779297,True,nan,
llama32_3b,12,64,2048,hadamard,8.998842239379883,True,0.0,
llama32_3b,12,64,2048,nar_rope,8.546956062316895,True,0.050216035023426316,
llama32_3b,12,128,0,bf16,14.254446983337402,True,nan,
llama32_3b,12,128,0,hadamard,9.820755958557129,True,0.0,
llama32_3b,12,128,0,nar_rope,nan,False,nan,"requires an even number of >=2 groups, got 1"
llama32_3b,12,128,512,bf16,14.240097999572754,True,nan,
llama32_3b,12,128,512,hadamard,9.797539710998535,True,0.0,
llama32_3b,12,128,512,nar_rope,nan,False,nan,"requires an even number of >=2 groups, got 1"
llama32_3b,12,128,1024,bf16,14.246953964233398,True,nan,
llama32_3b,12,128,1024,hadamard,9.88774299621582,True,0.0,
llama32_3b,12,128,1024,nar_rope,nan,False,nan,"requires an even number of >=2 groups, got 1"
llama32_3b,12,128,2048,bf16,14.208230018615723,True,nan,
llama32_3b,12,128,2048,hadamard,9.859062194824219,True,0.0,
llama32_3b,12,128,2048,nar_rope,nan,False,nan,"requires an even number of >=2 groups, got 1"
llama32_3b,13,32,0,bf16,9.279928207397461,True,nan,
llama32_3b,13,32,0,hadamard,8.224098205566406,True,0.0,
llama32_3b,13,32,0,nar_rope,7.55610466003418,True,0.08122392617832569,
llama32_3b,13,32,512,bf16,9.12553882598877,True,nan,
llama32_3b,13,32,512,hadamard,8.35036849975586,True,0.0,
llama32_3b,13,32,512,nar_rope,7.535578727722168,True,0.0975753072523103,
llama32_3b,13,32,1024,bf16,9.195901870727539,True,nan,
llama32_3b,13,32,1024,hadamard,8.253053665161133,True,0.0,
llama32_3b,13,32,1024,nar_rope,7.557674407958984,True,0.08425720774573103,
llama32_3b,13,32,2048,bf16,9.199737548828125,True,nan,
llama32_3b,13,32,2048,hadamard,8.280315399169922,True,0.0,
llama32_3b,13,32,2048,nar_rope,7.523479461669922,True,0.09140182481163346,
llama32_3b,13,64,0,bf16,12.727255821228027,True,nan,
llama32_3b,13,64,0,hadamard,9.313859939575195,True,0.0,
llama32_3b,13,64,0,nar_rope,8.909862518310547,True,0.04337593907205295,
llama32_3b,13,64,512,bf16,12.676741600036621,True,nan,
llama32_3b,13,64,512,hadamard,9.220498085021973,True,0.0,
llama32_3b,13,64,512,nar_rope,8.831878662109375,True,0.04214733513625274,
llama32_3b,13,64,1024,bf16,12.613672256469727,True,nan,
llama32_3b,13,64,1024,hadamard,9.26911735534668,True,0.0,
llama32_3b,13,64,1024,nar_rope,8.753049850463867,True,0.05567601370211703,
llama32_3b,13,64,2048,bf16,12.722545623779297,True,nan,
llama32_3b,13,64,2048,hadamard,9.336755752563477,True,0.0,
llama32_3b,13,64,2048,nar_rope,8.738641738891602,True,0.06406015424658167,
llama32_3b,13,128,0,bf16,15.742799758911133,True,nan,
llama32_3b,13,128,0,hadamard,10.265161514282227,True,0.0,
llama32_3b,13,128,0,nar_rope,nan,False,nan,"requires an even number of >=2 groups, got 1"
llama32_3b,13,128,512,bf16,15.661338806152344,True,nan,
llama32_3b,13,128,512,hadamard,10.449115753173828,True,0.0,
llama32_3b,13,128,512,nar_rope,nan,False,nan,"requires an even number of >=2 groups, got 1"
llama32_3b,13,128,1024,bf16,15.655500411987305,True,nan,
llama32_3b,13,128,1024,hadamard,10.285421371459961,True,0.0,
llama32_3b,13,128,1024,nar_rope,nan,False,nan,"requires an even number of >=2 groups, got 1"
llama32_3b,13,128,2048,bf16,15.764830589294434,True,nan,
llama32_3b,13,128,2048,hadamard,10.285330772399902,True,0.0,
llama32_3b,13,128,2048,nar_rope,nan,False,nan,"requires an even number of >=2 groups, got 1"
llama32_3b,14,32,0,bf16,9.119483947753906,True,nan,
llama32_3b,14,32,0,hadamard,8.061159133911133,True,0.0,
llama32_3b,14,32,0,nar_rope,7.2935590744018555,True,0.09522204521185916,
llama32_3b,14,32,512,bf16,9.022883415222168,True,nan,
llama32_3b,14,32,512,hadamard,8.118563652038574,True,0.0,
llama32_3b,14,32,512,nar_rope,7.274670600891113,True,0.10394610269952852,
llama32_3b,14,32,1024,bf16,9.055487632751465,True,nan,
llama32_3b,14,32,1024,hadamard,8.162176132202148,True,0.0,
llama32_3b,14,32,1024,nar_rope,7.209502220153809,True,0.11671812720259311,
llama32_3b,14,32,2048,bf16,9.081787109375,True,nan,
llama32_3b,14,32,2048,hadamard,8.066566467285156,True,0.0,
llama32_3b,14,32,2048,nar_rope,7.30276346206665,True,0.09468749911330832,
llama32_3b,14,64,0,bf16,12.017875671386719,True,nan,
llama32_3b,14,64,0,hadamard,9.097064971923828,True,0.0,
llama32_3b,14,64,0,nar_rope,8.279924392700195,True,0.08982463923755242,
llama32_3b,14,64,512,bf16,11.848264694213867,True,nan,
llama32_3b,14,64,512,hadamard,8.990095138549805,True,0.0,
llama32_3b,14,64,512,nar_rope,8.363360404968262,True,0.06971391558406152,
llama32_3b,14,64,1024,bf16,11.945882797241211,True,nan,
llama32_3b,14,64,1024,hadamard,9.12781047821045,True,0.0,
llama32_3b,14,64,1024,nar_rope,8.333845138549805,True,0.08698310964671839,
llama32_3b,14,64,2048,bf16,11.91295051574707,True,nan,
llama32_3b,14,64,2048,hadamard,9.168636322021484,True,0.0,
llama32_3b,14,64,2048,nar_rope,8.264812469482422,True,0.09857778417584667,
llama32_3b,14,128,0,bf16,15.650928497314453,True,nan,
llama32_3b,14,128,0,hadamard,9.927096366882324,True,0.0,
llama32_3b,14,128,0,nar_rope,nan,False,nan,"requires an even number of >=2 groups, got 1"
llama32_3b,14,128,512,bf16,15.508896827697754,True,nan,
llama32_3b,14,128,512,hadamard,10.036885261535645,True,0.0,
llama32_3b,14,128,512,nar_rope,nan,False,nan,"requires an even number of >=2 groups, got 1"
llama32_3b,14,128,1024,bf16,15.594889640808105,True,nan,
llama32_3b,14,128,1024,hadamard,9.828897476196289,True,0.0,
llama32_3b,14,128,1024,nar_rope,nan,False,nan,"requires an even number of >=2 groups, got 1"
llama32_3b,14,128,2048,bf16,15.57121467590332,True,nan,
llama32_3b,14,128,2048,hadamard,10.044910430908203,True,0.0,
llama32_3b,14,128,2048,nar_rope,nan,False,nan,"requires an even number of >=2 groups, got 1"
llama32_3b,15,32,0,bf16,8.700736045837402,True,nan,
llama32_3b,15,32,0,hadamard,7.746520042419434,True,0.0,
llama32_3b,15,32,0,nar_rope,7.282988548278809,True,0.05983738396110216,
llama32_3b,15,32,512,bf16,8.600239753723145,True,nan,
llama32_3b,15,32,512,hadamard,7.8204026222229,True,0.0,
llama32_3b,15,32,512,nar_rope,7.181114196777344,True,0.08174622923235669,
llama32_3b,15,32,1024,bf16,8.616164207458496,True,nan,
llama32_3b,15,32,1024,hadamard,7.829663276672363,True,0.0,
llama32_3b,15,32,1024,nar_rope,7.188639163970947,True,0.08187122358266391,
llama32_3b,15,32,2048,bf16,8.620807647705078,True,nan,
llama32_3b,15,32,2048,hadamard,7.771700859069824,True,0.0,
llama32_3b,15,32,2048,nar_rope,7.144218444824219,True,0.08073939355415531,
llama32_3b,15,64,0,bf16,11.698582649230957,True,nan,
llama32_3b,15,64,0,hadamard,8.837722778320312,True,0.0,
llama32_3b,15,64,0,nar_rope,8.294254302978516,True,0.0614941754763989,
llama32_3b,15,64,512,bf16,11.611615180969238,True,nan,
llama32_3b,15,64,512,hadamard,8.66556167602539,True,0.0,
llama32_3b,15,64,512,nar_rope,8.26861572265625,True,0.045807296538821325,
llama32_3b,15,64,1024,bf16,11.574063301086426,True,nan,
llama32_3b,15,64,1024,hadamard,8.757913589477539,True,0.0,
llama32_3b,15,64,1024,nar_rope,8.266701698303223,True,0.05608777549078559,
llama32_3b,15,64,2048,bf16,11.540205955505371,True,nan,
llama32_3b,15,64,2048,hadamard,8.690393447875977,True,0.0,
llama32_3b,15,64,2048,nar_rope,8.331199645996094,True,0.041332283058792184,
llama32_3b,15,128,0,bf16,14.804336547851562,True,nan,
llama32_3b,15,128,0,hadamard,9.726383209228516,True,0.0,
llama32_3b,15,128,0,nar_rope,nan,False,nan,"requires an even number of >=2 groups, got 1"
llama32_3b,15,128,512,bf16,14.743867874145508,True,nan,
llama32_3b,15,128,512,hadamard,9.950745582580566,True,0.0,
llama32_3b,15,128,512,nar_rope,nan,False,nan,"requires an even number of >=2 groups, got 1"
llama32_3b,15,128,1024,bf16,14.763797760009766,True,nan,
llama32_3b,15,128,1024,hadamard,9.744948387145996,True,0.0,
llama32_3b,15,128,1024,nar_rope,nan,False,nan,"requires an even number of >=2 groups, got 1"
llama32_3b,15,128,2048,bf16,14.695792198181152,True,nan,
llama32_3b,15,128,2048,hadamard,9.704874038696289,True,0.0,
llama32_3b,15,128,2048,nar_rope,nan,False,nan,"requires an even number of >=2 groups, got 1"
llama32_3b,16,32,0,bf16,9.050809860229492,True,nan,
llama32_3b,16,32,0,hadamard,7.948464870452881,True,0.0,
llama32_3b,16,32,0,nar_rope,7.3786301612854,True,0.07169116533253457,
llama32_3b,16,32,512,bf16,8.98410415649414,True,nan,
llama32_3b,16,32,512,hadamard,8.062515258789062,True,0.0,
llama32_3b,16,32,512,nar_rope,7.3196516036987305,True,0.0921379533862619,
llama32_3b,16,32,1024,bf16,9.017768859863281,True,nan,
llama32_3b,16,32,1024,hadamard,7.9683122634887695,True,0.0,
llama32_3b,16,32,1024,nar_rope,7.411342620849609,True,0.06989806928014414,
llama32_3b,16,32,2048,bf16,9.031373023986816,True,nan,
llama32_3b,16,32,2048,hadamard,7.995298862457275,True,0.0,
llama32_3b,16,32,2048,nar_rope,7.430541038513184,True,0.07063623682611397,
llama32_3b,16,64,0,bf16,12.161291122436523,True,nan,
llama32_3b,16,64,0,hadamard,9.048784255981445,True,0.0,
llama32_3b,16,64,0,nar_rope,8.481075286865234,True,0.06273870091895968,
llama32_3b,16,64,512,bf16,12.07406997680664,True,nan,
llama32_3b,16,64,512,hadamard,9.092479705810547,True,0.0,
llama32_3b,16,64,512,nar_rope,8.596243858337402,True,0.054576514166539754,
llama32_3b,16,64,1024,bf16,12.074908256530762,True,nan,
llama32_3b,16,64,1024,hadamard,9.022821426391602,True,0.0,
llama32_3b,16,64,1024,nar_rope,8.489643096923828,True,0.05909219569703948,
llama32_3b,16,64,2048,bf16,12.125351905822754,True,nan,
llama32_3b,16,64,2048,hadamard,8.961289405822754,True,0.0,
llama32_3b,16,64,2048,nar_rope,8.492549896240234,True,0.052307150048959236,
llama32_3b,16,128,0,bf16,15.577417373657227,True,nan,
llama32_3b,16,128,0,hadamard,9.78736686706543,True,0.0,
llama32_3b,16,128,0,nar_rope,nan,False,nan,"requires an even number of >=2 groups, got 1"
llama32_3b,16,128,512,bf16,15.499478340148926,True,nan,
llama32_3b,16,128,512,hadamard,9.911014556884766,True,0.0,
llama32_3b,16,128,512,nar_rope,nan,False,nan,"requires an even number of >=2 groups, got 1"
llama32_3b,16,128,1024,bf16,15.497634887695312,True,nan,
llama32_3b,16,128,1024,hadamard,9.869916915893555,True,0.0,
llama32_3b,16,128,1024,nar_rope,nan,False,nan,"requires an even number of >=2 groups, got 1"
llama32_3b,16,128,2048,bf16,15.509361267089844,True,nan,
llama32_3b,16,128,2048,hadamard,9.772830963134766,True,0.0,
llama32_3b,16,128,2048,nar_rope,nan,False,nan,"requires an even number of >=2 groups, got 1"
llama32_3b,17,32,0,bf16,8.750914573669434,True,nan,
llama32_3b,17,32,0,hadamard,7.700346946716309,True,0.0,
llama32_3b,17,32,0,nar_rope,6.943367004394531,True,0.09830465400582755,
llama32_3b,17,32,512,bf16,8.727703094482422,True,nan,
llama32_3b,17,32,512,hadamard,7.559995651245117,True,0.0,
llama32_3b,17,32,512,nar_rope,6.943976879119873,True,0.08148401143905248,
llama32_3b,17,32,1024,bf16,8.769351959228516,True,nan,
llama32_3b,17,32,1024,hadamard,7.632268905639648,True,0.0,
llama32_3b,17,32,1024,nar_rope,6.8866472244262695,True,0.0976933190420509,
llama32_3b,17,32,2048,bf16,8.693887710571289,True,nan,
llama32_3b,17,32,2048,hadamard,7.590193748474121,True,0.0,
llama32_3b,17,32,2048,nar_rope,6.946993827819824,True,0.08474090938503398,
llama32_3b,17,64,0,bf16,11.787519454956055,True,nan,
llama32_3b,17,64,0,hadamard,8.508807182312012,True,0.0,
llama32_3b,17,64,0,nar_rope,8.085633277893066,True,0.049733634262935617,
llama32_3b,17,64,512,bf16,11.763148307800293,True,nan,
llama32_3b,17,64,512,hadamard,8.487351417541504,True,0.0,
llama32_3b,17,64,512,nar_rope,8.121244430541992,True,0.04313559896233923,
llama32_3b,17,64,1024,bf16,11.826385498046875,True,nan,
llama32_3b,17,64,1024,hadamard,8.533266067504883,True,0.0,
llama32_3b,17,64,1024,nar_rope,8.088111877441406,True,0.052166917864971615,
llama32_3b,17,64,2048,bf16,11.712564468383789,True,nan,
llama32_3b,17,64,2048,hadamard,8.522466659545898,True,0.0,
llama32_3b,17,64,2048,nar_rope,8.097464561462402,True,0.04986843774946976,
llama32_3b,17,128,0,bf16,15.109132766723633,True,nan,
llama32_3b,17,128,0,hadamard,9.435501098632812,True,0.0,
llama32_3b,17,128,0,nar_rope,nan,False,nan,"requires an even number of >=2 groups, got 1"
llama32_3b,17,128,512,bf16,15.079545974731445,True,nan,
llama32_3b,17,128,512,hadamard,9.610176086425781,True,0.0,
llama32_3b,17,128,512,nar_rope,nan,False,nan,"requires an even number of >=2 groups, got 1"
llama32_3b,17,128,1024,bf16,15.11021614074707,True,nan,
llama32_3b,17,128,1024,hadamard,9.466519355773926,True,0.0,
llama32_3b,17,128,1024,nar_rope,nan,False,nan,"requires an even number of >=2 groups, got 1"
llama32_3b,17,128,2048,bf16,15.080474853515625,True,nan,
llama32_3b,17,128,2048,hadamard,9.484044075012207,True,0.0,
llama32_3b,17,128,2048,nar_rope,nan,False,nan,"requires an even number of >=2 groups, got 1"
llama32_3b,18,32,0,bf16,9.064998626708984,True,nan,
llama32_3b,18,32,0,hadamard,7.744080543518066,True,0.0,
llama32_3b,18,32,0,nar_rope,7.071760177612305,True,0.08681732610187091,
llama32_3b,18,32,512,bf16,8.978838920593262,True,nan,
llama32_3b,18,32,512,hadamard,7.743922233581543,True,0.0,
llama32_3b,18,32,512,nar_rope,7.022292613983154,True,0.09318657882036051,
llama32_3b,18,32,1024,bf16,8.97775936126709,True,nan,
llama32_3b,18,32,1024,hadamard,7.789429187774658,True,0.0,
llama32_3b,18,32,1024,nar_rope,6.998645782470703,True,0.10152007114270616,
llama32_3b,18,32,2048,bf16,8.962039947509766,True,nan,
llama32_3b,18,32,2048,hadamard,7.7949628829956055,True,0.0,
llama32_3b,18,32,2048,nar_rope,7.044522762298584,True,0.09627244310990576,
llama32_3b,18,64,0,bf16,12.266622543334961,True,nan,
llama32_3b,18,64,0,hadamard,8.617742538452148,True,0.0,
llama32_3b,18,64,0,nar_rope,8.159051895141602,True,0.05322631086550577,
llama32_3b,18,64,512,bf16,12.249368667602539,True,nan,
llama32_3b,18,64,512,hadamard,8.662363052368164,True,0.0,
llama32_3b,18,64,512,nar_rope,8.181177139282227,True,0.055549035543411944,
llama32_3b,18,64,1024,bf16,12.262118339538574,True,nan,
llama32_3b,18,64,1024,hadamard,8.799103736877441,True,0.0,
llama32_3b,18,64,1024,nar_rope,8.267928123474121,True,0.0603670134240081,
llama32_3b,18,64,2048,bf16,12.197248458862305,True,nan,
llama32_3b,18,64,2048,hadamard,8.665672302246094,True,0.0,
llama32_3b,18,64,2048,nar_rope,8.21790599822998,True,0.05167127124113091,
llama32_3b,18,128,0,bf16,14.784268379211426,True,nan,
llama32_3b,18,128,0,hadamard,9.867414474487305,True,0.0,
llama32_3b,18,128,0,nar_rope,nan,False,nan,"requires an even number of >=2 groups, got 1"
llama32_3b,18,128,512,bf16,14.759237289428711,True,nan,
llama32_3b,18,128,512,hadamard,9.644624710083008,True,0.0,
llama32_3b,18,128,512,nar_rope,nan,False,nan,"requires an even number of >=2 groups, got 1"
llama32_3b,18,128,1024,bf16,14.775186538696289,True,nan,
llama32_3b,18,128,1024,hadamard,9.593318939208984,True,0.0,
llama32_3b,18,128,1024,nar_rope,nan,False,nan,"requires an even number of >=2 groups, got 1"
llama32_3b,18,128,2048,bf16,14.74738883972168,True,nan,
llama32_3b,18,128,2048,hadamard,9.84332275390625,True,0.0,
llama32_3b,18,128,2048,nar_rope,nan,False,nan,"requires an even number of >=2 groups, got 1"
llama32_3b,19,32,0,bf16,9.394842147827148,True,nan,
llama32_3b,19,32,0,hadamard,7.921396255493164,True,0.0,
llama32_3b,19,32,0,nar_rope,7.229244709014893,True,0.08737746782939848,
llama32_3b,19,32,512,bf16,9.268589973449707,True,nan,
llama32_3b,19,32,512,hadamard,7.966205596923828,True,0.0,
llama32_3b,19,32,512,nar_rope,7.271353721618652,True,0.08722494879789378,
llama32_3b,19,32,1024,bf16,9.318038940429688,True,nan,
llama32_3b,19,32,1024,hadamard,7.927591323852539,True,0.0,
llama32_3b,19,32,1024,nar_rope,7.255253791809082,True,0.08480981228441073,
llama32_3b,19,32,2048,bf16,9.348770141601562,True,nan,
llama32_3b,19,32,2048,hadamard,7.943271636962891,True,0.0,
llama32_3b,19,32,2048,nar_rope,7.251528263092041,True,0.08708544860179775,
llama32_3b,19,64,0,bf16,12.653125762939453,True,nan,
llama32_3b,19,64,0,hadamard,8.875670433044434,True,0.0,
llama32_3b,19,64,0,nar_rope,8.475265502929688,True,0.04511264057575014,
llama32_3b,19,64,512,bf16,12.594344139099121,True,nan,
llama32_3b,19,64,512,hadamard,8.923604965209961,True,0.0,
llama32_3b,19,64,512,nar_rope,8.526873588562012,True,0.044458644033960174,
llama32_3b,19,64,1024,bf16,12.596681594848633,True,nan,
llama32_3b,19,64,1024,hadamard,9.04603099822998,True,0.0,
llama32_3b,19,64,1024,nar_rope,8.58969497680664,True,0.05044599355370662,
llama32_3b,19,64,2048,bf16,12.602972030639648,True,nan,
llama32_3b,19,64,2048,hadamard,8.928571701049805,True,0.0,
llama32_3b,19,64,2048,nar_rope,8.47580337524414,True,0.050710050942686435,
llama32_3b,19,128,0,bf16,16.221284866333008,True,nan,
llama32_3b,19,128,0,hadamard,10.08799934387207,True,0.0,
llama32_3b,19,128,0,nar_rope,nan,False,nan,"requires an even number of >=2 groups, got 1"
llama32_3b,19,128,512,bf16,16.223186492919922,True,nan,
llama32_3b,19,128,512,hadamard,9.72562313079834,True,0.0,
llama32_3b,19,128,512,nar_rope,nan,False,nan,"requires an even number of >=2 groups, got 1"
llama32_3b,19,128,1024,bf16,16.21359634399414,True,nan,
llama32_3b,19,128,1024,hadamard,10.00838851928711,True,0.0,
llama32_3b,19,128,1024,nar_rope,nan,False,nan,"requires an even number of >=2 groups, got 1"
llama32_3b,19,128,2048,bf16,16.217355728149414,True,nan,
llama32_3b,19,128,2048,hadamard,9.853395462036133,True,0.0,
llama32_3b,19,128,2048,nar_rope,nan,False,nan,"requires an even number of >=2 groups, got 1"
llama32_3b,20,32,0,bf16,8.996925354003906,True,nan,
llama32_3b,20,32,0,hadamard,7.771623134613037,True,0.0,
llama32_3b,20,32,0,nar_rope,6.934274673461914,True,0.1077443471778455,
llama32_3b,20,32,512,bf16,8.886709213256836,True,nan,
llama32_3b,20,32,512,hadamard,7.860997200012207,True,0.0,
llama32_3b,20,32,512,nar_rope,6.972894668579102,True,0.11297581068108335,
llama32_3b,20,32,1024,bf16,8.94288444519043,True,nan,
llama32_3b,20,32,1024,hadamard,7.801797866821289,True,0.0,
llama32_3b,20,32,1024,nar_rope,7.003629684448242,True,0.10230567312791033,
llama32_3b,20,32,2048,bf16,8.946619987487793,True,nan,
llama32_3b,20,32,2048,hadamard,7.841482162475586,True,0.0,
llama32_3b,20,32,2048,nar_rope,6.956313610076904,True,0.11288281144533402,
llama32_3b,20,64,0,bf16,12.238304138183594,True,nan,
llama32_3b,20,64,0,hadamard,8.65697193145752,True,0.0,
llama32_3b,20,64,0,nar_rope,8.441911697387695,True,0.024842431715452713,
llama32_3b,20,64,512,bf16,12.131766319274902,True,nan,
llama32_3b,20,64,512,hadamard,8.59531307220459,True,0.0,
llama32_3b,20,64,512,nar_rope,8.305727005004883,True,0.033691159910878246,
llama32_3b,20,64,1024,bf16,12.13885498046875,True,nan,
llama32_3b,20,64,1024,hadamard,8.666267395019531,True,0.0,
llama32_3b,20,64,1024,nar_rope,8.424871444702148,True,0.027854662141640365,
llama32_3b,20,64,2048,bf16,12.134427070617676,True,nan,
llama32_3b,20,64,2048,hadamard,8.671858787536621,True,0.0,
llama32_3b,20,64,2048,nar_rope,8.296031951904297,True,0.043338671078508625,
llama32_3b,20,128,0,bf16,16.194873809814453,True,nan,
llama32_3b,20,128,0,hadamard,9.876148223876953,True,0.0,
llama32_3b,20,128,0,nar_rope,nan,False,nan,"requires an even number of >=2 groups, got 1"
llama32_3b,20,128,512,bf16,16.19122314453125,True,nan,
llama32_3b,20,128,512,hadamard,9.885039329528809,True,0.0,
llama32_3b,20,128,512,nar_rope,nan,False,nan,"requires an even number of >=2 groups, got 1"
llama32_3b,20,128,1024,bf16,16.190425872802734,True,nan,
llama32_3b,20,128,1024,hadamard,9.804676055908203,True,0.0,
llama32_3b,20,128,1024,nar_rope,nan,False,nan,"requires an even number of >=2 groups, got 1"
llama32_3b,20,128,2048,bf16,16.181791305541992,True,nan,
llama32_3b,20,128,2048,hadamard,9.751012802124023,True,0.0,
llama32_3b,20,128,2048,nar_rope,nan,False,nan,"requires an even number of >=2 groups, got 1"
llama32_3b,21,32,0,bf16,9.054847717285156,True,nan,
llama32_3b,21,32,0,hadamard,7.591952323913574,True,0.0,
llama32_3b,21,32,0,nar_rope,6.906424522399902,True,0.0902966420579798,
llama32_3b,21,32,512,bf16,8.975316047668457,True,nan,
llama32_3b,21,32,512,hadamard,7.517782211303711,True,0.0,
llama32_3b,21,32,512,nar_rope,6.959353446960449,True,0.07428105106631185,
llama32_3b,21,32,1024,bf16,9.021322250366211,True,nan,
llama32_3b,21,32,1024,hadamard,7.577441215515137,True,0.0,
llama32_3b,21,32,1024,nar_rope,6.91957426071167,True,0.08681914330875387,
llama32_3b,21,32,2048,bf16,8.992876052856445,True,nan,
llama32_3b,21,32,2048,hadamard,7.558233261108398,True,0.0,
llama32_3b,21,32,2048,nar_rope,6.942724227905273,True,0.08143556991953195,
llama32_3b,21,64,0,bf16,12.40416431427002,True,nan,
llama32_3b,21,64,0,hadamard,8.49639892578125,True,0.0,
llama32_3b,21,64,0,nar_rope,8.188658714294434,True,0.03622007560791638,
llama32_3b,21,64,512,bf16,12.40037727355957,True,nan,
llama32_3b,21,64,512,hadamard,8.486089706420898,True,0.0,
llama32_3b,21,64,512,nar_rope,8.418621063232422,True,0.007950498465438943,
llama32_3b,21,64,1024,bf16,12.44403076171875,True,nan,
llama32_3b,21,64,1024,hadamard,8.532243728637695,True,0.0,
llama32_3b,21,64,1024,nar_rope,8.17023754119873,True,0.04242801764135314,
llama32_3b,21,64,2048,bf16,12.427947044372559,True,nan,
llama32_3b,21,64,2048,hadamard,8.450855255126953,True,0.0,
llama32_3b,21,64,2048,nar_rope,8.178668975830078,True,0.03220813409764005,
llama32_3b,21,128,0,bf16,16.429901123046875,True,nan,
llama32_3b,21,128,0,hadamard,9.238750457763672,True,0.0,
llama32_3b,21,128,0,nar_rope,nan,False,nan,"requires an even number of >=2 groups, got 1"
llama32_3b,21,128,512,bf16,16.41466522216797,True,nan,
llama32_3b,21,128,512,hadamard,9.424254417419434,True,0.0,
llama32_3b,21,128,512,nar_rope,nan,False,nan,"requires an even number of >=2 groups, got 1"
llama32_3b,21,128,1024,bf16,16.42934226989746,True,nan,
llama32_3b,21,128,1024,hadamard,9.351790428161621,True,0.0,
llama32_3b,21,128,1024,nar_rope,nan,False,nan,"requires an even number of >=2 groups, got 1"
llama32_3b,21,128,2048,bf16,16.37805938720703,True,nan,
llama32_3b,21,128,2048,hadamard,9.382280349731445,True,0.0,
llama32_3b,21,128,2048,nar_rope,nan,False,nan,"requires an even number of >=2 groups, got 1"
llama32_3b,22,32,0,bf16,9.124101638793945,True,nan,
llama32_3b,22,32,0,hadamard,7.502483367919922,True,0.0,
llama32_3b,22,32,0,nar_rope,6.674532890319824,True,0.11035685612318105,
llama32_3b,22,32,512,bf16,9.122943878173828,True,nan,
llama32_3b,22,32,512,hadamard,7.460916519165039,True,0.0,
llama32_3b,22,32,512,nar_rope,6.571054935455322,True,0.11926974138149214,
llama32_3b,22,32,1024,bf16,9.086345672607422,True,nan,
llama32_3b,22,32,1024,hadamard,7.49142599105835,True,0.0,
llama32_3b,22,32,1024,nar_rope,6.643749237060547,True,0.11315292375704927,
llama32_3b,22,32,2048,bf16,9.130865097045898,True,nan,
llama32_3b,22,32,2048,hadamard,7.446046829223633,True,0.0,
llama32_3b,22,32,2048,nar_rope,6.692927837371826,True,0.10114346701339925,
llama32_3b,22,64,0,bf16,12.73245620727539,True,nan,
llama32_3b,22,64,0,hadamard,8.42042064666748,True,0.0,
llama32_3b,22,64,0,nar_rope,7.849303245544434,True,0.06782528154921523,
llama32_3b,22,64,512,bf16,12.786409378051758,True,nan,
llama32_3b,22,64,512,hadamard,8.401968002319336,True,0.0,
llama32_3b,22,64,512,nar_rope,7.949586391448975,True,0.05384233916928544,
llama32_3b,22,64,1024,bf16,12.652552604675293,True,nan,
llama32_3b,22,64,1024,hadamard,8.345282554626465,True,0.0,
llama32_3b,22,64,1024,nar_rope,7.8126373291015625,True,0.06382590667701407,
llama32_3b,22,64,2048,bf16,12.701211929321289,True,nan,
llama32_3b,22,64,2048,hadamard,8.503478050231934,True,0.0,
llama32_3b,22,64,2048,nar_rope,7.890454292297363,True,0.07209094376598643,
llama32_3b,22,128,0,bf16,17.45011329650879,True,nan,
llama32_3b,22,128,0,hadamard,9.292928695678711,True,0.0,
llama32_3b,22,128,0,nar_rope,nan,False,nan,"requires an even number of >=2 groups, got 1"
llama32_3b,22,128,512,bf16,17.37415313720703,True,nan,
llama32_3b,22,128,512,hadamard,9.397706985473633,True,0.0,
llama32_3b,22,128,512,nar_rope,nan,False,nan,"requires an even number of >=2 groups, got 1"
llama32_3b,22,128,1024,bf16,17.31814193725586,True,nan,
llama32_3b,22,128,1024,hadamard,9.299469947814941,True,0.0,
llama32_3b,22,128,1024,nar_rope,nan,False,nan,"requires an even number of >=2 groups, got 1"
llama32_3b,22,128,2048,bf16,17.311412811279297,True,nan,
llama32_3b,22,128,2048,hadamard,9.284850120544434,True,0.0,
llama32_3b,22,128,2048,nar_rope,nan,False,nan,"requires an even number of >=2 groups, got 1"
llama32_3b,23,32,0,bf16,9.07906723022461,True,nan,
llama32_3b,23,32,0,hadamard,7.760634899139404,True,0.0,
llama32_3b,23,32,0,nar_rope,7.184770584106445,True,0.07420324786787973,
llama32_3b,23,32,512,bf16,8.930354118347168,True,nan,
llama32_3b,23,32,512,hadamard,7.788062572479248,True,0.0,
llama32_3b,23,32,512,nar_rope,7.210986614227295,True,0.07409749894552363,
llama32_3b,23,32,1024,bf16,9.00479793548584,True,nan,
llama32_3b,23,32,1024,hadamard,7.902578353881836,True,0.0,
llama32_3b,23,32,1024,nar_rope,7.083829879760742,True,0.10360523331210189,
llama32_3b,23,32,2048,bf16,9.037808418273926,True,nan,
llama32_3b,23,32,2048,hadamard,7.788701057434082,True,0.0,
llama32_3b,23,32,2048,nar_rope,7.1442670822143555,True,0.08273959553302326,
llama32_3b,23,64,0,bf16,12.44063949584961,True,nan,
llama32_3b,23,64,0,hadamard,8.781980514526367,True,0.0,
llama32_3b,23,64,0,nar_rope,8.238504409790039,True,0.06188536900501641,
llama32_3b,23,64,512,bf16,12.315102577209473,True,nan,
llama32_3b,23,64,512,hadamard,8.799396514892578,True,0.0,
llama32_3b,23,64,512,nar_rope,8.215394973754883,True,0.06636836289276193,
llama32_3b,23,64,1024,bf16,12.335176467895508,True,nan,
llama32_3b,23,64,1024,hadamard,8.754286766052246,True,0.0,
llama32_3b,23,64,1024,nar_rope,8.271392822265625,True,0.05516085509778001,
llama32_3b,23,64,2048,bf16,12.350396156311035,True,nan,
llama32_3b,23,64,2048,hadamard,8.661613464355469,True,0.0,
llama32_3b,23,64,2048,nar_rope,8.216424942016602,True,0.051397874561237386,
llama32_3b,23,128,0,bf16,16.447811126708984,True,nan,
llama32_3b,23,128,0,hadamard,9.764633178710938,True,0.0,
llama32_3b,23,128,0,nar_rope,nan,False,nan,"requires an even number of >=2 groups, got 1"
llama32_3b,23,128,512,bf16,16.37502098083496,True,nan,
llama32_3b,23,128,512,hadamard,9.800905227661133,True,0.0,
llama32_3b,23,128,512,nar_rope,nan,False,nan,"requires an even number of >=2 groups, got 1"
llama32_3b,23,128,1024,bf16,16.326656341552734,True,nan,
llama32_3b,23,128,1024,hadamard,9.658636093139648,True,0.0,
llama32_3b,23,128,1024,nar_rope,nan,False,nan,"requires an even number of >=2 groups, got 1"
llama32_3b,23,128,2048,bf16,16.27261734008789,True,nan,
llama32_3b,23,128,2048,hadamard,9.660113334655762,True,0.0,
llama32_3b,23,128,2048,nar_rope,nan,False,nan,"requires an even number of >=2 groups, got 1"
llama32_3b,24,32,0,bf16,8.984146118164062,True,nan,
llama32_3b,24,32,0,hadamard,7.719986915588379,True,0.0,
llama32_3b,24,32,0,nar_rope,6.998425483703613,True,0.09346666513485559,
llama32_3b,24,32,512,bf16,8.908504486083984,True,nan,
llama32_3b,24,32,512,hadamard,7.742575645446777,True,0.0,
llama32_3b,24,32,512,nar_rope,6.986250877380371,True,0.09768387196981183,
llama32_3b,24,32,1024,bf16,8.93643569946289,True,nan,
llama32_3b,24,32,1024,hadamard,7.850874900817871,True,0.0,
llama32_3b,24,32,1024,nar_rope,6.958876132965088,True,0.11361775332324535,
llama32_3b,24,32,2048,bf16,8.921361923217773,True,nan,
llama32_3b,24,32,2048,hadamard,7.678503036499023,True,0.0,
llama32_3b,24,32,2048,nar_rope,6.992038249969482,True,0.08940086150470956,
llama32_3b,24,64,0,bf16,12.500844955444336,True,nan,
llama32_3b,24,64,0,hadamard,8.709676742553711,True,0.0,
llama32_3b,24,64,0,nar_rope,8.118412017822266,True,0.06788595515177342,
llama32_3b,24,64,512,bf16,12.42312240600586,True,nan,
llama32_3b,24,64,512,hadamard,8.67010498046875,True,0.0,
llama32_3b,24,64,512,nar_rope,8.162313461303711,True,0.0585680935016297,
llama32_3b,24,64,1024,bf16,12.317689895629883,True,nan,
llama32_3b,24,64,1024,hadamard,8.655616760253906,True,0.0,
llama32_3b,24,64,1024,nar_rope,8.193862915039062,True,0.053347307072927584,
llama32_3b,24,64,2048,bf16,12.339384078979492,True,nan,
llama32_3b,24,64,2048,hadamard,8.689492225646973,True,0.0,
llama32_3b,24,64,2048,nar_rope,8.091655731201172,True,0.06879993432542476,
llama32_3b,24,128,0,bf16,16.18518829345703,True,nan,
llama32_3b,24,128,0,hadamard,9.458738327026367,True,0.0,
llama32_3b,24,128,0,nar_rope,nan,False,nan,"requires an even number of >=2 groups, got 1"
llama32_3b,24,128,512,bf16,16.11422348022461,True,nan,
llama32_3b,24,128,512,hadamard,9.406930923461914,True,0.0,
llama32_3b,24,128,512,nar_rope,nan,False,nan,"requires an even number of >=2 groups, got 1"
llama32_3b,24,128,1024,bf16,16.056041717529297,True,nan,
llama32_3b,24,128,1024,hadamard,9.565631866455078,True,0.0,
llama32_3b,24,128,1024,nar_rope,nan,False,nan,"requires an even number of >=2 groups, got 1"
llama32_3b,24,128,2048,bf16,16.059795379638672,True,nan,
llama32_3b,24,128,2048,hadamard,9.597020149230957,True,0.0,
llama32_3b,24,128,2048,nar_rope,nan,False,nan,"requires an even number of >=2 groups, got 1"
llama32_3b,25,32,0,bf16,9.567498207092285,True,nan,
llama32_3b,25,32,0,hadamard,7.735357284545898,True,0.0,
llama32_3b,25,32,0,nar_rope,6.846118927001953,True,0.11495763218597702,
llama32_3b,25,32,512,bf16,9.536917686462402,True,nan,
llama32_3b,25,32,512,hadamard,7.607037544250488,True,0.0,
llama32_3b,25,32,512,nar_rope,6.738524436950684,True,0.11417231770549624,
llama32_3b,25,32,1024,bf16,9.581230163574219,True,nan,
llama32_3b,25,32,1024,hadamard,7.7034912109375,True,0.0,
llama32_3b,25,32,1024,nar_rope,6.759634017944336,True,0.1225233036747112,
llama32_3b,25,32,2048,bf16,9.545608520507812,True,nan,
llama32_3b,25,32,2048,hadamard,7.533750534057617,True,0.0,
llama32_3b,25,32,2048,nar_rope,6.750580787658691,True,0.10395482872156067,
llama32_3b,25,64,0,bf16,13.254974365234375,True,nan,
llama32_3b,25,64,0,hadamard,8.360474586486816,True,0.0,
llama32_3b,25,64,0,nar_rope,7.894432067871094,True,0.05574354826327628,
llama32_3b,25,64,512,bf16,13.527278900146484,True,nan,
llama32_3b,25,64,512,hadamard,8.441171646118164,True,0.0,
llama32_3b,25,64,512,nar_rope,7.95989465713501,True,0.05701542500968794,
llama32_3b,25,64,1024,bf16,13.411673545837402,True,nan,
llama32_3b,25,64,1024,hadamard,8.443229675292969,True,0.0,
llama32_3b,25,64,1024,nar_rope,7.941790580749512,True,0.05938948883633889,
llama32_3b,25,64,2048,bf16,13.211276054382324,True,nan,
llama32_3b,25,64,2048,hadamard,8.436820030212402,True,0.0,
llama32_3b,25,64,2048,nar_rope,8.02426528930664,True,0.04889931744761603,
llama32_3b,25,128,0,bf16,18.04479217529297,True,nan,
llama32_3b,25,128,0,hadamard,9.54477310180664,True,0.0,
llama32_3b,25,128,0,nar_rope,nan,False,nan,"requires an even number of >=2 groups, got 1"
llama32_3b,25,128,512,bf16,18.05531120300293,True,nan,
llama32_3b,25,128,512,hadamard,9.404064178466797,True,0.0,
llama32_3b,25,128,512,nar_rope,nan,False,nan,"requires an even number of >=2 groups, got 1"
llama32_3b,25,128,1024,bf16,18.050331115722656,True,nan,
llama32_3b,25,128,1024,hadamard,9.531761169433594,True,0.0,
llama32_3b,25,128,1024,nar_rope,nan,False,nan,"requires an even number of >=2 groups, got 1"
llama32_3b,25,128,2048,bf16,18.096256256103516,True,nan,
llama32_3b,25,128,2048,hadamard,9.397541046142578,True,0.0,
llama32_3b,25,128,2048,nar_rope,nan,False,nan,"requires an even number of >=2 groups, got 1"
llama32_3b,26,32,0,bf16,8.33972454071045,True,nan,
llama32_3b,26,32,0,hadamard,7.521096229553223,True,0.0,
llama32_3b,26,32,0,nar_rope,6.877614974975586,True,0.08555684370174074,
llama32_3b,26,32,512,bf16,8.34520149230957,True,nan,
llama32_3b,26,32,512,hadamard,7.603721618652344,True,0.0,
llama32_3b,26,32,512,nar_rope,6.896402359008789,True,0.09302277162652325,
llama32_3b,26,32,1024,bf16,8.308306694030762,True,nan,
llama32_3b,26,32,1024,hadamard,7.49226188659668,True,0.0,
llama32_3b,26,32,1024,nar_rope,6.891779899597168,True,0.08014695643164144,
llama32_3b,26,32,2048,bf16,8.278839111328125,True,nan,
llama32_3b,26,32,2048,hadamard,7.5591020584106445,True,0.0,
llama32_3b,26,32,2048,nar_rope,6.918849945068359,True,0.08469949319309795,
llama32_3b,26,64,0,bf16,11.266276359558105,True,nan,
llama32_3b,26,64,0,hadamard,8.379895210266113,True,0.0,
llama32_3b,26,64,0,nar_rope,8.154136657714844,True,0.026940498286266792,
llama32_3b,26,64,512,bf16,11.21406364440918,True,nan,
llama32_3b,26,64,512,hadamard,8.423872947692871,True,0.0,
llama32_3b,26,64,512,nar_rope,8.019539833068848,True,0.04799848206812783,
llama32_3b,26,64,1024,bf16,11.249176025390625,True,nan,
llama32_3b,26,64,1024,hadamard,8.341289520263672,True,0.0,
llama32_3b,26,64,1024,nar_rope,8.172896385192871,True,0.02018790196188728,
llama32_3b,26,64,2048,bf16,11.171489715576172,True,nan,
llama32_3b,26,64,2048,hadamard,8.554454803466797,True,0.0,
llama32_3b,26,64,2048,nar_rope,8.027849197387695,True,0.06155922477557404,
llama32_3b,26,128,0,bf16,14.686993598937988,True,nan,
llama32_3b,26,128,0,hadamard,9.253253936767578,True,0.0,
llama32_3b,26,128,0,nar_rope,nan,False,nan,"requires an even number of >=2 groups, got 1"
llama32_3b,26,128,512,bf16,14.677041053771973,True,nan,
llama32_3b,26,128,512,hadamard,9.148651123046875,True,0.0,
llama32_3b,26,128,512,nar_rope,nan,False,nan,"requires an even number of >=2 groups, got 1"
llama32_3b,26,128,1024,bf16,14.646520614624023,True,nan,
llama32_3b,26,128,1024,hadamard,9.28226089477539,True,0.0,
llama32_3b,26,128,1024,nar_rope,nan,False,nan,"requires an even number of >=2 groups, got 1"
llama32_3b,26,128,2048,bf16,14.646355628967285,True,nan,
llama32_3b,26,128,2048,hadamard,9.334688186645508,True,0.0,
llama32_3b,26,128,2048,nar_rope,nan,False,nan,"requires an even number of >=2 groups, got 1"
llama32_3b,27,32,0,bf16,8.97908878326416,True,nan,
llama32_3b,27,32,0,hadamard,7.603267669677734,True,0.0,
llama32_3b,27,32,0,nar_rope,6.727165222167969,True,0.11522709518746949,
llama32_3b,27,32,512,bf16,8.906893730163574,True,nan,
llama32_3b,27,32,512,hadamard,7.683012962341309,True,0.0,
llama32_3b,27,32,512,nar_rope,6.599138259887695,True,0.14107417334400996,
llama32_3b,27,32,1024,bf16,8.947898864746094,True,nan,
llama32_3b,27,32,1024,hadamard,7.7257280349731445,True,0.0,
llama32_3b,27,32,1024,nar_rope,6.694541931152344,True,0.13347429512827594,
llama32_3b,27,32,2048,bf16,8.928817749023438,True,nan,
llama32_3b,27,32,2048,hadamard,7.634599685668945,True,0.0,
llama32_3b,27,32,2048,nar_rope,6.700105667114258,True,0.12240249090058308,
llama32_3b,27,64,0,bf16,12.262917518615723,True,nan,
llama32_3b,27,64,0,hadamard,8.554022789001465,True,0.0,
llama32_3b,27,64,0,nar_rope,7.810686111450195,True,0.08689907612907369,
llama32_3b,27,64,512,bf16,12.034510612487793,True,nan,
llama32_3b,27,64,512,hadamard,8.71970272064209,True,0.0,
llama32_3b,27,64,512,nar_rope,7.919031143188477,True,0.09182326543750043,
llama32_3b,27,64,1024,bf16,12.123902320861816,True,nan,
llama32_3b,27,64,1024,hadamard,8.508206367492676,True,0.0,
llama32_3b,27,64,1024,nar_rope,7.842337131500244,True,0.07826199873765637,
llama32_3b,27,64,2048,bf16,12.102210998535156,True,nan,
llama32_3b,27,64,2048,hadamard,8.606260299682617,True,0.0,
llama32_3b,27,64,2048,nar_rope,7.762331008911133,True,0.09805993095544727,
llama32_3b,27,128,0,bf16,16.866933822631836,True,nan,
llama32_3b,27,128,0,hadamard,9.612953186035156,True,0.0,
llama32_3b,27,128,0,nar_rope,nan,False,nan,"requires an even number of >=2 groups, got 1"
llama32_3b,27,128,512,bf16,16.779014587402344,True,nan,
llama32_3b,27,128,512,hadamard,9.533060073852539,True,0.0,
llama32_3b,27,128,512,nar_rope,nan,False,nan,"requires an even number of >=2 groups, got 1"
llama32_3b,27,128,1024,bf16,16.780132293701172,True,nan,
llama32_3b,27,128,1024,hadamard,9.371576309204102,True,0.0,
llama32_3b,27,128,1024,nar_rope,nan,False,nan,"requires an even number of >=2 groups, got 1"
llama32_3b,27,128,2048,bf16,16.739398956298828,True,nan,
llama32_3b,27,128,2048,hadamard,9.349669456481934,True,0.0,
llama32_3b,27,128,2048,nar_rope,nan,False,nan,"requires an even number of >=2 groups, got 1"
