model,site,layer,duquant_range,hadamard_range,prismquant_range,duquant_over_hadamard,null_space_capture,inside_paired_bracket,construction_seed,permutation_sha256,sampled_bf16_sha256,hadamard_replay_range,hadamard_replay_nmse,frozen_hadamard_source_csv_line
llama32_3b,q_input,0,0.5491500496864319,0.662574052810669,0.3634862899780273,0.8288130924489311,0.2993212634082025,True,20260902,d4314e24a3a0495712d16da36519ce6bf592592e57a4b3665184a818ae0dcaae,96820b2555f14810075f22cc30267e4460878fb028b3ce5c5f2b0992d0255326,0.662574052810669,0.009868488493289,4
llama32_3b,q_input,1,1.0288493633270264,1.1484920978546145,0.6660040020942688,0.8958262449074913,0.1798577877284405,True,20261902,77166675543de5834f7baa937b33612550f67f91f7a195dbf7dedbc0274b03d4,69237fdc8b00b73582ae804757057d97c03eb3b66a2b01e778979a4fe9993b2d,1.1484919786453247,0.0098925234005707,8
llama32_3b,q_input,2,1.922948956489563,2.1016387939453125,1.5422385931015017,0.9149759521138724,0.1531310424854662,True,20262902,9d89237fe06fa31286e1c22d9eca853abb43a62bd954eb5df94628c8ed708ff8,c53b43e6e14a2039a7a373d1ad967619a12a6ee6008a6ffd1b96887003729166,2.1016385555267334,0.0099421513673211,12
llama32_3b,q_input,3,1.7029314041137695,1.7879337072372437,1.395761251449585,0.9524577993135878,0.0898558469637203,True,20263902,061ce1f11dbb27586a11ae6f01e26aab8f9d4220c89e69f438105dec28900895,0b4f1e4d61041b74c500f02d2e328b6994d52385d970c591c1d81228065e64a5,1.7879337072372437,0.0099671597368512,16
llama32_3b,q_input,4,1.630505084991455,1.7455101013183594,1.3139222860336304,0.934113806479812,0.1257908741233483,True,20264902,11607db4b4f33713c4f43d080db3db9ff14c5c52bdc6dd18ed258c825e4f2650,f5dbbb0f57c94247506721955862b2bdc16379beb04c2f573eddaddf37d503e1,1.7455101013183594,0.0099278819493852,20
llama32_3b,q_input,5,1.9310420751571653,2.040992259979248,1.5971286296844482,0.9461290535108642,0.1053575738992171,True,20265902,8d0f1120465ef7f217b198abcbf5363dda2632c540a775cf22b7ff5dde42c267,c1b5f7773a621f3ecd0574f3f16e4096cbb170ebb4e8103518ba121fc5ba6783,2.040992021560669,0.0099089706470407,24
llama32_3b,q_input,6,1.799880862236023,1.9328553676605225,1.502599596977234,0.931203075176055,0.1290738612563228,True,20266902,9c3d0d5f45a042029f791e82182dd61eff0cd00242127c4674b9b255fde13d46,67a379dcbfe7ee1ef79e6373ddf106cf9fcd6e6ed5651ac38f81b0f2e7abfc6e,1.932855486869812,0.0099531706002648,28
llama32_3b,down_input,0,0.06216072291135788,0.0744665786623954,0.0475555919110775,0.834746594081785,0.6413479531259171,True,20360902,63db956e077950b13319874f82fcd37c4abc742f280efe532d7f1d4faf68d290,aa37eeeb80d2a873833bb5e827483884b56816e470e6d269cf8df43133f7dc5b,0.07446657866239548,0.004573240589456158,116
llama32_3b,down_input,1,0.0735238790512085,0.2666968405246734,0.0612714290618896,0.27568335232830193,0.9994934792274162,True,20361902,7acae8a07c37856ddc38848f4576b04045f671567508cc109e9d97976b3ff042,7d6f9bb6957fa350359b95077cce51a022409586baba7df3d20904ced96415a1,0.26669687032699585,0.0007495666460075334,120
llama32_3b,down_input,2,0.10658156871795654,0.1158598884940147,0.0882665067911148,0.9199177567261557,0.014830832606018146,True,20362902,f8bb5253e05185c7b188515eed9675e44574da6cc72e5fcb0ba8fb0d506a7806,be5f240f60d887b76e6fb1e6bd37486ebc506c94f21b15a4a23699204bb9805c,0.11585989594459534,0.009371917509225261,124
llama32_3b,down_input,3,0.14578260481357574,0.1529928147792816,0.124736487865448,0.9528722314436282,0.02358462053153035,True,20363902,42d095e745f7a9a26e777228a4a1cfee54144c25c75b37082e97f29a9e6993a4,4aca795f32f8c6af01f47879cdc242adf3648c1791534307f9479fd9d289b272,0.15299281477928162,0.00979822834392434,128
llama32_3b,down_input,4,0.1794823557138443,0.1879771202802658,0.1552806049585342,0.9548095823908985,0.03095234797982669,True,20364902,1719ad9c9c280fcf1135a25cbe3630e9b9332efb884f194e03b7ea1094275e13,bda42c7a03898645d9e3233f4c8073ea76a71041008a18a7069a4bd47e2f5eb3,0.187977135181427,0.009760471059222826,132
llama32_3b,down_input,5,0.20586931705474854,0.2139695733785629,0.1768143475055694,0.962142952402475,0.02188664496555653,True,20365902,a86536862306b6546d23c6b5fd00b8be5e13a702f9b9ab0b23dabf016d560499,c40c35eb6e3ed842ae50297e5258bb3610af5e002c18fc7986ced1842f1f1716,0.21396958827972412,0.009794271800806938,136
llama32_3b,down_input,6,0.22435039281845093,0.2327222675085067,0.1936057806015014,0.964026327262604,0.018743671260781247,True,20366902,ee576f907f8095caad9be37ed0528003795802094b56f8666b1021eea6fe2b4a,8fa9fee5ce6edc547048ce4d2a8bfb612d6d0c5fdb0194f3faf3279dc87ebc80,0.23272228240966797,0.009862347706754548,140
llama32_3b,down_input,7,0.23087134957313538,0.236611932516098,0.2004590630531311,0.9757384047291358,0.01315551054808791,True,20367902,fed463c8cfebd6fa699519ca1aa11c23ab917fa195b2937bb38c8bae8673eb9f,cb0253c1e9017612aa58556ecebcac2642e77693f93048558697124837fbd948,0.23661191761493683,0.009899666094141987,144
llama32_3b,down_input,8,0.2369678020477295,0.242477685213089,0.205673336982727,0.9772767413194438,0.011837712907735987,True,20368902,2cfb03343f7bc0e1ab5d8b9a4431518efe32dee4a95f72c4d1dc571c65e4e16b,1c2ea986325d7f0a65df676715246c0afe8d6ed53a86504fd9da499f3bbe5de9,0.24247771501541138,0.009908933321103085,148
llama32_3b,down_input,9,0.2401328980922699,0.2455063462257385,0.2075956463813781,0.9781127933510614,0.01333392804884433,True,20369902,2d8f7d9478805434715c2c40bf4b8bafe168022cca0ac2bb96b4f71f476587f7,42b29376eccc1fd4bbf677fb2747c66d1adb56d08f5646894b549f75fead0c0b,0.24550634622573853,0.009906692828590469,152
llama32_3b,down_input,10,0.24855360388755798,0.255141943693161,0.2135093510150909,0.9741777470601765,0.017423865483116828,True,20370902,526d4d30704fb200bd56beb4440dcbe8a466d2fd5bc7d4bb7c16af0753776403,bed36884206692e7a9f13eaf4b532ca62b1f679754c55062d4ec3be2a39a9d42,0.255141943693161,0.009894870392326545,156
llama32_3b,down_input,11,0.2559197247028351,0.262346863746643,0.2214352190494537,0.9755013688670781,0.016058418298755928,True,20371902,6a1028e4d3751cdafafdca62225fd9222c5ce860084f1e2032ef688c964cff50,12d2d4972e326921e6143f79a78966bf9d9c7c43101a48985a2708122daf6643,0.26234689354896545,0.009901667053054987,160
llama32_3b,down_input,12,0.27813881635665894,0.2868539690971374,0.236108660697937,0.9696181553007299,0.02233636643270393,True,20372902,f73a1695bcc8769d33e3dc5178fc6c5489533f8c618c712a68b0d6cb5a3fb88d,609f379260c43852bfc6e137530f18addcb98b72caa2b4cc9faf928bf25e6241,0.28685396909713745,0.009844902459966462,164
llama32_3b,down_input,13,0.29885873198509216,0.312255322933197,0.2554234862327575,0.9570973175981026,0.049452664734668014,True,20373902,52c1c8ee61aad4cc91e6054166eccb9b9cb80b9a57ec0f51c19ad988dc46e7ae,f8e9dd2e65f803d78f74358ef4d39d9ee8a6d65572045c3b407be4a04a2b7034,0.3122553527355194,0.009611198517678258,168
llama32_3b,down_input,14,0.3369852304458618,0.352533608675003,0.2809615433216095,0.9558953306960442,0.018478003650375156,True,20374902,61d68d7db7b8c1bec038966c2474f4ed6409829f9b835f3442ae21b415e5362e,c72fe2992c6cbb1bd75015e9181f14ada3f852d35304f488e7ada7b061d0af64,0.35253363847732544,0.009824678534686321,172
llama32_3b,down_input,15,0.35265129804611206,0.3728830814361572,0.2894203662872314,0.9457422865308811,0.0324375619136927,True,20375902,e92c2f7ee7d166b59772d5c8e1107f20e8806a7e28a0217aa3825a03695e9fd4,bea55b98273c4e4afc6449cd8cf122e44f36bd993c80a2ab477bd8c8580b62b3,0.3728831112384796,0.009751519666183988,176
llama32_3b,down_input,16,0.34608784317970276,0.3676233887672424,0.2850359082221985,0.9414195444426017,0.03095017849220323,True,20376902,2839a456e47dd3edb5e2a9f4de381b16cda998f62845b936cb4f685fe7c04d4b,8588d5da82c751a8a2e66b96005f9dc1f0d7fbd4b26347bb036101ef32805eaf,0.3676234185695648,0.009727820268528323,180
llama32_3b,down_input,17,0.35299545526504517,0.3734050095081329,0.2908418774604797,0.945342044901936,0.022486871059589218,True,20377902,d723cdedc6c4269c7e9e4ed10ae69c2de53c0437e9e5a163ce4568896bd37c7b,18d482fa5defd2f8065bc98e65114bff3b5fbeb8cb8ed433b6909c7ed2492777,0.37340500950813293,0.009706466355121837,184
llama32_3b,down_input,18,0.36224761605262756,0.3817839026451111,0.2985395193099975,0.9488289410393409,0.023601127850629313,True,20378902,6c47e9cff70a230020e83b84ae6c47cca5ac66f6229495837b8e0b2a6e283512,759bcf3c694718268cf7964260b2553560c95b2427ab907312a165157f8353a8,0.3817838728427887,0.009667964761558874,188
llama32_3b,down_input,19,0.4080713987350464,0.4387293457984924,0.3277551233768463,0.9301210476184396,0.035666142409310764,True,20379902,bdeac18d1ab5315b3136ae344068421396c1e328867e78e5cb257dbe2967e0d6,254a654da1a09a82b1207857b4e8a1094b00954dc8625bc208e8d87596ef21ad,0.43872934579849243,0.009676662334526222,192
llama32_3b,down_input,20,0.3995206356048584,0.4259110689163208,0.3244175314903259,0.9380376908761501,0.023859180359952985,True,20380902,0f615fc7ede87548be7ebc32b7c07f9c1acf6f06cd5ee6f41104728698fb2ab1,183ccb9b800e85172f51d11b772c6b5af925e1bd1f1adec1d1c9f820c0979e2f,0.4259110689163208,0.009681618332967516,196
llama32_3b,down_input,21,0.4078128933906555,0.4386221766471863,0.3317009210586548,0.9297589476846886,0.02563698830422863,True,20381902,e5758817333253404c3900ac80686a09f671954adaa50953bb65af9b40b1ec2d,70bba5c090c9c3732a493f19406832bd19605a2a887f7b051f4fa8ad9e752f1f,0.4386221170425415,0.009708408289768102,200
llama32_3b,down_input,22,0.4262249171733856,0.4582124948501587,0.3486203849315643,0.9301905163296924,0.033691919273139054,True,20382902,0b255e5e688d19386c23f71e37cb16b1b4378700432043caa5b34138dc5a89aa,a759d15b181eed9c10499941d05dbb310fbe12169ac3ab83e289ee182c2dfb31,0.45821255445480347,0.009640177320641175,204
llama32_3b,down_input,23,0.47776085138320923,0.5132821798324585,0.3809372782707214,0.9307957107319723,0.05646379532178443,True,20383902,747e57ca51e1001bbc3d850ffe07fa8e18fc7072edb2e2b0a38c670c5328d4ae,e0cba10324679a48f9dc945f9cb31c94a835d84a3c4bb1b26e702c4b16bcb058,0.5132821798324585,0.00962167974257318,208
llama32_3b,down_input,24,0.5601572394371033,0.5950758457183838,0.4217731356620788,0.9413207467039327,0.029188973243244765,True,20384902,40aba19ef352641bcb9d6f2b65d0ac1ce0b7e61fedd4c461c73c69daad447098,dd8356af3f39531299bf007d10f115ea1cad8e21418168355522dea96008bdc8,0.5950758457183838,0.009700221619053304,212
llama32_3b,down_input,25,0.6956270337104797,0.7418925762176514,0.4867672920227051,0.9376384883873018,0.03594219953740094,True,20385902,7a2edc3e388cfacd1dd9f1f5cafb2cbb12be36ced58a0ffc2a524cf8484b3741,e4f65077c2ba4658fedda72cdfa7e8477da550fd04605039e8b2fa81afc88d6d,0.7418926358222961,0.009768348355399244,216
llama32_3b,down_input,26,0.8797279596328735,0.9444494843482972,0.5842117667198181,0.9314716924642256,0.08650964704807697,True,20386902,0ee415850bf7e54df4ade17cb6d0f6e4280eab1590314b9a65d426a7b7783aae,7b8d707e719aaf728f5e0b80c9b46a08c64fd8359b7f1920258dfd1ba440846c,0.9444495439529419,0.009511715829235661,220
llama32_3b,down_input,27,1.5854662656784058,1.91482412815094,0.8850160241127014,0.8279957633547368,0.4496422437933682,True,20387902,8640c4096a5166d42cd317f0aba6141b904c44eb87689aacde0ce13f1a3eeea0,8f54f0779303d1c08c251f7726ebba5425dc62b31d26984db812b76233fc2a05,1.914824366569519,0.009131502522798663,224
llama32_3b,q_input,7,1.725612759590149,1.8655542135238647,1.4749109745025637,0.9249866592354993,0.14383193493872712,True,20267902,88ba92573e98c4d5b589115269da6239f89f7e33decc67dd2e5e6c2268c0285e,c86dc989cab1f49586adfcd1b8ef5c793fd61fcb2b5d5833a2b99e53828b1e10,1.8655539751052856,0.009933090008834498,32
llama32_3b,q_input,8,1.8664706945419312,2.090171337127685,1.6168174743652344,0.8929749735764899,0.20165197251055003,True,20268902,c84ff00301e7a5c5134033fc4ab7fc8a26807c2673f4478438711bde06d8f323,871c61a7c71283b49f8b1bfb854726823cb2829ebea6605a93d0d502c1e2ee09,2.0901710987091064,0.009942510817638757,36
llama32_3b,q_input,9,1.8390432596206665,2.088529586791992,1.619598388671875,0.8805445090416268,0.2267872485013937,True,20269902,70a366c9840c1ec6d3ab689b6c253c13a006204b489aecab6e901a13cbb98cb8,94723a4fbf54746c6f695b314c00e0cfcb7e23a37b477d3501480a6269d16c4c,2.088529586791992,0.009929460070398568,40
llama32_3b,q_input,10,1.8952773809432983,2.160496234893799,1.660935640335083,0.8772416958349675,0.22938858715024824,True,20270902,3f0db93ddabd1c33b22ff00ec5c2f37831601be56281417faf42e95ae8a0bc72,88d3e50217b9c30e71a57887eafecd8adb50a74af0b8579441230b949b41bbf8,2.1604959964752197,0.009917326310356226,44
llama32_3b,q_input,11,1.7679706811904907,1.9551019668579104,1.538569450378418,0.9042856644617044,0.1846408440494189,True,20271902,e9f54a77ac5a45d9660be2438f8510fe918741ec7b8636eb98d3cfb1e7eb6650,3f3cb6aa6abf4974c582f32ff0a0f5bf30d5adcac2bb41227cccf626b64caa53,1.9551023244857788,0.009917416630577805,48
llama32_3b,q_input,12,1.9917646646499634,2.336341619491577,1.7724425792694092,0.8525143104215218,0.27439506890473475,True,20272902,43a6d482d0858900208f4206a2db7f5c0b5ada90cf1871bfc20f62392e8185e6,5080ad27c0c3dd4b8f997c4ae23848836ecf396b3dae207d0ac703589cb50033,2.336341619491577,0.009877358737175447,52
llama32_3b,q_input,13,2.051483154296875,2.3750791549682617,1.7942447662353516,0.863753593224681,0.2572221368983196,True,20273902,58b584871fc47d8c571a169a94a1ed2470ddbc74b69fe98be4db9616a283bb66,0cd172f5d2ff2d3b1419bc393ff1caffc532619936200d4a3237f03155d4a76a,2.375079393386841,0.00988253009637915,56
llama32_3b,q_input,14,1.9926013946533203,2.280730962753296,1.7762207984924316,0.8736678841979039,0.23854343596642583,True,20274902,601fa2b34411fc33305c018ae1e845faf81117b20f6fc7f5d2b112ed479035c2,a13b2155487730914a701086a288e06489dfd32dea9e4232fcf40338136f62db,2.280730962753296,0.009899935237852186,60
llama32_3b,q_input,15,2.062991142272949,2.3810739517211914,1.833277463912964,0.8664120409959079,0.24789190686288232,True,20275902,1b9c7fe2388f2c1343d7850ee139851308aa452befccf90e685cabd9b9dcc282,4527e4f5202bc00b7acb44d1ffe0a991e212f2982fc49fe85d256f73aeedd4c8,2.3810739517211914,0.00990446904039064,64
llama32_3b,q_input,16,2.131726026535034,2.408423900604248,1.876894474029541,0.8851124696114362,0.21750839868263616,True,20276902,44aa14932da9647c79ffee3761ad9214c1a5f3c150eeec485ec2c87751c34883,1002d7696e24e72150dc77ca889de61472907dc6da9928fb2f62cd9ecc82987c,2.408423662185669,0.009929069374771943,68
llama32_3b,q_input,17,2.162698268890381,2.4000649452209477,1.898990631103516,0.9010998944827657,0.1882681836173026,True,20277902,22b19db61dd0f7d379ea20cfabac75b600dd6467c6f0926efdfba914b5f5ef3b,52243005cce4d0be5a747c4461269fd09273917581d16938044d7edaaf567274,2.4000649452209473,0.009937825549064947,72
llama32_3b,q_input,18,2.261878490447998,2.5547304153442383,1.9796284437179563,0.88536875627373,0.21849125393369168,True,20278902,dac994e2ae5c531baf7f3634e68fc91943b5e10729ec6f903b8ec27d0211eb91,19f2e26fe5a3a37c41cef90c25c68b2076c63aeefa1622b949eaaee6bd88983e,2.5547304153442383,0.009906960274347384,76
llama32_3b,q_input,19,2.2136895656585693,2.4495227336883545,1.9348344802856443,0.9037228090246459,0.18562727610856802,True,20279902,8a2f4fc74776b90bf53a0200053cd525717e011ce7cfd22c0d92d1efaec9247a,d250544225c9c62535af9eb0c13d296de81c3aaaa44c2d09a946e2108d975ed7,2.4495224952697754,0.009916425833326456,80
llama32_3b,q_input,20,2.2430036067962646,2.506904602050781,1.969909191131592,0.8947303399424807,0.19739169209028065,True,20280902,b39dddbc02fa9a44d3ad6dfd4dc248a75d7f569b8319b9cbf0da1421d307278b,ad71f5b54739f8e4125dda00534297bf42efcc76d9754d26188b61ec8cfe4764,2.506904363632202,0.009928972397950491,84
llama32_3b,q_input,21,2.2933664321899414,2.552365779876709,1.994207739830017,0.898525771764861,0.1953626850246017,True,20281902,d3d0bdd2d8566c4818e285979a5f597472a7ccc425795a24b022ac90039af2ec,4a6767cbb7971b911369de1e4d90cdf75c6275ee6fb22b65234e69ad1a274bde,2.552365779876709,0.009898161447846781,88
llama32_3b,q_input,22,2.282283306121826,2.508007287979126,1.9753282070159912,0.9099986738718048,0.17251383002052234,True,20282902,8281a8be0b0a8bb05561e39b283ffaeb782b51a88362eafeb7c39e211d1c5f1c,9c818ab0741a66a7ff2fa4848b773f253221fe025b8aff9340c850efc2e29275,2.508007287979126,0.009923483382244256,92
llama32_3b,q_input,23,2.2483110427856445,2.501161813735962,1.9424920082092283,0.8989066722665829,0.19121276500698575,True,20283902,bf50b948fc632c2704360476df1e12658e94b16850af3ac9b98584e56ad9005a,16557d0840e15e6391315b7673a9573ccc51c68a82706f67632dccf4c2ef5435,2.501161813735962,0.009913864929198438,96
llama32_3b,q_input,24,2.4275777339935303,2.664130687713623,2.090304374694824,0.9112082020559193,0.17122521343848945,True,20284902,f0c8ea2dc6ae5d149c811713ea0520a72fa5fd149cff6726bdd6fb55814e5bea,1f391cfff4d28a4b62c112ec1eb79eb2ab61e9135cf9fd2f77d1f64f8eebe907,2.664130926132202,0.009915979019178959,100
llama32_3b,q_input,25,2.412426233291626,2.574584484100342,2.063816785812378,0.9370157585388462,0.12318892673850826,True,20285902,36201af15b8e7266bc5ffb9b983c20557bf1321639d801accd80c301b6157f9b,0151c71a7a8513ecacb63855ccc98ed52203db98ce345839d53c9a898521b510,2.574584484100342,0.009939411576759686,104
llama32_3b,q_input,26,2.3441593647003174,2.536170959472656,1.9963109493255613,0.9242907525397013,0.1432399381255575,True,20286902,ae7edae19bd5c2912d1f4922277e41b74b1a54e257886a8473f3f9a38a95b5a2,c9b9ad630caef5d31518f6995b7e77fea3fc88ef234a9f8d007f32d2af71692e,2.536170721054077,0.009954086201527846,108
llama32_3b,q_input,27,2.167253017425537,2.257626533508301,1.7943223714828491,0.9599696784470702,0.0838219713453329,True,20287902,a607f0eb4f5ceffdfc72f15131dd11fe83b48d659fe4220c9739e707421a7af1,b33dd810e9bbe72421dfbf53afbc0b1fa76799cd9eab49f9509d2bc6b967404f,2.257626533508301,0.00991378620893545,112
