model,layer,b,method,mean_group_range,relative_quantization_error_nmse,range_reduction_vs_hadamard,nmse_delta_vs_hadamard,sample_vectors
llama32_3b,0,32,bf16,0.23612168431282043,0.0,-0.13493589015876567,-0.005984626708214102,65536
llama32_3b,0,32,identity,0.23612168431282043,0.008551518212621016,-0.13493589015876567,0.0025668915044069138,65536
llama32_3b,0,32,hadamard,0.208048477768898,0.005984626708214102,0.0,0.0,65536
llama32_3b,0,32,nar,0.19151899218559265,0.005079162156905853,0.07945016354153021,-0.000905464551308249,65536
llama32_3b,0,64,bf16,0.29691171646118164,0.0,-0.26838309388490816,-0.007756631395989129,65536
llama32_3b,0,64,identity,0.29691171646118164,0.013571402665041131,-0.26838309388490816,0.005814771269052003,65536
llama32_3b,0,64,hadamard,0.2340867817401886,0.007756631395989129,0.0,0.0,65536
llama32_3b,0,64,nar,0.22196118533611298,0.006968985807373201,0.05179957754955059,-0.0007876455886159277,65536
llama32_3b,0,128,bf16,0.36668211221694946,0.0,-0.4183556780061558,-0.009620799106612338,65536
llama32_3b,0,128,identity,0.36668211221694946,0.020967828291564832,-0.4183556780061558,0.011347029184952494,65536
llama32_3b,0,128,hadamard,0.2585262060165405,0.009620799106612338,0.0,0.0,65536
llama32_3b,0,128,nar,0.24940717220306396,0.008837071554395488,0.03527315065650685,-0.0007837275522168501,65536
llama32_3b,1,32,bf16,0.5695606470108032,0.0,-0.1018445287091643,-0.006084239428511805,65536
llama32_3b,1,32,identity,0.5695606470108032,0.007782246469667837,-0.1018445287091643,0.0016980070411560322,65536
llama32_3b,1,32,hadamard,0.5169156193733215,0.006084239428511805,0.0,0.0,65536
llama32_3b,1,32,nar,0.4953666627407074,0.0056018132791054815,0.041687571094753996,-0.00048242614940632346,65536
llama32_3b,1,64,bf16,0.6839036345481873,0.0,-0.17544146671832572,-0.00790125402372476,65536
llama32_3b,1,64,identity,0.6839036345481873,0.011465756180728839,-0.17544146671832572,0.003564502157004079,65536
llama32_3b,1,64,hadamard,0.5818270444869995,0.00790125402372476,0.0,0.0,65536
llama32_3b,1,64,nar,0.5680387020111084,0.007554689200008383,0.023698352640256486,-0.00034656482371637695,65536
llama32_3b,1,128,bf16,0.8086304664611816,0.0,-0.25317279795924097,-0.009806334626974686,65536
llama32_3b,1,128,identity,0.8086304664611816,0.01616543893547593,-0.25317279795924097,0.0063591043085012445,65536
llama32_3b,1,128,hadamard,0.6452665328979492,0.009806334626974686,0.0,0.0,65536
llama32_3b,1,128,nar,0.6395117044448853,0.009653842481570795,0.008918529258318295,-0.00015249214540389092,65536
llama32_3b,2,32,bf16,1.0317778587341309,0.0,-0.09242947602466933,-0.006075125544211942,65536
llama32_3b,2,32,identity,1.0317778587341309,0.0075840078602435745,-0.09242947602466933,0.0015088823160316327,65536
llama32_3b,2,32,hadamard,0.9444800615310669,0.006075125544211942,0.0,0.0,65536
llama32_3b,2,32,nar,0.8884614109992981,0.005429128674835119,0.05931162849638004,-0.0006459968693768225,65536
llama32_3b,2,64,bf16,1.258338451385498,0.0,-0.17763160977412187,-0.007961535534808023,65536
llama32_3b,2,64,identity,1.258338451385498,0.01134394913568313,-0.17763160977412187,0.0033824136008751074,65536
llama32_3b,2,64,hadamard,1.068533182144165,0.007961535534808023,0.0,0.0,65536
llama32_3b,2,64,nar,1.0293821096420288,0.0074114718451890335,0.03664001563673857,-0.0005500636896189895,65536
llama32_3b,2,128,bf16,1.5027165412902832,0.0,-0.2767228420530872,-0.009776476014063864,65536
llama32_3b,2,128,identity,1.5027165412902832,0.016143674741185186,-0.2767228420530872,0.0063671987271213225,65536
llama32_3b,2,128,hadamard,1.1770107746124268,0.009776476014063864,0.0,0.0,65536
llama32_3b,2,128,nar,1.1566245555877686,0.009470631167584637,0.01732033339403465,-0.00030584484647922655,65536
llama32_3b,3,32,bf16,1.1668736934661865,0.0,-0.057021600463824304,-0.00608360261220363,65536
llama32_3b,3,32,identity,1.1668736934661865,0.007115759875801419,-0.057021600463824304,0.0010321572635977891,65536
llama32_3b,3,32,hadamard,1.1039260625839233,0.00608360261220363,0.0,0.0,65536
llama32_3b,3,32,nar,1.0477163791656494,0.005500873860908568,0.05091797840763518,-0.000582728751295062,65536
llama32_3b,3,64,bf16,1.3933340311050415,0.0,-0.11581765219095577,-0.007971711827633425,65536
llama32_3b,3,64,identity,1.3933340311050415,0.010404966791508898,-0.11581765219095577,0.0024332549638754735,65536
llama32_3b,3,64,hadamard,1.2487112283706665,0.007971711827633425,0.0,0.0,65536
llama32_3b,3,64,nar,1.2071104049682617,0.007439823393656865,0.03331500707067882,-0.0005318884339765599,65536
llama32_3b,3,128,bf16,1.6471577882766724,0.0,-0.1953752979817052,-0.009812573697267553,65536
llama32_3b,3,128,identity,1.6471577882766724,0.014990878814492153,-0.1953752979817052,0.005178305117224601,65536
llama32_3b,3,128,hadamard,1.3779419660568237,0.009812573697267553,0.0,0.0,65536
llama32_3b,3,128,nar,1.3552720546722412,0.00948367037792102,0.01645200737260052,-0.00032890331934653204,65536
llama32_3b,4,32,bf16,1.092970609664917,0.0,-0.05253247742454078,-0.0060589175419095125,65536
llama32_3b,4,32,identity,1.092970609664917,0.006903952522262119,-0.05253247742454078,0.0008450349803526061,65536
llama32_3b,4,32,hadamard,1.0384198427200317,0.0060589175419095125,0.0,0.0,65536
llama32_3b,4,32,nar,1.004164457321167,0.005657644258352838,0.0329879919369957,-0.0004012732835566744,65536
llama32_3b,4,64,bf16,1.2900530099868774,0.0,-0.0977067924896531,-0.007945064092439783,65536
llama32_3b,4,64,identity,1.2900530099868774,0.009811291947024837,-0.0977067924896531,0.0018662278545850536,65536
llama32_3b,4,64,hadamard,1.1752254962921143,0.007945064092439783,0.0,0.0,65536
llama32_3b,4,64,nar,1.1495838165283203,0.007580479624484363,0.021818518952060283,-0.00036458446795542034,65536
llama32_3b,4,128,bf16,1.4926204681396484,0.0,-0.1483570736127505,-0.009829566019833898,65536
llama32_3b,4,128,identity,1.4926204681396484,0.013207647123157827,-0.1483570736127505,0.003378081103323929,65536
llama32_3b,4,128,hadamard,1.2997877597808838,0.009829566019833898,0.0,0.0,65536
llama32_3b,4,128,nar,1.2868671417236328,0.009595416491240199,0.009940559879890787,-0.00023414952859369953,65536
llama32_3b,5,32,bf16,1.1190903186798096,0.0,-0.08475202599260726,-0.00610684162855419,65536
llama32_3b,5,32,identity,1.1190903186798096,0.007494392874578863,-0.08475202599260726,0.0013875512460246736,65536
llama32_3b,5,32,hadamard,1.0316554307937622,0.00610684162855419,0.0,0.0,65536
llama32_3b,5,32,nar,0.9839303493499756,0.0055748393821057896,0.04626067969909938,-0.0005320022464484,65536
llama32_3b,5,64,bf16,1.3492048978805542,0.0,-0.15963598870769086,-0.007949772562931645,65536
llama32_3b,5,64,identity,1.3492048978805542,0.011116949243047064,-0.15963598870769086,0.0031671766801154196,65536
llama32_3b,5,64,hadamard,1.1634727716445923,0.007949772562931645,0.0,0.0,65536
llama32_3b,5,64,nar,1.131516456604004,0.007538787415139289,0.02746631964185761,-0.0004109851477923556,65536
llama32_3b,5,128,bf16,1.6062989234924316,0.0,-0.24821396050101927,-0.00982903035123353,65536
llama32_3b,5,128,identity,1.6062989234924316,0.015810593224730045,-0.24821396050101927,0.005981562873496514,65536
llama32_3b,5,128,hadamard,1.2868778705596924,0.00982903035123353,0.0,0.0,65536
llama32_3b,5,128,nar,1.2699906826019287,0.009569310842078477,0.013122603429662715,-0.00025971950915505346,65536
llama32_3b,6,32,bf16,1.1622225046157837,0.0,-0.06675859928909232,-0.006102172085161601,65536
llama32_3b,6,32,identity,1.1622225046157837,0.007169106970622472,-0.06675859928909232,0.0010669348854608707,65536
llama32_3b,6,32,hadamard,1.0894896984100342,0.006102172085161601,0.0,0.0,65536
llama32_3b,6,32,nar,1.0508917570114136,0.005675439984679016,0.035427541403052445,-0.0004267321004825849,65536
llama32_3b,6,64,bf16,1.3749829530715942,0.0,-0.11695128725174542,-0.00796841824339191,65536
llama32_3b,6,64,identity,1.3749829530715942,0.010277809475265784,-0.11695128725174542,0.0023093912318738734,65536
llama32_3b,6,64,hadamard,1.2310142517089844,0.00796841824339191,0.0,0.0,65536
llama32_3b,6,64,nar,1.207435131072998,0.007669602819349858,0.01915422230348029,-0.00029881542404205236,65536
llama32_3b,6,128,bf16,1.6060487031936646,0.0,-0.18117833482991486,-0.009828699248793435,65536
llama32_3b,6,128,identity,1.6060487031936646,0.014160261284385401,-0.18117833482991486,0.004331562035591966,65536
llama32_3b,6,128,hadamard,1.3597004413604736,0.009828699248793435,0.0,0.0,65536
llama32_3b,6,128,nar,1.350037932395935,0.009674595999581252,0.0071063512746017575,-0.00015410324921218306,65536
llama32_3b,7,32,bf16,1.268031358718872,0.0,-0.08922462022354001,-0.006071099966214164,65536
llama32_3b,7,32,identity,1.268031358718872,0.007525022010954817,-0.08922462022354001,0.0014539220447406529,65536
llama32_3b,7,32,hadamard,1.1641596555709839,0.006071099966214164,0.0,0.0,65536
llama32_3b,7,32,nar,1.1257213354110718,0.005671159806378617,0.03301808302320811,-0.00039994015983554725,65536
llama32_3b,7,64,bf16,1.5252964496612549,0.0,-0.15890759508392063,-0.007947145803009235,65536
llama32_3b,7,64,identity,1.5252964496612549,0.011091609165749337,-0.15890759508392063,0.003144463362740102,65536
llama32_3b,7,64,hadamard,1.316150188446045,0.007947145803009235,0.0,0.0,65536
llama32_3b,7,64,nar,1.2942469120025635,0.007667285544472071,0.01664192782538158,-0.00027986025853716373,65536
llama32_3b,7,128,bf16,1.8259763717651367,0.0,-0.2533098273305394,-0.009830764896905297,65536
llama32_3b,7,128,identity,1.8259763717651367,0.015792639768094332,-0.2533098273305394,0.005961874871189035,65536
llama32_3b,7,128,hadamard,1.4569233655929565,0.009830764896905297,0.0,0.0,65536
llama32_3b,7,128,nar,1.4472507238388062,0.009690046902020815,0.006639087533758991,-0.00014071799488448236,65536
llama32_3b,8,32,bf16,1.2560893297195435,0.0,-0.07268456164033525,-0.006071709525481506,65536
llama32_3b,8,32,identity,1.2560893297195435,0.007214716547896497,-0.07268456164033525,0.0011430070224149906,65536
llama32_3b,8,32,hadamard,1.1709773540496826,0.006071709525481506,0.0,0.0,65536
llama32_3b,8,32,nar,1.1380517482757568,0.0057248889665411275,0.028118055110166375,-0.00034682055894037864,65536
llama32_3b,8,64,bf16,1.4911551475524902,0.0,-0.12256590883147112,-0.008002644687710876,65536
llama32_3b,8,64,identity,1.4911551475524902,0.0103339730517778,-0.12256590883147112,0.0023313283640669247,65536
llama32_3b,8,64,hadamard,1.3283452987670898,0.008002644687710876,0.0,0.0,65536
llama32_3b,8,64,nar,1.302732229232788,0.007665789974567073,0.01928193637458171,-0.00033685471314380284,65536
llama32_3b,8,128,bf16,1.7366513013839722,0.0,-0.18312723479607745,-0.009880216672309186,65536
llama32_3b,8,128,identity,1.7366513013839722,0.014076170961441092,-0.18312723479607745,0.004195954289131906,65536
llama32_3b,8,128,hadamard,1.467848300933838,0.009880216672309186,0.0,0.0,65536
llama32_3b,8,128,nar,1.4527618885040283,0.009622556421066342,0.010277909795046034,-0.00025766025124284407,65536
llama32_3b,9,32,bf16,1.376502275466919,0.0,-0.06442659297959558,-0.0060895275180101955,65536
llama32_3b,9,32,identity,1.376502275466919,0.0070247084921271855,-0.06442659297959558,0.0009351809741169901,65536
llama32_3b,9,32,hadamard,1.2931866645812988,0.0060895275180101955,0.0,0.0,65536
llama32_3b,9,32,nar,1.2540998458862305,0.005743244162709821,0.030225194680401135,-0.00034628335530037437,65536
llama32_3b,9,64,bf16,1.6337755918502808,0.0,-0.11735370562414803,-0.007975260845162662,65536
llama32_3b,9,64,identity,1.6337755918502808,0.00999441476177489,-0.11735370562414803,0.002019153916612228,65536
llama32_3b,9,64,hadamard,1.4621829986572266,0.007975260845162662,0.0,0.0,65536
llama32_3b,9,64,nar,1.4384112358093262,0.007736311281216195,0.016257720729710868,-0.00023894956394646637,65536
llama32_3b,9,128,bf16,1.905671238899231,0.0,-0.17851864870655051,-0.00985737868524418,65536
llama32_3b,9,128,identity,1.905671238899231,0.013559194960083955,-0.17851864870655051,0.0037018162748397743,65536
llama32_3b,9,128,hadamard,1.6170055866241455,0.00985737868524418,0.0,0.0,65536
llama32_3b,9,128,nar,1.6048908233642578,0.009705372579989517,0.007492097343448223,-0.00015200610525466403,65536
llama32_3b,10,32,bf16,1.402580976486206,0.0,-0.09549277939683988,-0.006084951446645903,65536
llama32_3b,10,32,identity,1.402580976486206,0.007643194175904771,-0.09549277939683988,0.0015582427292588673,65536
llama32_3b,10,32,hadamard,1.2803196907043457,0.006084951446645903,0.0,0.0,65536
llama32_3b,10,32,nar,1.2346715927124023,0.005658335890548844,0.03565367175352185,-0.000426615556097059,65536
llama32_3b,10,64,bf16,1.6919418573379517,0.0,-0.16806092105309722,-0.00797686218939228,65536
llama32_3b,10,64,identity,1.6919418573379517,0.01128578191401236,-0.16806092105309722,0.0033089197246200797,65536
llama32_3b,10,64,hadamard,1.4485048055648804,0.00797686218939228,0.0,0.0,65536
llama32_3b,10,64,nar,1.4203834533691406,0.0076509143168070354,0.019414055160675237,-0.0003259478725852454,65536
llama32_3b,10,128,bf16,2.011502742767334,0.0,-0.2594947423357889,-0.009795792975473507,65536
llama32_3b,10,128,identity,2.011502742767334,0.015938281771110965,-0.2594947423357889,0.0061424887956374585,65536
llama32_3b,10,128,hadamard,1.5970711708068848,0.009795792975473507,0.0,0.0,65536
llama32_3b,10,128,nar,1.5917918682098389,0.009703809505592432,0.0033056151119293248,-9.198346988107536e-05,65536
llama32_3b,11,32,bf16,1.3494105339050293,0.0,-0.06701005516090869,-0.006102199053466358,65536
llama32_3b,11,32,identity,1.3494105339050293,0.007143823433419112,-0.06701005516090869,0.0010416243799527538,65536
llama32_3b,11,32,hadamard,1.2646652460098267,0.006102199053466358,0.0,0.0,65536
llama32_3b,11,32,nar,1.232814908027649,0.005798248994950827,0.0251847973862407,-0.00030395005851553084,65536
llama32_3b,11,64,bf16,1.6057047843933105,0.0,-0.12509497166386346,-0.007953377167236896,65536
llama32_3b,11,64,identity,1.6057047843933105,0.010283165470521553,-0.12509497166386346,0.002329788303284657,65536
llama32_3b,11,64,hadamard,1.4271726608276367,0.007953377167236896,0.0,0.0,65536
llama32_3b,11,64,nar,1.4093291759490967,0.007758979902549904,0.012502681258056304,-0.00019439726468699174,65536
llama32_3b,11,128,bf16,1.8681666851043701,0.0,-0.18292292806999294,-0.009845347957709662,65536
llama32_3b,11,128,identity,1.8681666851043701,0.013965746158276445,-0.18292292806999294,0.004120398200566783,65536
llama32_3b,11,128,hadamard,1.579280138015747,0.009845347957709662,0.0,0.0,65536
llama32_3b,11,128,nar,1.5718281269073486,0.009737118373968777,0.004718612568484119,-0.00010822958374088511,65536
llama32_3b,12,32,bf16,1.3765180110931396,0.0,-0.06802976295192129,-0.0060571394269686015,65536
llama32_3b,12,32,identity,1.3765180110931396,0.007100345070332865,-0.06802976295192129,0.001043205643364263,65536
llama32_3b,12,32,hadamard,1.2888386249542236,0.0060571394269686015,0.0,0.0,65536
llama32_3b,12,32,nar,1.2634251117706299,0.005814289586224836,0.019718149884355284,-0.00024284984074376525,65536
llama32_3b,12,64,bf16,1.6220698356628418,0.0,-0.10971807082115778,-0.00797635213181432,65536
llama32_3b,12,64,identity,1.6220698356628418,0.010048279377818362,-0.10971807082115778,0.0020719272460040412,65536
llama32_3b,12,64,hadamard,1.4616954326629639,0.00797635213181432,0.0,0.0,65536
llama32_3b,12,64,nar,1.4451996088027954,0.00778530547653682,0.011285404258338438,-0.00019104665527750093,65536
llama32_3b,12,128,bf16,1.8789583444595337,0.0,-0.1628174365311373,-0.009849010128369074,65536
llama32_3b,12,128,identity,1.8789583444595337,0.013549325548483563,-0.1628174365311373,0.0037003154201144892,65536
llama32_3b,12,128,hadamard,1.615867018699646,0.009849010128369074,0.0,0.0,65536
llama32_3b,12,128,nar,1.6120455265045166,0.00977967318365127,0.0023649793893340955,-6.933694471780369e-05,65536
llama32_3b,13,32,bf16,1.4194849729537964,0.0,-0.07193315567859315,-0.006086605934679755,65536
llama32_3b,13,32,identity,1.4194849729537964,0.007286185876142284,-0.07193315567859315,0.0011995799414625296,65536
llama32_3b,13,32,hadamard,1.3242290019989014,0.006086605934679755,0.0,0.0,65536
llama32_3b,13,32,nar,1.2827051877975464,0.005691228158554135,0.03135697386077142,-0.0003953777761256201,65536
llama32_3b,13,64,bf16,1.6823010444641113,0.0,-0.12473475951103936,-0.007953489083781384,65536
llama32_3b,13,64,identity,1.6823010444641113,0.010494392005691522,-0.12473475951103936,0.002540902921910138,65536
llama32_3b,13,64,hadamard,1.4957313537597656,0.007953489083781384,0.0,0.0,65536
llama32_3b,13,64,nar,1.469963550567627,0.007652564421039029,0.017227561037192328,-0.0003009246627423551,65536
llama32_3b,13,128,bf16,1.9684934616088867,0.0,-0.18738590689132265,-0.009875089534068024,65536
llama32_3b,13,128,identity,1.9684934616088867,0.014469761577058735,-0.18738590689132265,0.004594672042990711,65536
llama32_3b,13,128,hadamard,1.657837986946106,0.009875089534068024,0.0,0.0,65536
llama32_3b,13,128,nar,1.6428065299987793,0.00967379320225877,0.009066903440315072,-0.0002012963318092538,65536
llama32_3b,14,32,bf16,1.321648120880127,0.0,-0.04604457950411614,-0.006098265427200313,65536
llama32_3b,14,32,identity,1.321648120880127,0.006830538555777866,-0.04604457950411614,0.0007322731285775534,65536
llama32_3b,14,32,hadamard,1.263472080230713,0.006098265427200313,0.0,0.0,65536
llama32_3b,14,32,nar,1.2358694076538086,0.005831802922405169,0.021846681860879732,-0.0002664625047951435,65536
llama32_3b,14,64,bf16,1.5495107173919678,0.0,-0.08295032658294436,-0.008009689716578786,65536
llama32_3b,14,64,identity,1.5495107173919678,0.009568055080219937,-0.08295032658294436,0.001558365363641151,65536
llama32_3b,14,64,hadamard,1.4308234453201294,0.008009689716578786,0.0,0.0,65536
llama32_3b,14,64,nar,1.4131405353546143,0.007804988195483914,0.012358554805172905,-0.00020470152109487195,65536
llama32_3b,14,128,bf16,1.784942626953125,0.0,-0.12763142773268965,-0.009917186218944392,65536
llama32_3b,14,128,identity,1.784942626953125,0.012758799089110697,-0.12763142773268965,0.0028416128701663056,65536
llama32_3b,14,128,hadamard,1.5829131603240967,0.009917186218944392,0.0,0.0,65536
llama32_3b,14,128,nar,1.5715121030807495,0.00975029523043017,0.007202579098535535,-0.00016689098851422127,65536
llama32_3b,15,32,bf16,1.2944161891937256,0.0,-0.03856691185416381,-0.0061316974843943035,65536
llama32_3b,15,32,identity,1.2944161891937256,0.00673634733542789,-0.03856691185416381,0.0006046498510335861,65536
llama32_3b,15,32,hadamard,1.2463483810424805,0.0061316974843943035,0.0,0.0,65536
llama32_3b,15,32,nar,1.2076468467712402,0.005767055230212561,0.03105193929715638,-0.0003646422541817426,65536
llama32_3b,15,64,bf16,1.5102795362472534,0.0,-0.07330490647891343,-0.007996022692387524,65536
llama32_3b,15,64,identity,1.5102795362472534,0.009361947087140351,-0.07330490647891343,0.001365924394752827,65536
llama32_3b,15,64,hadamard,1.4071300029754639,0.007996022692387524,0.0,0.0,65536
llama32_3b,15,64,nar,1.3829504251480103,0.007734326066342785,0.017183613295377393,-0.0002616966260447391,65536
llama32_3b,15,128,bf16,1.7395788431167603,0.0,-0.11604103472132252,-0.009934188681729328,65536
llama32_3b,15,128,identity,1.7395788431167603,0.012462477752785856,-0.11604103472132252,0.0025282890710565283,65536
llama32_3b,15,128,hadamard,1.5587050914764404,0.009934188681729328,0.0,0.0,65536
llama32_3b,15,128,nar,1.5427229404449463,0.009708895785213447,0.010253479711390106,-0.00022529289651588083,65536
llama32_3b,16,32,bf16,1.4207661151885986,0.0,-0.05556739897369967,-0.006052814913304709,65536
llama32_3b,16,32,identity,1.4207661151885986,0.007149285219945354,-0.05556739897369967,0.0010964703066406447,65536
llama32_3b,16,32,hadamard,1.3459738492965698,0.006052814913304709,0.0,0.0,65536
llama32_3b,16,32,nar,1.2682251930236816,0.005426530607006616,0.05776386837940502,-0.0006262843062980932,65536
llama32_3b,16,64,bf16,1.7051621675491333,0.0,-0.12224867803325053,-0.007901856294299469,65536
llama32_3b,16,64,identity,1.7051621675491333,0.010532753895554322,-0.12224867803325053,0.0026308976012548533,65536
llama32_3b,16,64,hadamard,1.5194156169891357,0.007901856294299469,0.0,0.0,65536
llama32_3b,16,64,nar,1.458695411682129,0.007325448420845294,0.039962867715766674,-0.0005764078734541746,65536
llama32_3b,16,128,bf16,2.0368549823760986,0.0,-0.21237560759350682,-0.009767070334417585,65536
llama32_3b,16,128,identity,2.0368549823760986,0.015232102059933054,-0.21237560759350682,0.005465031725515469,65536
llama32_3b,16,128,hadamard,1.6800527572631836,0.009767070334417585,0.0,0.0,65536
llama32_3b,16,128,nar,1.632004737854004,0.009252653709256717,0.02859911345132412,-0.0005144166251608677,65536
llama32_3b,17,32,bf16,1.4838817119598389,0.0,-0.04518606738991781,-0.006100786029070032,65536
llama32_3b,17,32,identity,1.4838817119598389,0.006920456311636823,-0.04518606738991781,0.0008196702825667909,65536
llama32_3b,17,32,hadamard,1.4197297096252441,0.006100786029070032,0.0,0.0,65536
llama32_3b,17,32,nar,1.3463640213012695,0.005491067962602164,0.05167581394302189,-0.0006097180664678681,65536
llama32_3b,17,64,bf16,1.7569483518600464,0.0,-0.09492941186871352,-0.007973278909852392,65536
llama32_3b,17,64,identity,1.7569483518600464,0.00993605358892508,-0.09492941186871352,0.001962774679072689,65536
llama32_3b,17,64,hadamard,1.604622483253479,0.007973278909852392,0.0,0.0,65536
llama32_3b,17,64,nar,1.5494781732559204,0.007430780477616976,0.034365908849631616,-0.0005424984322354156,65536
llama32_3b,17,128,bf16,2.0730175971984863,0.0,-0.16845559370284782,-0.0098582737620441,65536
llama32_3b,17,128,identity,2.0730175971984863,0.013982031313441038,-0.16845559370284782,0.004123757551396937,65536
llama32_3b,17,128,hadamard,1.7741518020629883,0.0098582737620441,0.0,0.0,65536
llama32_3b,17,128,nar,1.7305762767791748,0.009347925445742119,0.024561328536342686,-0.0005103483163019819,65536
llama32_3b,18,32,bf16,1.5300359725952148,0.0,-0.035608922737317174,-0.006129596240933961,65536
llama32_3b,18,32,identity,1.5300359725952148,0.006685626094697487,-0.035608922737317174,0.0005560298537635256,65536
llama32_3b,18,32,hadamard,1.4774264097213745,0.006129596240933961,0.0,0.0,65536
llama32_3b,18,32,nar,1.3816492557525635,0.005330049313371127,0.06482702173089859,-0.0007995469275628346,65536
llama32_3b,18,64,bf16,1.7949763536453247,0.0,-0.07492555938437201,-0.008021404053262179,65536
llama32_3b,18,64,identity,1.7949763536453247,0.009322003616196917,-0.07492555938437201,0.0013005995629347383,65536
llama32_3b,18,64,hadamard,1.669861078262329,0.008021404053262179,0.0,0.0,65536
llama32_3b,18,64,nar,1.5880345106124878,0.007174168658300729,0.049002021015419256,-0.0008472353949614498,65536
llama32_3b,18,128,bf16,2.081709384918213,0.0,-0.12998385907805207,-0.009872960708203985,65536
llama32_3b,18,128,identity,2.081709384918213,0.012470610442715963,-0.12998385907805207,0.0025976497345119778,65536
llama32_3b,18,128,hadamard,1.8422470092773438,0.009872960708203985,0.0,0.0,65536
llama32_3b,18,128,nar,1.7799689769744873,0.00907792080889941,0.03380547341872803,-0.0007950398993045744,65536
llama32_3b,19,32,bf16,1.5383799076080322,0.0,-0.06512922202665533,-0.00606138277014108,65536
llama32_3b,19,32,identity,1.5383799076080322,0.007328543112062568,-0.06512922202665533,0.0012671603419214883,65536
llama32_3b,19,32,hadamard,1.4443129301071167,0.00606138277014108,0.0,0.0,65536
llama32_3b,19,32,nar,1.3502285480499268,0.005297570703475324,0.06514127243201528,-0.0007638120666657562,65536
llama32_3b,19,64,bf16,1.8556628227233887,0.0,-0.13885132085123394,-0.007892250181243541,65536
llama32_3b,19,64,identity,1.8556628227233887,0.010982245388390398,-0.13885132085123394,0.003089995207146857,65536
llama32_3b,19,64,hadamard,1.6294162273406982,0.007892250181243541,0.0,0.0,65536
llama32_3b,19,64,nar,1.5599730014801025,0.007247422756677274,0.042618469544722204,-0.0006448274245662673,65536
llama32_3b,19,128,bf16,2.2505788803100586,0.0,-0.24939952899407689,-0.009754617371268716,65536
llama32_3b,19,128,identity,2.2505788803100586,0.016167635195731642,-0.24939952899407689,0.006413017824462927,65536
llama32_3b,19,128,hadamard,1.801328420639038,0.009754617371268716,0.0,0.0,65536
llama32_3b,19,128,nar,1.7646164894104004,0.00935012347038418,0.020380476324030793,-0.00040449390088453593,65536
llama32_3b,20,32,bf16,1.5621743202209473,0.0,-0.038476378794822415,-0.006110195586023786,65536
llama32_3b,20,32,identity,1.5621743202209473,0.006818490346095862,-0.038476378794822415,0.0007082947600720764,65536
llama32_3b,20,32,hadamard,1.504294514656067,0.006110195586023786,0.0,0.0,65536
llama32_3b,20,32,nar,1.4197986125946045,0.005462479495535145,0.0561697867260927,-0.0006477160904886405,65536
llama32_3b,20,64,bf16,1.8371222019195557,0.0,-0.07881664979815893,-0.008019315337574391,65536
llama32_3b,20,64,identity,1.8371222019195557,0.009644828236026195,-0.07881664979815893,0.0016255128984518034,65536
llama32_3b,20,64,hadamard,1.7029049396514893,0.008019315337574391,0.0,0.0,65536
llama32_3b,20,64,nar,1.6370820999145508,0.007409857701073872,0.03865326725190518,-0.0006094576365005188,65536
llama32_3b,20,128,bf16,2.153904914855957,0.0,-0.14400681328793757,-0.009916670152091056,65536
llama32_3b,20,128,identity,2.153904914855957,0.013325160969240721,-0.14400681328793757,0.0034084908171496658,65536
llama32_3b,20,128,hadamard,1.8827728033065796,0.009916670152091056,0.0,0.0,65536
llama32_3b,20,128,nar,1.84042227268219,0.009428734911676043,0.022493702134433018,-0.00048793524041501266,65536
llama32_3b,21,32,bf16,1.7545199394226074,0.0,-0.04168294519655971,-0.006081415410220313,65536
llama32_3b,21,32,identity,1.7545199394226074,0.006815806700527157,-0.04168294519655971,0.0007343912903068437,65536
llama32_3b,21,32,hadamard,1.6843128204345703,0.006081415410220313,0.0,0.0,65536
llama32_3b,21,32,nar,1.5753446817398071,0.005383023547800777,0.06469590290635457,-0.0006983918624195364,65536
llama32_3b,21,64,bf16,2.078979015350342,0.0,-0.09282126040263544,-0.007962388977670404,65536
llama32_3b,21,64,identity,2.078979015350342,0.009769005509059368,-0.09282126040263544,0.0018066165313889646,65536
llama32_3b,21,64,hadamard,1.9023962020874023,0.007962388977670404,0.0,0.0,65536
llama32_3b,21,64,nar,1.8201828002929688,0.007335362165813342,0.04321570958995031,-0.0006270268118570618,65536
llama32_3b,21,128,bf16,2.4407596588134766,0.0,-0.1575591961742484,-0.009901233564043495,65536
llama32_3b,21,128,identity,2.4407596588134766,0.013510847273949253,-0.1575591961742484,0.0036096137099057585,65536
llama32_3b,21,128,hadamard,2.1085398197174072,0.009901233564043495,0.0,0.0,65536
llama32_3b,21,128,nar,2.054037570953369,0.009391312968036018,0.025848337439196494,-0.0005099205960074765,65536
llama32_3b,22,32,bf16,1.895587682723999,0.0,-0.03805217266873485,-0.00613357971786066,65536
llama32_3b,22,32,identity,1.895587682723999,0.006741511512524807,-0.03805217266873485,0.0006079317946641469,65536
llama32_3b,22,32,hadamard,1.8261005878448486,0.00613357971786066,0.0,0.0,65536
llama32_3b,22,32,nar,1.722275733947754,0.005454812316793867,0.05685604319290434,-0.0006787674010667929,65536
llama32_3b,22,64,bf16,2.2237789630889893,0.0,-0.07802862520911123,-0.008008242513573868,65536
llama32_3b,22,64,identity,2.2237789630889893,0.009528191394207389,-0.07802862520911123,0.001519948880633521,65536
llama32_3b,22,64,hadamard,2.0628199577331543,0.008008242513573868,0.0,0.0,65536
llama32_3b,22,64,nar,1.9903769493103027,0.007426435682399713,0.03511843491298176,-0.0005818068311741554,65536
llama32_3b,22,128,bf16,2.5672812461853027,0.0,-0.12618509794439042,-0.009876711328492946,65536
llama32_3b,22,128,identity,2.5672812461853027,0.01275409492316295,-0.12618509794439042,0.002877383594670003,65536
llama32_3b,22,128,hadamard,2.2796263694763184,0.009876711328492946,0.0,0.0,65536
llama32_3b,22,128,nar,2.2329025268554688,0.009456353044809651,0.020496272216566407,-0.00042035828368329475,65536
llama32_3b,23,32,bf16,1.6547117233276367,0.0,-0.04047677122510014,-0.006089643205425821,65536
llama32_3b,23,32,identity,1.6547117233276367,0.006782704981286687,-0.04047677122510014,0.000693061775860866,65536
llama32_3b,23,32,hadamard,1.5903398990631104,0.006089643205425821,0.0,0.0,65536
llama32_3b,23,32,nar,1.5020427703857422,0.005516238431010284,0.05552091645904447,-0.0005734047744155374,65536
llama32_3b,23,64,bf16,1.9508389234542847,0.0,-0.08499116450281574,-0.007976610080763174,65536
llama32_3b,23,64,identity,1.9508389234542847,0.009607463449125638,-0.08499116450281574,0.0016308533683624636,65536
llama32_3b,23,64,hadamard,1.7980228662490845,0.007976610080763174,0.0,0.0,65536
llama32_3b,23,64,nar,1.744483232498169,0.0075713812677010205,0.029776948200111796,-0.0004052288130621537,65536
llama32_3b,23,128,bf16,2.300745964050293,0.0,-0.15863073537058847,-0.009830590589300156,65536
llama32_3b,23,128,identity,2.300745964050293,0.013306356876465766,-0.15863073537058847,0.0034757662871656107,65536
llama32_3b,23,128,hadamard,1.9857456684112549,0.009830590589300156,0.0,0.0,65536
llama32_3b,23,128,nar,1.9565293788909912,0.009567359393546462,0.01471300679892148,-0.0002632311957536937,65536
llama32_3b,24,32,bf16,2.0446152687072754,0.0,-0.016470983702779357,-0.00610630525163295,65536
llama32_3b,24,32,identity,2.0446152687072754,0.0063081153473176855,-0.016470983702779357,0.0002018100956847355,65536
llama32_3b,24,32,hadamard,2.011484146118164,0.00610630525163295,0.0,0.0,65536
llama32_3b,24,32,nar,1.8462350368499756,0.00511294735389178,0.08215282709888232,-0.0009933578977411699,65536
llama32_3b,24,64,bf16,2.363069534301758,0.0,-0.04407542254980316,-0.007877932409494791,65536
llama32_3b,24,64,identity,2.363069534301758,0.008564130674757512,-0.04407542254980316,0.0006861982652627205,65536
llama32_3b,24,64,hadamard,2.263313055038452,0.007877932409494791,0.0,0.0,65536
llama32_3b,24,64,nar,2.1266729831695557,0.006903190515505581,0.06037170667341689,-0.0009747418939892102,65536
llama32_3b,24,128,bf16,2.698671817779541,0.0,-0.07056676986396702,-0.009929968106978037,65536
llama32_3b,24,128,identity,2.698671817779541,0.01118198870613278,-0.07056676986396702,0.0012520205991547427,65536
llama32_3b,24,128,hadamard,2.5207879543304443,0.009929968106978037,0.0,0.0,65536
llama32_3b,24,128,nar,2.384176731109619,0.008739131209123813,0.05419385751433067,-0.001190836897854224,65536
llama32_3b,25,32,bf16,2.2340238094329834,0.0,-0.057431210136885694,-0.006093682738781263,65536
llama32_3b,25,32,identity,2.2340238094329834,0.007385397199826551,-0.057431210136885694,0.0012917144610452881,65536
llama32_3b,25,32,hadamard,2.11268949508667,0.006093682738781263,0.0,0.0,65536
llama32_3b,25,32,nar,1.9416885375976562,0.005159765637344232,0.08093993835189615,-0.0009339171014370309,65536
llama32_3b,25,64,bf16,2.6849870681762695,0.0,-0.12462850760720551,-0.007964383263899304,65536
llama32_3b,25,64,identity,2.6849870681762695,0.010972326515195035,-0.12462850760720551,0.0030079432512957315,65536
llama32_3b,25,64,hadamard,2.3874435424804688,0.007964383263899304,0.0,0.0,65536
llama32_3b,25,64,nar,2.243070602416992,0.007055805350403937,0.06047177137159785,-0.0009085779134953668,65536
llama32_3b,25,128,bf16,3.211451530456543,0.0,-0.22023927183902245,-0.009789973892059087,65536
llama32_3b,25,128,identity,3.211451530456543,0.015965005121354712,-0.22023927183902245,0.006175031229295625,65536
llama32_3b,25,128,hadamard,2.6318211555480957,0.009789973892059087,0.0,0.0,65536
llama32_3b,25,128,nar,2.5303688049316406,0.00902879629241502,0.03854834527892793,-0.0007611775996440671,65536
llama32_3b,26,32,bf16,2.0932722091674805,0.0,-0.02750480789654804,-0.00606703549669125,65536
llama32_3b,26,32,identity,2.0932722091674805,0.006436746197507751,-0.02750480789654804,0.00036971070081650084,65536
llama32_3b,26,32,hadamard,2.037238359451294,0.00606703549669125,0.0,0.0,65536
llama32_3b,26,32,nar,1.934549331665039,0.005507702802968406,0.05040599560176795,-0.000559332693722844,65536
llama32_3b,26,64,bf16,2.415552854537964,0.0,-0.04559634483710925,-0.00798932146953948,65536
llama32_3b,26,64,identity,2.415552854537964,0.008738248256345603,-0.04559634483710925,0.0007489267868061224,65536
llama32_3b,26,64,hadamard,2.310215473175049,0.00798932146953948,0.0,0.0,65536
llama32_3b,26,64,nar,2.2224607467651367,0.0074035122664531175,0.037985515822602574,-0.0005858092030863633,65536
llama32_3b,26,128,bf16,2.7430601119995117,0.0,-0.07487452805254813,-0.0098301492589807,65536
llama32_3b,26,128,identity,2.7430601119995117,0.011353510034467272,-0.07487452805254813,0.0015233607754865722,65536
llama32_3b,26,128,hadamard,2.5519816875457764,0.0098301492589807,0.0,0.0,65536
llama32_3b,26,128,nar,2.4921939373016357,0.009331559975488738,0.0234279699325108,-0.0004985892834919615,65536
llama32_3b,27,32,bf16,2.1670784950256348,0.0,-0.0670341080712085,-0.006035660022301186,65536
llama32_3b,27,32,identity,2.1670784950256348,0.007382251533771077,-0.0670341080712085,0.001346591511469891,65536
llama32_3b,27,32,hadamard,2.0309364795684814,0.006035660022301186,0.0,0.0,65536
llama32_3b,27,32,nar,1.8632818460464478,0.005097124780454352,0.08255040726712227,-0.0009385352418468341,65536
llama32_3b,27,64,bf16,2.6332125663757324,0.0,-0.1477221996373676,-0.007889379259095252,65536
llama32_3b,27,64,identity,2.6332125663757324,0.011148690430530767,-0.1477221996373676,0.003259311171435514,65536
llama32_3b,27,64,hadamard,2.2942943572998047,0.007889379259095252,0.0,0.0,65536
llama32_3b,27,64,nar,2.1587393283843994,0.006981870223513164,0.05908353846754972,-0.0009075090355820884,65536
llama32_3b,27,128,bf16,3.195366621017456,0.0,-0.26134497081766533,-0.009718710807517008,65536
llama32_3b,27,128,identity,3.195366621017456,0.016645646986743035,-0.26134497081766533,0.006926936179226026,65536
llama32_3b,27,128,hadamard,2.5333011150360107,0.009718710807517008,0.0,0.0,65536
llama32_3b,27,128,nar,2.438699960708618,0.008979145734373618,0.03734303583806216,-0.00073956507314339,65536
