model,layer,b,k,dc_slots,mean_group_range,relative_quantization_error_nmse,range_reduction_vs_hadamard,nmse_delta_vs_hadamard,absorbed_energy_fraction,sqrt_one_minus_absorbed_energy_fraction,orthogonality_max_abs_error
llama32_3b,0,32,0,4,0.2018119841814041,0.005710275289046218,0.02997615581894065,-0.0002743514191678835,0.0,1.0,8.881784197001252e-16
llama32_3b,0,32,1,4,0.19765233993530273,0.00539944874620181,0.04996978562440333,-0.000585177962012292,0.08412177753761145,0.9570152676224076,1.2212453270876722e-15
llama32_3b,0,32,2,4,0.1958862841129303,0.0052924080865749705,0.0584584601934823,-0.0006922186216391313,0.11718650059813823,0.9395815554819399,1.1102230246251565e-15
llama32_3b,0,32,3,4,0.19334676861763,0.0051569701058218915,0.0706648244146193,-0.0008276566023922103,0.14822854820439374,0.9229146503310077,1.2212453270876722e-15
llama32_3b,0,32,4,4,0.19151899218559265,0.005079162156905853,0.07945016354153021,-0.000905464551308249,0.1715816081915514,0.9101749237418314,1.3322676295501878e-15
llama32_3b,0,64,0,2,0.23071043193340302,0.007556158039840551,0.014423496199511906,-0.00020047335614857727,0.0,1.0,1.2212453270876722e-15
llama32_3b,0,64,1,2,0.22493118047714233,0.007148465408529348,0.039111995965701335,-0.0006081659874597805,0.08412177753761145,0.9570152676224076,1.1102230246251565e-15
llama32_3b,0,64,2,2,0.22196118533611298,0.006968985807373201,0.05179957754955059,-0.0007876455886159277,0.11718650059813823,0.9395815554819399,9.992007221626409e-16
llama32_3b,0,128,0,1,0.25743257999420166,0.009414923564483601,0.004230232745801007,-0.0002058755421287372,0.0,1.0,1.2212453270876722e-15
llama32_3b,0,128,1,1,0.24940717220306396,0.008837071554395488,0.03527315065650685,-0.0007837275522168501,0.08412177753761145,0.9570152676224076,1.2212453270876722e-15
llama32_3b,1,32,0,4,0.513375997543335,0.006029725942484647,0.006847581495559767,-5.4513486027157713e-05,0.0,1.0,1.1102230246251565e-15
llama32_3b,1,32,1,4,0.5085250735282898,0.005916843905313881,0.016231944887260225,-0.0001673955231979241,0.025999764325166735,0.9869145027178562,1.1102230246251565e-15
llama32_3b,1,32,2,4,0.5030810832977295,0.005789433415353628,0.026763625545624312,-0.0002948060131581767,0.0506849532680883,0.9743279975100334,1.3322676295501878e-15
llama32_3b,1,32,3,4,0.49888646602630615,0.005695778368485791,0.034878329598306355,-0.0003884610600260142,0.07264197100002724,0.9629943037214564,1.3322676295501878e-15
llama32_3b,1,32,4,4,0.4953666627407074,0.0056018132791054815,0.041687571094753996,-0.00048242614940632346,0.0931874653720138,0.952267050058956,1.1102230246251565e-15
llama32_3b,1,64,0,2,0.5814462900161743,0.007895171616682333,0.0006544117782646368,-6.08240704242681e-06,0.0,1.0,1.1102230246251565e-15
llama32_3b,1,64,1,2,0.5749845504760742,0.007725275287095186,0.011760357439139602,-0.00017597873662957356,0.025999764325166735,0.9869145027178562,9.992007221626409e-16
llama32_3b,1,64,2,2,0.5680387020111084,0.007554689200008383,0.023698352640256486,-0.00034656482371637695,0.0506849532680883,0.9743279975100334,1.1102230246251565e-15
llama32_3b,1,128,0,1,0.6459833383560181,0.009842748945883327,-0.0011108672486849903,3.641431890864105e-05,0.0,1.0,1.1102230246251565e-15
llama32_3b,1,128,1,1,0.6395117044448853,0.009653842481570795,0.008918529258318295,-0.00015249214540389092,0.025999764325166735,0.9869145027178562,9.992007221626409e-16
llama32_3b,2,32,0,4,0.9314870238304138,0.0059620513618614665,0.013756815236089232,-0.00011307418235047533,0.0,1.0,1.2212453270876722e-15
llama32_3b,2,32,1,4,0.9183475971221924,0.0057966365780023925,0.027668624752662324,-0.00027848896620954935,0.03442395384048461,0.9826372912522278,8.881784197001252e-16
llama32_3b,2,32,2,4,0.9096887707710266,0.005679482766163798,0.036836448091494084,-0.000395642778048144,0.06715685022279946,0.9658380556683406,1.2212453270876722e-15
llama32_3b,2,32,3,4,0.8971118330955505,0.005550045520064229,0.050152703444823615,-0.0005250800241477132,0.09551011807708024,0.9510467296210633,1.1102230246251565e-15
llama32_3b,2,32,4,4,0.8884614109992981,0.005429128674835119,0.05931162849638004,-0.0006459968693768225,0.12290248939719442,0.9365348421723592,1.3322676295501878e-15
llama32_3b,2,64,0,2,1.0580353736877441,0.007832791265791755,0.00982450393852584,-0.00012874426901626768,0.0,1.0,8.881784197001252e-16
llama32_3b,2,64,1,2,1.0422790050506592,0.0076273675735167405,0.024570296488896196,-0.0003341679612912825,0.03442395384048461,0.9826372912522278,8.881784197001252e-16
llama32_3b,2,64,2,2,1.0293821096420288,0.0074114718451890335,0.03664001563673857,-0.0005500636896189895,0.06715685022279946,0.9658380556683406,8.881784197001252e-16
llama32_3b,2,128,0,1,1.175407886505127,0.00973846543948403,0.0013618295956786066,-3.8010574579833145e-05,0.0,1.0,1.3322676295501878e-15
llama32_3b,2,128,1,1,1.1566245555877686,0.009470631167584637,0.01732033339403465,-0.00030584484647922655,0.03442395384048461,0.9826372912522278,1.3322676295501878e-15
llama32_3b,3,32,0,4,1.0917928218841553,0.005986397876661037,0.010990990348908141,-9.720473554259302e-05,0.0,1.0,1.1102230246251565e-15
llama32_3b,3,32,1,4,1.077488660812378,0.005815088299242194,0.023948525782301267,-0.00026851431296143636,0.040284420937195704,0.9796507434095093,9.992007221626409e-16
llama32_3b,3,32,2,4,1.064690113067627,0.005662435822728605,0.03554218968656116,-0.000421166789475025,0.07132967010455021,0.9636754276702555,1.3322676295501878e-15
llama32_3b,3,32,3,4,1.056901454925537,0.005593994220958575,0.04259760617329505,-0.0004896083912450553,0.09541428581378242,0.9510971108074178,1.1102230246251565e-15
llama32_3b,3,32,4,4,1.0477163791656494,0.005500873860908568,0.05091797840763518,-0.000582728751295062,0.11613824055544553,0.9401392234369091,1.2212453270876722e-15
llama32_3b,3,64,0,2,1.2380752563476562,0.007862271686745158,0.008517559369501465,-0.00010944014088826691,0.0,1.0,8.881784197001252e-16
llama32_3b,3,64,1,2,1.221346139907837,0.007632688333440663,0.02191466516925285,-0.0003390234941927613,0.040284420937195704,0.9796507434095093,1.1102230246251565e-15
llama32_3b,3,64,2,2,1.2071104049682617,0.007439823393656865,0.03331500707067882,-0.0005318884339765599,0.07132967010455021,0.9636754276702555,1.1102230246251565e-15
llama32_3b,3,128,0,1,1.3761284351348877,0.009769805504659725,0.0013161156032758846,-4.2768192607827576e-05,0.0,1.0,1.3322676295501878e-15
llama32_3b,3,128,1,1,1.3552720546722412,0.00948367037792102,0.01645200737260052,-0.00032890331934653204,0.040284420937195704,0.9796507434095093,1.2212453270876722e-15
llama32_3b,4,32,0,4,1.03975248336792,0.006081567145860643,-0.001283335114627116,2.264960395113088e-05,0.0,1.0,1.1102230246251565e-15
llama32_3b,4,32,1,4,1.0279314517974854,0.005928520375043263,0.010100337542735266,-0.0001303971668662491,0.036316215059694706,0.9816739707969776,1.3322676295501878e-15
llama32_3b,4,32,2,4,1.0162698030471802,0.005794899955230128,0.02133052428469766,-0.00026401758667938483,0.06109479487742722,0.968971209645866,1.4432899320127035e-15
llama32_3b,4,32,3,4,1.0100595951080322,0.005723648872105991,0.027310964645776432,-0.00033526866980352135,0.0809927215750888,0.9586486730940127,1.1102230246251565e-15
llama32_3b,4,32,4,4,1.004164457321167,0.005657644258352838,0.0329879919369957,-0.0004012732835566744,0.09857259092442168,0.9494353106323665,1.4432899320127035e-15
llama32_3b,4,64,0,2,1.1772544384002686,0.007980399176536675,-0.0017264279191999275,3.533508409689183e-05,0.0,1.0,9.992007221626409e-16
llama32_3b,4,64,1,2,1.1616944074630737,0.007740813881928021,0.011513610682998013,-0.0002042502105117621,0.036316215059694706,0.9816739707969776,1.1102230246251565e-15
llama32_3b,4,64,2,2,1.1495838165283203,0.007580479624484363,0.021818518952060283,-0.00036458446795542034,0.06109479487742722,0.968971209645866,1.3322676295501878e-15
llama32_3b,4,128,0,1,1.3029117584228516,0.009862968194162533,-0.0024034682727697115,3.3402174328634945e-05,0.0,1.0,1.1102230246251565e-15
llama32_3b,4,128,1,1,1.2868671417236328,0.009595416491240199,0.009940559879890787,-0.00023414952859369953,0.036316215059694706,0.9816739707969776,1.3322676295501878e-15
llama32_3b,5,32,0,4,1.0262930393218994,0.006052575787408375,0.005197851251300965,-5.426584114581485e-05,0.0,1.0,9.992007221626409e-16
llama32_3b,5,32,1,4,1.0145845413208008,0.005920163986559307,0.016547084388270003,-0.00018667764199488228,0.03024950428390758,0.9847591054243126,1.6653345369377348e-15
llama32_3b,5,32,2,4,1.0019041299819946,0.00578604392491727,0.02883840856522874,-0.00032079770363691983,0.05887319287305668,0.9701169038455846,1.1102230246251565e-15
llama32_3b,5,32,3,4,0.9922636151313782,0.005671407841498154,0.038183112778338905,-0.0004354337870560356,0.08195624835436471,0.9581459970409704,8.881784197001252e-16
llama32_3b,5,32,4,4,0.9839303493499756,0.0055748393821057896,0.04626067969909938,-0.0005320022464484,0.10457440755501846,0.9462693022839648,9.992007221626409e-16
llama32_3b,5,64,0,2,1.161470890045166,0.007920803194539437,0.0017206088945223611,-2.896936839220758e-05,0.0,1.0,8.881784197001252e-16
llama32_3b,5,64,1,2,1.1482195854187012,0.00774830033898227,0.013110050013744995,-0.00020147222394937495,0.03024950428390758,0.9847591054243126,9.992007221626409e-16
llama32_3b,5,64,2,2,1.131516456604004,0.007538787415139289,0.02746631964185761,-0.0004109851477923556,0.05887319287305668,0.9701169038455846,1.1102230246251565e-15
llama32_3b,5,128,0,1,1.2873785495758057,0.009832317336456023,-0.0003890649047337527,3.286985222492045e-06,0.0,1.0,9.992007221626409e-16
llama32_3b,5,128,1,1,1.2699906826019287,0.009569310842078477,0.013122603429662715,-0.00025971950915505346,0.03024950428390758,0.9847591054243126,1.3322676295501878e-15
llama32_3b,6,32,0,4,1.0850589275360107,0.006069348539625593,0.0040668313619574015,-3.282354553600826e-05,0.0,1.0,8.881784197001252e-16
llama32_3b,6,32,1,4,1.075203537940979,0.005953547829622917,0.01311270816961733,-0.00014862425553868394,0.02672713305775707,0.9865459274368542,1.2212453270876722e-15
llama32_3b,6,32,2,4,1.0670415163040161,0.00585492074179702,0.020604308731673383,-0.0002472513433645811,0.0518344597897733,0.9737379217275184,1.1102230246251565e-15
llama32_3b,6,32,3,4,1.0578668117523193,0.005751578110230365,0.029025411349794545,-0.0003505939749312362,0.0729917192583833,0.962812692449376,1.2212453270876722e-15
llama32_3b,6,32,4,4,1.0508917570114136,0.005675439984679016,0.035427541403052445,-0.0004267321004825849,0.09078628549676701,0.9535269867723897,1.2212453270876722e-15
llama32_3b,6,64,0,2,1.228671908378601,0.007938192348255987,0.0019027751523847006,-3.022589513592376e-05,0.0,1.0,1.1102230246251565e-15
llama32_3b,6,64,1,2,1.2174904346466064,0.007810504146611888,0.010985914292708775,-0.00015791409678002268,0.02672713305775707,0.9865459274368542,9.992007221626409e-16
llama32_3b,6,64,2,2,1.207435131072998,0.007669602819349858,0.01915422230348029,-0.00029881542404205236,0.0518344597897733,0.9737379217275184,9.992007221626409e-16
llama32_3b,6,128,0,1,1.3613717555999756,0.009840016553771255,-0.001229178272406596,1.1317304977819312e-05,0.0,1.0,9.992007221626409e-16
llama32_3b,6,128,1,1,1.350037932395935,0.009674595999581252,0.0071063512746017575,-0.00015410324921218306,0.02672713305775707,0.9865459274368542,9.992007221626409e-16
llama32_3b,7,32,0,4,1.1642500162124634,0.0060824497693335085,-7.761877079924499e-05,1.1349803119344373e-05,0.0,1.0,7.771561172376096e-16
llama32_3b,7,32,1,4,1.1560680866241455,0.0059862987172862436,0.006950566366148222,-8.480124892792061e-05,0.02806107645327523,0.9858696280678925,1.1102230246251565e-15
llama32_3b,7,32,2,4,1.1444242000579834,0.005861491451542592,0.016952533459270985,-0.00020960851467157187,0.05110183930928344,0.9741140388531091,1.2212453270876722e-15
llama32_3b,7,32,3,4,1.1336641311645508,0.005753945914445016,0.026195311150407463,-0.00031715405176914804,0.07258502064524625,0.9630238726816452,9.992007221626409e-16
llama32_3b,7,32,4,4,1.1257213354110718,0.005671159806378617,0.03301808302320811,-0.00039994015983554725,0.09111657995024174,0.9533537748652167,8.881784197001252e-16
llama32_3b,7,64,0,2,1.3180307149887085,0.007964671965595213,-0.001428808474269854,1.7526162585978014e-05,0.0,1.0,1.3322676295501878e-15
llama32_3b,7,64,1,2,1.3053617477416992,0.007802573914643682,0.008196967792166198,-0.00014457188836555258,0.02806107645327523,0.9858696280678925,1.1102230246251565e-15
llama32_3b,7,64,2,2,1.2942469120025635,0.007667285544472071,0.01664192782538158,-0.00027986025853716373,0.05110183930928344,0.9741140388531091,1.1102230246251565e-15
llama32_3b,7,128,0,1,1.4571294784545898,0.009821315267644263,-0.00014147131311152694,-9.44962926103382e-06,0.0,1.0,1.1102230246251565e-15
llama32_3b,7,128,1,1,1.4472507238388062,0.009690046902020815,0.006639087533758991,-0.00014071799488448236,0.02806107645327523,0.9858696280678925,8.881784197001252e-16
llama32_3b,8,32,0,4,1.1726443767547607,0.006096524592123703,-0.001423616519408279,2.481506664219705e-05,0.0,1.0,1.2212453270876722e-15
llama32_3b,8,32,1,4,1.160802960395813,0.005949482740526629,0.008688804799411984,-0.0001222267849548776,0.0334630814339797,0.9831260949471438,1.1102230246251565e-15
llama32_3b,8,32,2,4,1.152604103088379,0.005875632062477469,0.015690526292213985,-0.00019607746300403725,0.052097162825872755,0.9736030182646966,1.2212453270876722e-15
llama32_3b,8,32,3,4,1.145933747291565,0.00580792362498759,0.021386926631422384,-0.0002637859004939163,0.06962417508038563,0.964559912560964,1.1102230246251565e-15
llama32_3b,8,32,4,4,1.1380517482757568,0.0057248889665411275,0.028118055110166375,-0.00034682055894037864,0.08545133689153289,0.9563203768133706,1.1102230246251565e-15
llama32_3b,8,64,0,2,1.3286244869232178,0.007999609860917939,-0.00021017739618385336,-3.034826792936915e-06,0.0,1.0,7.771561172376096e-16
llama32_3b,8,64,1,2,1.3116203546524048,0.0077742736258901565,0.012590810635012144,-0.00022837106182071933,0.0334630814339797,0.9831260949471438,9.992007221626409e-16
llama32_3b,8,64,2,2,1.302732229232788,0.007665789974567073,0.01928193637458171,-0.00033685471314380284,0.052097162825872755,0.9736030182646966,9.992007221626409e-16
llama32_3b,8,128,0,1,1.470733880996704,0.009897284980627545,-0.0019658571400262676,1.7068308318358982e-05,0.0,1.0,1.3322676295501878e-15
llama32_3b,8,128,1,1,1.4527618885040283,0.009622556421066342,0.010277909795046034,-0.00025766025124284407,0.0334630814339797,0.9831260949471438,1.2212453270876722e-15
llama32_3b,9,32,0,4,1.2949258089065552,0.006115756040718013,-0.0013448517316867312,2.622852270781767e-05,0.0,1.0,8.881784197001252e-16
llama32_3b,9,32,1,4,1.2829325199127197,0.0060084143273533095,0.007929361591351651,-8.111319065688596e-05,0.024252523351361403,0.9877993099049213,8.881784197001252e-16
llama32_3b,9,32,2,4,1.2729382514953613,0.005921256858485097,0.01565776514753454,-0.00016827065952509847,0.04469137351534521,0.9773989085755389,8.881784197001252e-16
llama32_3b,9,32,3,4,1.2636582851409912,0.005830827440756891,0.02283381065475815,-0.0002587000772533042,0.06361269942284796,0.9676710704455063,1.3322676295501878e-15
llama32_3b,9,32,4,4,1.2540998458862305,0.005743244162709821,0.030225194680401135,-0.00034628335530037437,0.08109715425749803,0.9585942028525428,1.1102230246251565e-15
llama32_3b,9,64,0,2,1.4636491537094116,0.007987524261563671,-0.001002716522850751,1.2263416401009364e-05,0.0,1.0,1.1102230246251565e-15
llama32_3b,9,64,1,2,1.4500460624694824,0.007850341428252661,0.008300558958003143,-0.0001249194169100007,0.024252523351361403,0.9877993099049213,1.1102230246251565e-15
llama32_3b,9,64,2,2,1.4384112358093262,0.007736311281216195,0.016257720729710868,-0.00023894956394646637,0.04469137351534521,0.9773989085755389,1.1102230246251565e-15
llama32_3b,9,128,0,1,1.6232883930206299,0.0099101282922365,-0.0038854574458218874,5.274960699231876e-05,0.0,1.0,9.992007221626409e-16
llama32_3b,9,128,1,1,1.6048908233642578,0.009705372579989517,0.007492097343448223,-0.00015200610525466403,0.024252523351361403,0.9877993099049213,8.881784197001252e-16
llama32_3b,10,32,0,4,1.2802034616470337,0.006089365946135999,9.078127764173517e-05,4.414499490095446e-06,0.0,1.0,1.1102230246251565e-15
llama32_3b,10,32,1,4,1.2679085731506348,0.005961433843947806,0.009693764490088547,-0.00012351760269809723,0.02787475345034927,0.9859641203155675,9.992007221626409e-16
llama32_3b,10,32,2,4,1.255858302116394,0.005844639165789287,0.019105688028975523,-0.00024031228085661608,0.05069197247793827,0.9743243954259083,1.1102230246251565e-15
llama32_3b,10,32,3,4,1.2458772659301758,0.005758641319953396,0.026901425498831483,-0.000326310126692507,0.0716445962746772,0.9635120153507806,1.4432899320127035e-15
llama32_3b,10,32,4,4,1.2346715927124023,0.005658335890548844,0.03565367175352185,-0.000426615556097059,0.09064332565477311,0.9536019475364063,1.1102230246251565e-15
llama32_3b,10,64,0,2,1.4489505290985107,0.00797280354786951,-0.00030771284425014394,-4.058641522770162e-06,0.0,1.0,7.771561172376096e-16
llama32_3b,10,64,1,2,1.432645320892334,0.007786631684231382,0.01094886576255547,-0.0001902305051608988,0.02787475345034927,0.9859641203155675,1.1102230246251565e-15
llama32_3b,10,64,2,2,1.4203834533691406,0.0076509143168070354,0.019414055160675237,-0.0003259478725852454,0.05069197247793827,0.9743243954259083,1.1102230246251565e-15
llama32_3b,10,128,0,1,1.6079809665679932,0.009914354151188784,-0.006831126853035902,0.00011856117571527706,0.0,1.0,1.2212453270876722e-15
llama32_3b,10,128,1,1,1.5917918682098389,0.009703809505592432,0.0033056151119293248,-9.198346988107536e-05,0.02787475345034927,0.9859641203155675,1.1102230246251565e-15
llama32_3b,11,32,0,4,1.2659268379211426,0.006121826369718912,-0.0009975698433213015,1.9627316252554018e-05,0.0,1.0,1.3322676295501878e-15
llama32_3b,11,32,1,4,1.2550824880599976,0.0060162852128227825,0.007577307892395932,-8.591384064357555e-05,0.022099704295845835,0.9888884141823859,1.1102230246251565e-15
llama32_3b,11,32,2,4,1.2479650974273682,0.005947937361152355,0.013205192943468246,-0.00015426169231400316,0.04171144871432935,0.9789221374990305,1.3322676295501878e-15
llama32_3b,11,32,3,4,1.2405822277069092,0.00587663944109603,0.019042998436860935,-0.00022555961237032823,0.058978691818021324,0.9700625279753768,1.1102230246251565e-15
llama32_3b,11,32,4,4,1.232814908027649,0.005798248994950827,0.0251847973862407,-0.00030395005851553084,0.07480078418519129,0.9618727648783952,1.2212453270876722e-15
llama32_3b,11,64,0,2,1.4320452213287354,0.00800640698684499,-0.0034141352583596783,5.302981960809451e-05,0.0,1.0,1.1102230246251565e-15
llama32_3b,11,64,1,2,1.41898775100708,0.007857553953270225,0.0057350522786851175,-9.582321396667086e-05,0.022099704295845835,0.9888884141823859,1.1102230246251565e-15
llama32_3b,11,64,2,2,1.4093291759490967,0.007758979902549904,0.012502681258056304,-0.00019439726468699174,0.04171144871432935,0.9789221374990305,8.881784197001252e-16
llama32_3b,11,128,0,1,1.587347388267517,0.009927547808678642,-0.005108181922623268,8.219985096897912e-05,0.0,1.0,1.1102230246251565e-15
llama32_3b,11,128,1,1,1.5718281269073486,0.009737118373968777,0.004718612568484119,-0.00010822958374088511,0.022099704295845835,0.9888884141823859,7.992211021010332e-16
llama32_3b,12,32,0,4,1.2980409860610962,0.006150464406061421,-0.007140041374225112,9.33249790928195e-05,0.0,1.0,9.992007221626409e-16
llama32_3b,12,32,1,4,1.2878504991531372,0.0060460400508208344,0.0007666792272938915,-1.1099376147767105e-05,0.02033392189638307,0.9897808232652403,1.1102230246251565e-15
llama32_3b,12,32,2,4,1.2793357372283936,0.005960713688032408,0.007373217671970063,-9.64257389361933e-05,0.038724850662089805,0.9804464030929534,9.992007221626409e-16
llama32_3b,12,32,3,4,1.271011471748352,0.0058826699743210935,0.013831951386857885,-0.00017446945264750803,0.05577976235420084,0.971709955514401,1.1102230246251565e-15
llama32_3b,12,32,4,4,1.2634251117706299,0.005814289586224836,0.019718149884355284,-0.00024284984074376525,0.0719718458058012,0.9633421791835955,1.0249417811747605e-15
llama32_3b,12,64,0,2,1.4663033485412598,0.00801966839505005,-0.0031524459715257156,4.331626323572993e-05,0.0,1.0,1.3322676295501878e-15
llama32_3b,12,64,1,2,1.4558669328689575,0.007901468276994887,0.0039874926498113215,-7.488385481943353e-05,0.02033392189638307,0.9897808232652403,1.3322676295501878e-15
llama32_3b,12,64,2,2,1.4451996088027954,0.00778530547653682,0.011285404258338438,-0.00019104665527750093,0.038724850662089805,0.9804464030929534,8.881784197001252e-16
llama32_3b,12,128,0,1,1.622560977935791,0.009917706279646579,-0.004142642407252003,6.869615127750445e-05,0.0,1.0,8.881784197001252e-16
llama32_3b,12,128,1,1,1.6120455265045166,0.00977967318365127,0.0023649793893340955,-6.933694471780369e-05,0.02033392189638307,0.9897808232652403,9.992007221626409e-16
llama32_3b,13,32,0,4,1.3242523670196533,0.0061028402405035554,-1.7644244852426595e-05,1.62343058238007e-05,0.0,1.0,1.1102230246251565e-15
llama32_3b,13,32,1,4,1.3108516931533813,0.005966529669878158,0.010101960329616098,-0.00012007626480159666,0.02638748061566314,0.9867180546561094,8.881784197001252e-16
llama32_3b,13,32,2,4,1.2997660636901855,0.005853654270512724,0.018473344317175826,-0.00023295166416703074,0.0508387608177379,0.974249064245002,8.881784197001252e-16
llama32_3b,13,32,3,4,1.2911155223846436,0.005766101626965866,0.02500585590881454,-0.0003205043077138883,0.07088573075737252,0.9639057366997188,1.1102230246251565e-15
llama32_3b,13,32,4,4,1.2827051877975464,0.005691228158554135,0.03135697386077142,-0.0003953777761256201,0.09010810672252252,0.9538825364149809,9.40277194889046e-16
llama32_3b,13,64,0,2,1.4981663227081299,0.007976835268912156,-0.0016279453808623887,2.33461851307723e-05,0.0,1.0,1.1102230246251565e-15
llama32_3b,13,64,1,2,1.4832271337509155,0.007811625239384552,0.00835993708189555,-0.00014186384439683185,0.02638748061566314,0.9867180546561094,1.3322676295501878e-15
llama32_3b,13,64,2,2,1.469963550567627,0.007652564421039029,0.017227561037192328,-0.0003009246627423551,0.0508387608177379,0.974249064245002,1.1102230246251565e-15
llama32_3b,13,128,0,1,1.6598868370056152,0.00988464718365308,-0.0012358566250996893,9.5576495850562e-06,0.0,1.0,1.1102230246251565e-15
llama32_3b,13,128,1,1,1.6428065299987793,0.00967379320225877,0.009066903440315072,-0.0002012963318092538,0.02638748061566314,0.9867180546561094,1.3322676295501878e-15
llama32_3b,14,32,0,4,1.2646642923355103,0.006123970571919637,-0.0009435998811937836,2.5705144719324197e-05,0.0,1.0,8.881784197001252e-16
llama32_3b,14,32,1,4,1.2564208507537842,0.00603710677469217,0.005580835213739856,-6.115865250814253e-05,0.020526687797902603,0.9896834404000592,1.1102230246251565e-15
llama32_3b,14,32,2,4,1.2488579750061035,0.00595500580118393,0.011566623001230708,-0.00014325962601638258,0.037784769965367684,0.9809257005679035,1.2212453270876722e-15
llama32_3b,14,32,3,4,1.241493582725525,0.005888696482432849,0.01739531711786988,-0.0002095689447674633,0.05380956746313442,0.9727232044815552,8.881784197001252e-16
llama32_3b,14,32,4,4,1.2358694076538086,0.005831802922405169,0.021846681860879732,-0.0002664625047951435,0.06972226102187995,0.9645090663016704,1.1102230246251565e-15
llama32_3b,14,64,0,2,1.4313468933105469,0.008003781582134235,-0.00036583688373960447,-5.908134444551627e-06,0.0,1.0,1.1102230246251565e-15
llama32_3b,14,64,1,2,1.4209587574005127,0.007896429122131376,0.006894413110074244,-0.00011326059444741014,0.020526687797902603,0.9896834404000592,9.992007221626409e-16
llama32_3b,14,64,2,2,1.4131405353546143,0.007804988195483914,0.012358554805172905,-0.00020470152109487195,0.037784769965367684,0.9809257005679035,1.1102230246251565e-15
llama32_3b,14,128,0,1,1.5830636024475098,0.009890252318593123,-9.504129928535269e-05,-2.6933900351269052e-05,0.0,1.0,1.2212453270876722e-15
llama32_3b,14,128,1,1,1.5715121030807495,0.00975029523043017,0.007202579098535535,-0.00016689098851422127,0.020526687797902603,0.9896834404000592,1.1102230246251565e-15
llama32_3b,15,32,0,4,1.24442720413208,0.006122142832842226,0.00154144454281191,-9.554651552077208e-06,0.0,1.0,9.992007221626409e-16
llama32_3b,15,32,1,4,1.2329154014587402,0.0060047611195596946,0.01077786900361239,-0.00012693636483460894,0.024347814709914182,0.9877510745577986,9.992007221626409e-16
llama32_3b,15,32,2,4,1.2226638793945312,0.005908638282253134,0.01900311502642531,-0.00022305920214116953,0.046088445906497716,0.976683958142808,9.992007221626409e-16
llama32_3b,15,32,3,4,1.2158339023590088,0.005836467998834355,0.024483105324009425,-0.0002952294855599483,0.06481282183234942,0.9670507629735114,1.1102230246251565e-15
llama32_3b,15,32,4,4,1.2076468467712402,0.005767055230212561,0.03105193929715638,-0.0003646422541817426,0.08245837008190976,0.9578839334272656,9.992007221626409e-16
llama32_3b,15,64,0,2,1.4085713624954224,0.008018171108511116,-0.00102432576727854,2.2148416123591794e-05,0.0,1.0,1.1102230246251565e-15
llama32_3b,15,64,1,2,1.3945528268814087,0.007848600056869477,0.008938176335846692,-0.0001474226355180474,0.024347814709914182,0.9877510745577986,1.1102230246251565e-15
llama32_3b,15,64,2,2,1.3829504251480103,0.007734326066342785,0.017183613295377393,-0.0002616966260447391,0.046088445906497716,0.976683958142808,8.881784197001252e-16
llama32_3b,15,128,0,1,1.5596656799316406,0.009932942967558816,-0.0006162733800338744,-1.2457141705113361e-06,0.0,1.0,1.1102230246251565e-15
llama32_3b,15,128,1,1,1.5427229404449463,0.009708895785213447,0.010253479711390106,-0.00022529289651588083,0.024347814709914182,0.9877510745577986,1.2212453270876722e-15
llama32_3b,16,32,0,4,1.3257523775100708,0.005944503346823909,0.01502367360039508,-0.00010831156648079959,0.0,1.0,1.2212453270876722e-15
llama32_3b,16,32,1,4,1.3016407489776611,0.005711027969033058,0.032937564382902365,-0.00034178694427165063,0.06880549236356791,0.9649842007185568,7.771561172376096e-16
llama32_3b,16,32,2,4,1.2891693115234375,0.005599489447255635,0.04220329971701857,-0.00045332546604907355,0.09376435497329179,0.9519640986017845,1.2212453270876722e-15
llama32_3b,16,32,3,4,1.2759406566619873,0.005489177083890554,0.05203161463440254,-0.0005636378294141551,0.11592364215214883,0.9402533476929775,1.2212453270876722e-15
llama32_3b,16,32,4,4,1.2682251930236816,0.005426530607006616,0.05776386837940502,-0.0006262843062980932,0.1338845454251668,0.9306532407802776,1.2212453270876722e-15
llama32_3b,16,64,0,2,1.5041334629058838,0.007783266339852398,0.010057915630441507,-0.0001185899544470714,0.0,1.0,1.1102230246251565e-15
llama32_3b,16,64,1,2,1.4732179641723633,0.0074757284394593605,0.03040488217984585,-0.0004261278548401085,0.06880549236356791,0.9649842007185568,9.992007221626409e-16
llama32_3b,16,64,2,2,1.458695411682129,0.007325448420845294,0.039962867715766674,-0.0005764078734541746,0.09376435497329179,0.9519640986017845,8.881784197001252e-16
llama32_3b,16,128,0,1,1.67397141456604,0.009695434838933793,0.0036197331725761396,-7.16354954837916e-05,0.0,1.0,1.4432899320127035e-15
llama32_3b,16,128,1,1,1.632004737854004,0.009252653709256717,0.02859911345132412,-0.0005144166251608677,0.06880549236356791,0.9649842007185568,8.881784197001252e-16
llama32_3b,17,32,0,4,1.4029529094696045,0.0059871829151914415,0.011816897288194454,-0.0001136031138785909,0.0,1.0,1.1102230246251565e-15
llama32_3b,17,32,1,4,1.383439540863037,0.005790241220548051,0.02556132235324306,-0.0003105448085219814,0.055003713684668096,0.9721091946460192,9.992007221626409e-16
llama32_3b,17,32,2,4,1.3682866096496582,0.005663340567927588,0.03623443224919552,-0.0004374454611424444,0.08141852200872052,0.95842656369243,8.881784197001252e-16
llama32_3b,17,32,3,4,1.3578133583068848,0.005577046823743728,0.043611365528656146,-0.0005237392053263042,0.10147266679256017,0.9479068167322354,9.992007221626409e-16
llama32_3b,17,32,4,4,1.3463640213012695,0.005491067962602164,0.05167581394302189,-0.0006097180664678681,0.12110609991528551,0.9374934133553763,1.3322676295501878e-15
llama32_3b,17,64,0,2,1.5919386148452759,0.007864500287188197,0.007904581009288699,-0.00010877862266419486,0.0,1.0,9.992007221626409e-16
llama32_3b,17,64,1,2,1.5647461414337158,0.007569055467389129,0.02485091804205014,-0.00040422344246326264,0.055003713684668096,0.9721091946460192,9.992007221626409e-16
llama32_3b,17,64,2,2,1.5494781732559204,0.007430780477616976,0.034365908849631616,-0.0005424984322354156,0.08141852200872052,0.95842656369243,1.1102230246251565e-15
llama32_3b,17,128,0,1,1.7663484811782837,0.009743373032796524,0.004398338899541104,-0.00011490072924757663,0.0,1.0,1.1102230246251565e-15
llama32_3b,17,128,1,1,1.7305762767791748,0.009347925445742119,0.024561328536342686,-0.0005103483163019819,0.055003713684668096,0.9721091946460192,1.1102230246251565e-15
llama32_3b,18,32,0,4,1.443774700164795,0.005877037174169888,0.022777249232282176,-0.0002525590667640737,0.0,1.0,1.3322676295501878e-15
llama32_3b,18,32,1,4,1.4163670539855957,0.005577855777297918,0.04132818753882564,-0.000551740463636043,0.08747762759415331,0.9552603689077898,8.881784197001252e-16
llama32_3b,18,32,2,4,1.4022181034088135,0.005477200318282629,0.05090494241722974,-0.0006523959226513321,0.10825538840633514,0.9443223028149155,1.3322676295501878e-15
llama32_3b,18,32,3,4,1.391290307044983,0.005401700796160106,0.05830145048824183,-0.000727895444773855,0.1281630399283229,0.9337221000231691,1.1102230246251565e-15
llama32_3b,18,32,4,4,1.3816492557525635,0.005330049313371127,0.06482702173089859,-0.0007995469275628346,0.14661432379406697,0.9237887616798188,8.881784197001252e-16
llama32_3b,18,64,0,2,1.6441152095794678,0.007760495545638761,0.01541797040365339,-0.0002609085076234179,0.0,1.0,1.1102230246251565e-15
llama32_3b,18,64,1,2,1.6028480529785156,0.007289334847609241,0.04013089840596067,-0.0007320692056529375,0.08747762759415331,0.9552603689077898,8.881784197001252e-16
llama32_3b,18,64,2,2,1.5880345106124878,0.007174168658300729,0.049002021015419256,-0.0008472353949614498,0.10825538840633514,0.9443223028149155,1.1102230246251565e-15
llama32_3b,18,128,0,1,1.8232777118682861,0.00958711531154133,0.010296826274397744,-0.0002858453966626557,0.0,1.0,1.1102230246251565e-15
llama32_3b,18,128,1,1,1.7799689769744873,0.00907792080889941,0.03380547341872803,-0.0007950398993045744,0.08747762759415331,0.9552603689077898,1.1102230246251565e-15
llama32_3b,19,32,0,4,1.4260785579681396,0.005945516363418054,0.012624945577150451,-0.00011586640672302598,0.0,1.0,1.1102230246251565e-15
llama32_3b,19,32,1,4,1.4011023044586182,0.005728381106086368,0.029917772490822916,-0.0003330016640547117,0.054078777544723844,0.9725848150445678,1.1102230246251565e-15
llama32_3b,19,32,2,4,1.376985788345337,0.005526112371564624,0.04661534239452284,-0.0005352703985764557,0.10208395127996368,0.9475843227491875,9.992007221626409e-16
llama32_3b,19,32,3,4,1.3633332252502441,0.005407887949381553,0.05606797749215382,-0.0006534948207595273,0.1306964643512645,0.932364486479797,1.3322676295501878e-15
llama32_3b,19,32,4,4,1.3502285480499268,0.005297570703475324,0.06514127243201528,-0.0007638120666657562,0.15338848952396922,0.9201149441651466,1.1102230246251565e-15
llama32_3b,19,64,0,2,1.620826244354248,0.007816961735135184,0.005271816275249416,-7.52884461083566e-05,0.0,1.0,8.881784197001252e-16
llama32_3b,19,64,1,2,1.5889372825622559,0.007515470075183349,0.02484260565178387,-0.00037678010606019205,0.054078777544723844,0.9725848150445678,9.992007221626409e-16
llama32_3b,19,64,2,2,1.5599730014801025,0.007247422756677274,0.042618469544722204,-0.0006448274245662673,0.10208395127996368,0.9475843227491875,8.881784197001252e-16
llama32_3b,19,128,0,1,1.7991291284561157,0.009714429745792418,0.0012209279316995087,-4.018762547629805e-05,0.0,1.0,1.1102230246251565e-15
llama32_3b,19,128,1,1,1.7646164894104004,0.00935012347038418,0.020380476324030793,-0.00040449390088453593,0.054078777544723844,0.9725848150445678,1.1102230246251565e-15
llama32_3b,20,32,0,4,1.48114013671875,0.005972095287078674,0.015392183985069424,-0.00013810029894511123,0.0,1.0,9.992007221626409e-16
llama32_3b,20,32,1,4,1.4633288383483887,0.005804444934345035,0.027232484004001287,-0.0003057506516787505,0.04252031778459194,0.9785089075810235,1.3322676295501878e-15
llama32_3b,20,32,2,4,1.446852445602417,0.005668999039222341,0.03818538756473703,-0.00044119654680144487,0.08085425031204929,0.9587208924853733,9.992007221626409e-16
llama32_3b,20,32,3,4,1.4318816661834717,0.005544740753395082,0.04813741442722157,-0.0005654548326287038,0.10695125829104175,0.9450125616672819,1.2212453270876722e-15
llama32_3b,20,32,4,4,1.4197986125946045,0.005462479495535145,0.0561697867260927,-0.0006477160904886405,0.12712011337797785,0.9342804111304176,1.4432899320127035e-15
llama32_3b,20,64,0,2,1.6841015815734863,0.007861195985396054,0.011041930550657256,-0.0001581193521783368,0.0,1.0,1.3322676295501878e-15
llama32_3b,20,64,1,2,1.660697340965271,0.00762751229563853,0.0247856458123002,-0.0003918030419358615,0.04252031778459194,0.9785089075810235,1.1102230246251565e-15
llama32_3b,20,64,2,2,1.6370820999145508,0.007409857701073872,0.03865326725190518,-0.0006094576365005188,0.08085425031204929,0.9587208924853733,8.881784197001252e-16
llama32_3b,20,128,0,1,1.866887092590332,0.009731672669419265,0.008437401840704633,-0.00018499748267179067,0.0,1.0,1.1102230246251565e-15
llama32_3b,20,128,1,1,1.84042227268219,0.009428734911676043,0.022493702134433018,-0.00048793524041501266,0.04252031778459194,0.9785089075810235,1.2212453270876722e-15
llama32_3b,21,32,0,4,1.6599586009979248,0.00596150422808399,0.014459439565603891,-0.00011991118213632284,0.0,1.0,1.1102230246251565e-15
llama32_3b,21,32,1,4,1.632054328918457,0.005771927906672807,0.031026594871272215,-0.0003094875035475064,0.045956640070578016,0.9767514320078686,1.2212453270876722e-15
llama32_3b,21,32,2,4,1.6055716276168823,0.005588292422740168,0.04674974379009473,-0.0004931229874801449,0.08833553189005675,0.9548112211897927,1.1102230246251565e-15
llama32_3b,21,32,3,4,1.5859043598175049,0.005452571196520823,0.05842647483480831,-0.0006288442136994903,0.11895053691202832,0.9386423509984896,1.1102230246251565e-15
llama32_3b,21,32,4,4,1.5753446817398071,0.005383023547800777,0.06469590290635457,-0.0006983918624195364,0.14009161941478399,0.9273124503559822,1.3322676295501878e-15
llama32_3b,21,64,0,2,1.888636589050293,0.007851621457726082,0.007232779913044219,-0.00011076751994432144,0.0,1.0,1.1102230246251565e-15
llama32_3b,21,64,1,2,1.8517464399337769,0.007561516998695704,0.02662419221508647,-0.0004008719789746996,0.045956640070578016,0.9767514320078686,1.1102230246251565e-15
llama32_3b,21,64,2,2,1.8201828002929688,0.007335362165813342,0.04321570958995031,-0.0006270268118570618,0.08833553189005675,0.9548112211897927,8.881784197001252e-16
llama32_3b,21,128,0,1,2.098271369934082,0.009773647190704395,0.004869934011823122,-0.00012758637333909993,0.0,1.0,1.1102230246251565e-15
llama32_3b,21,128,1,1,2.054037570953369,0.009391312968036018,0.025848337439196494,-0.0005099205960074765,0.045956640070578016,0.9767514320078686,1.2212453270876722e-15
llama32_3b,22,32,0,4,1.8025927543640137,0.005995192618408471,0.012873241286548593,-0.0001383870994521889,0.0,1.0,1.3322676295501878e-15
llama32_3b,22,32,1,4,1.7796063423156738,0.005816955269795566,0.02546094439630349,-0.0003166244480650943,0.048227252712263635,0.9755884108002393,1.2212453270876722e-15
llama32_3b,22,32,2,4,1.7585067749023438,0.005669428394323792,0.03701538315711219,-0.00046415132353686776,0.07843404576976568,0.9599822676644785,1.3322676295501878e-15
llama32_3b,22,32,3,4,1.7399587631225586,0.005562879873684301,0.0471725518822345,-0.0005706998441763591,0.10293021906961063,0.9471376779172019,1.1102230246251565e-15
llama32_3b,22,32,4,4,1.722275733947754,0.005454812316793867,0.05685604319290434,-0.0006787674010667929,0.12532866965674458,0.9352386488716425,1.2212453270876722e-15
llama32_3b,22,64,0,2,2.0471527576446533,0.007884634039600482,0.007595039998409633,-0.0001236084739733856,0.0,1.0,1.2212453270876722e-15
llama32_3b,22,64,1,2,2.015941858291626,0.007636006138144585,0.02272525009552601,-0.0003722363754292829,0.048227252712263635,0.9755884108002393,1.3322676295501878e-15
llama32_3b,22,64,2,2,1.9903769493103027,0.007426435682399713,0.03511843491298176,-0.0005818068311741554,0.07843404576976568,0.9599822676644785,1.1102230246251565e-15
llama32_3b,22,128,0,1,2.268771171569824,0.009767031784594883,0.004761832049252801,-0.00010967954389806342,0.0,1.0,1.2212453270876722e-15
llama32_3b,22,128,1,1,2.2329025268554688,0.009456353044809651,0.020496272216566407,-0.00042035828368329475,0.048227252712263635,0.9755884108002393,1.3322676295501878e-15
llama32_3b,23,32,0,4,1.5790681838989258,0.006039189783458552,0.007087613893624176,-5.045342196726907e-05,0.0,1.0,1.1102230246251565e-15
llama32_3b,23,32,1,4,1.5595144033432007,0.005901433570092411,0.019382960672790366,-0.00018820963533340996,0.03184017770952564,0.9839511279989847,1.1102230246251565e-15
llama32_3b,23,32,2,4,1.5399832725524902,0.005771591788695172,0.0316640653613016,-0.00031805141673064887,0.06265659461083387,0.968164968065446,1.5543122344752192e-15
llama32_3b,23,32,3,4,1.518916130065918,0.005626788876443166,0.04491100867133437,-0.0004628543289826549,0.09170963634812468,0.9530426872138914,1.1102230246251565e-15
llama32_3b,23,32,4,4,1.5020427703857422,0.005516238431010284,0.05552091645904447,-0.0005734047744155374,0.11681223925328589,0.9397806982199167,1.2212453270876722e-15
llama32_3b,23,64,0,2,1.791534423828125,0.007928634982807482,0.0036086540069956,-4.7975097955692617e-05,0.0,1.0,8.881784197001252e-16
llama32_3b,23,64,1,2,1.7679431438446045,0.007737990449405826,0.01672933251801758,-0.00023861963135734816,0.03184017770952564,0.9839511279989847,1.1102230246251565e-15
llama32_3b,23,64,2,2,1.744483232498169,0.0075713812677010205,0.029776948200111796,-0.0004052288130621537,0.06265659461083387,0.968164968065446,1.3322676295501878e-15
llama32_3b,23,128,0,1,1.9851446151733398,0.009829156015606844,0.0003026838972766974,-1.4345736933114167e-06,0.0,1.0,1.1102230246251565e-15
llama32_3b,23,128,1,1,1.9565293788909912,0.009567359393546462,0.01471300679892148,-0.0002632311957536937,0.03184017770952564,0.9839511279989847,1.5543122344752192e-15
llama32_3b,24,32,0,4,1.9464319944381714,0.005744893088185918,0.03234037504373709,-0.00036141216344703214,0.0,1.0,1.2212453270876722e-15
llama32_3b,24,32,1,4,1.9031758308410645,0.005390600788741671,0.05384497585333545,-0.0007157044628912793,0.11959840967931053,0.9382971759100043,1.1102230246251565e-15
llama32_3b,24,32,2,4,1.8821607828140259,0.005286333804369433,0.06429250936613702,-0.0008199714472635171,0.1428626928832161,0.9258171024110453,1.1102230246251565e-15
llama32_3b,24,32,3,4,1.8633453845977783,0.005204517823284809,0.07364649719276653,-0.0009017874283481411,0.16438330040977808,0.9141207248444934,1.2212453270876722e-15
llama32_3b,24,32,4,4,1.8462350368499756,0.00511294735389178,0.08215282709888232,-0.0009933578977411699,0.18302095967819906,0.9038689287290502,1.3322676295501878e-15
llama32_3b,24,64,0,2,2.210875988006592,0.007549204115964234,0.023168278429326464,-0.000328728293530557,0.0,1.0,1.1102230246251565e-15
llama32_3b,24,64,1,2,2.1520638465881348,0.007056938650042744,0.04915325708154294,-0.0008209937594520472,0.11959840967931053,0.9382971759100043,8.881784197001252e-16
llama32_3b,24,64,2,2,2.1266729831695557,0.006903190515505581,0.06037170667341689,-0.0009747418939892102,0.1428626928832161,0.9258171024110453,9.992007221626409e-16
llama32_3b,24,128,0,1,2.466520309448242,0.009387341806313449,0.021528048318771174,-0.0005426263006645879,0.0,1.0,8.881784197001252e-16
llama32_3b,24,128,1,1,2.384176731109619,0.008739131209123813,0.05419385751433067,-0.001190836897854224,0.11959840967931053,0.9382971759100043,1.1102230246251565e-15
llama32_3b,25,32,0,4,2.050017833709717,0.005804577850130005,0.02966439768962931,-0.0002891048886512586,0.0,1.0,1.2212453270876722e-15
llama32_3b,25,32,1,4,2.0076136589050293,0.005541644854846625,0.04973557942424003,-0.0005520378839346382,0.08064750183068431,0.9588287115899876,1.1102230246251565e-15
llama32_3b,25,32,2,4,1.9792542457580566,0.005382575635817382,0.06315894959431287,-0.0007111071029638812,0.12110392484750603,0.9374945733989579,1.2212453270876722e-15
llama32_3b,25,32,3,4,1.9599487781524658,0.005262605817982753,0.07229681280160771,-0.0008310769207985104,0.15015026746749463,0.9218729481509398,1.1102230246251565e-15
llama32_3b,25,32,4,4,1.9416885375976562,0.005159765637344232,0.08093993835189615,-0.0009339171014370309,0.1739765820949643,0.9088583046355662,1.2212453270876722e-15
llama32_3b,25,64,0,2,2.33597469329834,0.00767271747730711,0.02155814295346838,-0.00029166578659219327,0.0,1.0,7.926587312011092e-16
llama32_3b,25,64,1,2,2.277200698852539,0.0072620838342744385,0.04617610497016876,-0.0007022994296248652,0.08064750183068431,0.9588287115899876,8.881784197001252e-16
llama32_3b,25,64,2,2,2.243070602416992,0.007055805350403937,0.06047177137159785,-0.0009085779134953668,0.12110392484750603,0.9374945733989579,1.2212453270876722e-15
llama32_3b,25,128,0,1,2.603689670562744,0.009543189358398289,0.010688980490200893,-0.00024678453366079774,0.0,1.0,1.1102230246251565e-15
llama32_3b,25,128,1,1,2.5303688049316406,0.00902879629241502,0.03854834527892793,-0.0007611775996440671,0.08064750183068431,0.9588287115899876,9.992007221626409e-16
llama32_3b,26,32,0,4,2.0147838592529297,0.005975373587085324,0.011022028961015692,-9.1661909605926e-05,0.0,1.0,1.1102230246251565e-15
llama32_3b,26,32,1,4,1.9841433763504028,0.005761012060163517,0.02606223412914315,-0.0003060234365277331,0.053924415652463566,0.9726641683271449,9.992007221626409e-16
llama32_3b,26,32,2,4,1.9640120267868042,0.005658465837765742,0.03594392002525045,-0.000408569658925508,0.0823248797759163,0.95795361068482,1.1102230246251565e-15
llama32_3b,26,32,3,4,1.9464445114135742,0.00557197680899071,0.04456712078707078,-0.0004950586877005402,0.10292967297024222,0.9471379662064855,9.992007221626409e-16
llama32_3b,26,32,4,4,1.934549331665039,0.005507702802968406,0.05040599560176795,-0.000559332693722844,0.12042086350048331,0.9378588041381904,1.1102230246251565e-15
llama32_3b,26,64,0,2,2.286863327026367,0.00784362605714966,0.010108211298830744,-0.00014569541238982145,0.0,1.0,1.1102230246251565e-15
llama32_3b,26,64,1,2,2.249584674835205,0.0075469799202437056,0.026244650788575883,-0.00044234154929577527,0.053924415652463566,0.9726641683271449,8.881784197001252e-16
llama32_3b,26,64,2,2,2.2224607467651367,0.0074035122664531175,0.037985515822602574,-0.0005858092030863633,0.0823248797759163,0.95795361068482,1.1102230246251565e-15
llama32_3b,26,128,0,1,2.546682357788086,0.00978329615611456,0.00207655477449243,-4.685310286614043e-05,0.0,1.0,1.1102230246251565e-15
llama32_3b,26,128,1,1,2.4921939373016357,0.009331559975488738,0.0234279699325108,-0.0004985892834919615,0.053924415652463566,0.9726641683271449,1.1102230246251565e-15
llama32_3b,27,32,0,4,1.9829434156417847,0.005834967688151277,0.02363100195870921,-0.00020069233414990884,0.0,1.0,1.1102230246251565e-15
llama32_3b,27,32,1,4,1.9386837482452393,0.005512167988720242,0.045423740353929425,-0.000523492033580944,0.09123987394171738,0.9532891093777809,8.881784197001252e-16
llama32_3b,27,32,2,4,1.905678391456604,0.005324500633854086,0.06167503975234684,-0.0007111593884471003,0.13430525543468813,0.9304271839135569,8.881784197001252e-16
llama32_3b,27,32,3,4,1.8838768005371094,0.005211810778240492,0.07240978755899753,-0.0008238492440606942,0.1595431799110059,0.9167643209075025,1.1102230246251565e-15
llama32_3b,27,32,4,4,1.8632818460464478,0.005097124780454352,0.08255040726712227,-0.0009385352418468341,0.18288450991247038,0.9039444065248313,8.881784197001252e-16
llama32_3b,27,64,0,2,2.257762908935547,0.007678579427756506,0.015922738182232343,-0.00021079983133874634,0.0,1.0,8.881784197001252e-16
llama32_3b,27,64,1,2,2.1999588012695312,0.007247866091380668,0.04111745981073615,-0.0006415131677145842,0.09123987394171738,0.9532891093777809,1.5543122344752192e-15
llama32_3b,27,64,2,2,2.1587393283843994,0.006981870223513164,0.05908353846754972,-0.0009075090355820884,0.13430525543468813,0.9304271839135569,1.1102230246251565e-15
llama32_3b,27,128,0,1,2.5234127044677734,0.009631225444364006,0.0039033696032209505,-8.748536315300245e-05,0.0,1.0,9.992007221626409e-16
llama32_3b,27,128,1,1,2.438699960708618,0.008979145734373618,0.03734303583806216,-0.00073956507314339,0.09123987394171738,0.9532891093777809,1.1102230246251565e-15
