model,site,layer,method,nmse,evaluation_tokens,source_file,source_csv_line,source_row,source_column
llama32_3b,down,0,duquant,0.0035666133809434,8192,results/llama32_3b/e1c_per_layer.csv,233,down_input;layer=0;method=duquant,relative_quantization_error_nmse
llama32_3b,down,1,duquant,5.083529878099939e-06,8192,results/llama32_3b/e1c_per_layer.csv,234,down_input;layer=1;method=duquant,relative_quantization_error_nmse
llama32_3b,down,2,duquant,0.0098663001582632,8192,results/llama32_3b/e1c_per_layer.csv,235,down_input;layer=2;method=duquant,relative_quantization_error_nmse
llama32_3b,down,3,duquant,0.0097330744200203,8192,results/llama32_3b/e1c_per_layer.csv,236,down_input;layer=3;method=duquant,relative_quantization_error_nmse
llama32_3b,down,4,duquant,0.0097129138833184,8192,results/llama32_3b/e1c_per_layer.csv,237,down_input;layer=4;method=duquant,relative_quantization_error_nmse
llama32_3b,down,5,duquant,0.0099319621868947,8192,results/llama32_3b/e1c_per_layer.csv,238,down_input;layer=5;method=duquant,relative_quantization_error_nmse
llama32_3b,down,6,duquant,0.0098050446050069,8192,results/llama32_3b/e1c_per_layer.csv,239,down_input;layer=6;method=duquant,relative_quantization_error_nmse
llama32_3b,down,7,duquant,0.0098825595050275,8192,results/llama32_3b/e1c_per_layer.csv,240,down_input;layer=7;method=duquant,relative_quantization_error_nmse
llama32_3b,down,8,duquant,0.0099138375633621,8192,results/llama32_3b/e1c_per_layer.csv,241,down_input;layer=8;method=duquant,relative_quantization_error_nmse
llama32_3b,down,9,duquant,0.0098797416443686,8192,results/llama32_3b/e1c_per_layer.csv,242,down_input;layer=9;method=duquant,relative_quantization_error_nmse
llama32_3b,down,10,duquant,0.0098157051471465,8192,results/llama32_3b/e1c_per_layer.csv,243,down_input;layer=10;method=duquant,relative_quantization_error_nmse
llama32_3b,down,11,duquant,0.0098647616426843,8192,results/llama32_3b/e1c_per_layer.csv,244,down_input;layer=11;method=duquant,relative_quantization_error_nmse
llama32_3b,down,12,duquant,0.0098288497895665,8192,results/llama32_3b/e1c_per_layer.csv,245,down_input;layer=12;method=duquant,relative_quantization_error_nmse
llama32_3b,down,13,duquant,0.0095448231314798,8192,results/llama32_3b/e1c_per_layer.csv,246,down_input;layer=13;method=duquant,relative_quantization_error_nmse
llama32_3b,down,14,duquant,0.0098233902302433,8192,results/llama32_3b/e1c_per_layer.csv,247,down_input;layer=14;method=duquant,relative_quantization_error_nmse
llama32_3b,down,15,duquant,0.0097248371364353,8192,results/llama32_3b/e1c_per_layer.csv,248,down_input;layer=15;method=duquant,relative_quantization_error_nmse
llama32_3b,down,16,duquant,0.0096858948819801,8192,results/llama32_3b/e1c_per_layer.csv,249,down_input;layer=16;method=duquant,relative_quantization_error_nmse
llama32_3b,down,17,duquant,0.0098385092739524,8192,results/llama32_3b/e1c_per_layer.csv,250,down_input;layer=17;method=duquant,relative_quantization_error_nmse
llama32_3b,down,18,duquant,0.0098630557838999,8192,results/llama32_3b/e1c_per_layer.csv,251,down_input;layer=18;method=duquant,relative_quantization_error_nmse
llama32_3b,down,19,duquant,0.0097211368551141,8192,results/llama32_3b/e1c_per_layer.csv,252,down_input;layer=19;method=duquant,relative_quantization_error_nmse
llama32_3b,down,20,duquant,0.009788074388008,8192,results/llama32_3b/e1c_per_layer.csv,253,down_input;layer=20;method=duquant,relative_quantization_error_nmse
llama32_3b,down,21,duquant,0.0097575509966252,8192,results/llama32_3b/e1c_per_layer.csv,254,down_input;layer=21;method=duquant,relative_quantization_error_nmse
llama32_3b,down,22,duquant,0.0096542802052386,8192,results/llama32_3b/e1c_per_layer.csv,255,down_input;layer=22;method=duquant,relative_quantization_error_nmse
llama32_3b,down,23,duquant,0.0094853354303268,8192,results/llama32_3b/e1c_per_layer.csv,256,down_input;layer=23;method=duquant,relative_quantization_error_nmse
llama32_3b,down,24,duquant,0.0097574831838281,8192,results/llama32_3b/e1c_per_layer.csv,257,down_input;layer=24;method=duquant,relative_quantization_error_nmse
llama32_3b,down,25,duquant,0.009694907004944,8192,results/llama32_3b/e1c_per_layer.csv,258,down_input;layer=25;method=duquant,relative_quantization_error_nmse
llama32_3b,down,26,duquant,0.0091340391666439,8192,results/llama32_3b/e1c_per_layer.csv,259,down_input;layer=26;method=duquant,relative_quantization_error_nmse
llama32_3b,down,27,duquant,0.0054118190393387,8192,results/llama32_3b/e1c_per_layer.csv,260,down_input;layer=27;method=duquant,relative_quantization_error_nmse
llama32_3b,down,0,hadamard_full,0.0045732409917834,8192,results/llama32_3b/e1c_per_layer.csv,116,down_input;layer=0;method=hadamard_full,relative_quantization_error_nmse
llama32_3b,down,1,hadamard_full,0.0007495683439097,8192,results/llama32_3b/e1c_per_layer.csv,120,down_input;layer=1;method=hadamard_full,relative_quantization_error_nmse
llama32_3b,down,2,hadamard_full,0.0093719201768535,8192,results/llama32_3b/e1c_per_layer.csv,124,down_input;layer=2;method=hadamard_full,relative_quantization_error_nmse
llama32_3b,down,3,hadamard_full,0.0097982296044031,8192,results/llama32_3b/e1c_per_layer.csv,128,down_input;layer=3;method=hadamard_full,relative_quantization_error_nmse
llama32_3b,down,4,hadamard_full,0.0097604723858058,8192,results/llama32_3b/e1c_per_layer.csv,132,down_input;layer=4;method=hadamard_full,relative_quantization_error_nmse
llama32_3b,down,5,hadamard_full,0.0097942724460753,8192,results/llama32_3b/e1c_per_layer.csv,136,down_input;layer=5;method=hadamard_full,relative_quantization_error_nmse
llama32_3b,down,6,hadamard_full,0.009862349472154,8192,results/llama32_3b/e1c_per_layer.csv,140,down_input;layer=6;method=hadamard_full,relative_quantization_error_nmse
llama32_3b,down,7,hadamard_full,0.0098996680367338,8192,results/llama32_3b/e1c_per_layer.csv,144,down_input;layer=7;method=hadamard_full,relative_quantization_error_nmse
llama32_3b,down,8,hadamard_full,0.0099089343569041,8192,results/llama32_3b/e1c_per_layer.csv,148,down_input;layer=8;method=hadamard_full,relative_quantization_error_nmse
llama32_3b,down,9,hadamard_full,0.0099066956435261,8192,results/llama32_3b/e1c_per_layer.csv,152,down_input;layer=9;method=hadamard_full,relative_quantization_error_nmse
llama32_3b,down,10,hadamard_full,0.0098948720666587,8192,results/llama32_3b/e1c_per_layer.csv,156,down_input;layer=10;method=hadamard_full,relative_quantization_error_nmse
llama32_3b,down,11,hadamard_full,0.0099016702236622,8192,results/llama32_3b/e1c_per_layer.csv,160,down_input;layer=11;method=hadamard_full,relative_quantization_error_nmse
llama32_3b,down,12,hadamard_full,0.0098449062672605,8192,results/llama32_3b/e1c_per_layer.csv,164,down_input;layer=12;method=hadamard_full,relative_quantization_error_nmse
llama32_3b,down,13,hadamard_full,0.0096112006643731,8192,results/llama32_3b/e1c_per_layer.csv,168,down_input;layer=13;method=hadamard_full,relative_quantization_error_nmse
llama32_3b,down,14,hadamard_full,0.009824681026805,8192,results/llama32_3b/e1c_per_layer.csv,172,down_input;layer=14;method=hadamard_full,relative_quantization_error_nmse
llama32_3b,down,15,hadamard_full,0.0097515205128904,8192,results/llama32_3b/e1c_per_layer.csv,176,down_input;layer=15;method=hadamard_full,relative_quantization_error_nmse
llama32_3b,down,16,hadamard_full,0.0097278209617161,8192,results/llama32_3b/e1c_per_layer.csv,180,down_input;layer=16;method=hadamard_full,relative_quantization_error_nmse
llama32_3b,down,17,hadamard_full,0.0097064671837662,8192,results/llama32_3b/e1c_per_layer.csv,184,down_input;layer=17;method=hadamard_full,relative_quantization_error_nmse
llama32_3b,down,18,hadamard_full,0.0096679647615588,8192,results/llama32_3b/e1c_per_layer.csv,188,down_input;layer=18;method=hadamard_full,relative_quantization_error_nmse
llama32_3b,down,19,hadamard_full,0.0096766648378214,8192,results/llama32_3b/e1c_per_layer.csv,192,down_input;layer=19;method=hadamard_full,relative_quantization_error_nmse
llama32_3b,down,20,hadamard_full,0.009681620350346,8192,results/llama32_3b/e1c_per_layer.csv,196,down_input;layer=20;method=hadamard_full,relative_quantization_error_nmse
llama32_3b,down,21,hadamard_full,0.0097084101974448,8192,results/llama32_3b/e1c_per_layer.csv,200,down_input;layer=21;method=hadamard_full,relative_quantization_error_nmse
llama32_3b,down,22,hadamard_full,0.0096401783969742,8192,results/llama32_3b/e1c_per_layer.csv,204,down_input;layer=22;method=hadamard_full,relative_quantization_error_nmse
llama32_3b,down,23,hadamard_full,0.0096216818339597,8192,results/llama32_3b/e1c_per_layer.csv,208,down_input;layer=23;method=hadamard_full,relative_quantization_error_nmse
llama32_3b,down,24,hadamard_full,0.0097002233270727,8192,results/llama32_3b/e1c_per_layer.csv,212,down_input;layer=24;method=hadamard_full,relative_quantization_error_nmse
llama32_3b,down,25,hadamard_full,0.0097683483553992,8192,results/llama32_3b/e1c_per_layer.csv,216,down_input;layer=25;method=hadamard_full,relative_quantization_error_nmse
llama32_3b,down,26,hadamard_full,0.0095117158292356,8192,results/llama32_3b/e1c_per_layer.csv,220,down_input;layer=26;method=hadamard_full,relative_quantization_error_nmse
llama32_3b,down,27,hadamard_full,0.0091315031912239,8192,results/llama32_3b/e1c_per_layer.csv,224,down_input;layer=27;method=hadamard_full,relative_quantization_error_nmse
llama32_3b,down,0,nar_kmax,0.0018753077806959,8192,results/llama32_3b/e1c_per_layer.csv,117,down_input;layer=0;method=nar_kmax,relative_quantization_error_nmse
llama32_3b,down,1,nar_kmax,3.5015859808447778e-06,8192,results/llama32_3b/e1c_per_layer.csv,121,down_input;layer=1;method=nar_kmax,relative_quantization_error_nmse
llama32_3b,down,2,nar_kmax,0.0059709933685254,8192,results/llama32_3b/e1c_per_layer.csv,125,down_input;layer=2;method=nar_kmax,relative_quantization_error_nmse
llama32_3b,down,3,nar_kmax,0.0068432152811394,8192,results/llama32_3b/e1c_per_layer.csv,129,down_input;layer=3;method=nar_kmax,relative_quantization_error_nmse
llama32_3b,down,4,nar_kmax,0.0069494894395927,8192,results/llama32_3b/e1c_per_layer.csv,133,down_input;layer=4;method=nar_kmax,relative_quantization_error_nmse
llama32_3b,down,5,nar_kmax,0.0069512525035246,8192,results/llama32_3b/e1c_per_layer.csv,137,down_input;layer=5;method=nar_kmax,relative_quantization_error_nmse
llama32_3b,down,6,nar_kmax,0.0070566609835868,8192,results/llama32_3b/e1c_per_layer.csv,141,down_input;layer=6;method=nar_kmax,relative_quantization_error_nmse
llama32_3b,down,7,nar_kmax,0.0072928974321769,8192,results/llama32_3b/e1c_per_layer.csv,145,down_input;layer=7;method=nar_kmax,relative_quantization_error_nmse
llama32_3b,down,8,nar_kmax,0.0073013154104074,8192,results/llama32_3b/e1c_per_layer.csv,149,down_input;layer=8;method=nar_kmax,relative_quantization_error_nmse
llama32_3b,down,9,nar_kmax,0.0072328703681532,8192,results/llama32_3b/e1c_per_layer.csv,153,down_input;layer=9;method=nar_kmax,relative_quantization_error_nmse
llama32_3b,down,10,nar_kmax,0.0070762112923385,8192,results/llama32_3b/e1c_per_layer.csv,157,down_input;layer=10;method=nar_kmax,relative_quantization_error_nmse
llama32_3b,down,11,nar_kmax,0.0072111146042179,8192,results/llama32_3b/e1c_per_layer.csv,161,down_input;layer=11;method=nar_kmax,relative_quantization_error_nmse
llama32_3b,down,12,nar_kmax,0.0068610366218021,8192,results/llama32_3b/e1c_per_layer.csv,165,down_input;layer=12;method=nar_kmax,relative_quantization_error_nmse
llama32_3b,down,13,nar_kmax,0.006649610359657,8192,results/llama32_3b/e1c_per_layer.csv,169,down_input;layer=13;method=nar_kmax,relative_quantization_error_nmse
llama32_3b,down,14,nar_kmax,0.0064777650788812,8192,results/llama32_3b/e1c_per_layer.csv,173,down_input;layer=14;method=nar_kmax,relative_quantization_error_nmse
llama32_3b,down,15,nar_kmax,0.0061390176128301,8192,results/llama32_3b/e1c_per_layer.csv,177,down_input;layer=15;method=nar_kmax,relative_quantization_error_nmse
llama32_3b,down,16,nar_kmax,0.0061311264661643,8192,results/llama32_3b/e1c_per_layer.csv,181,down_input;layer=16;method=nar_kmax,relative_quantization_error_nmse
llama32_3b,down,17,nar_kmax,0.0061563391159797,8192,results/llama32_3b/e1c_per_layer.csv,185,down_input;layer=17;method=nar_kmax,relative_quantization_error_nmse
llama32_3b,down,18,nar_kmax,0.0061996850048058,8192,results/llama32_3b/e1c_per_layer.csv,189,down_input;layer=18;method=nar_kmax,relative_quantization_error_nmse
llama32_3b,down,19,nar_kmax,0.0056495934933118,8192,results/llama32_3b/e1c_per_layer.csv,193,down_input;layer=19;method=nar_kmax,relative_quantization_error_nmse
llama32_3b,down,20,nar_kmax,0.0058949911893812,8192,results/llama32_3b/e1c_per_layer.csv,197,down_input;layer=20;method=nar_kmax,relative_quantization_error_nmse
llama32_3b,down,21,nar_kmax,0.0058599693605729,8192,results/llama32_3b/e1c_per_layer.csv,201,down_input;layer=21;method=nar_kmax,relative_quantization_error_nmse
llama32_3b,down,22,nar_kmax,0.0059230665229163,8192,results/llama32_3b/e1c_per_layer.csv,205,down_input;layer=22;method=nar_kmax,relative_quantization_error_nmse
llama32_3b,down,23,nar_kmax,0.0056346701532032,8192,results/llama32_3b/e1c_per_layer.csv,209,down_input;layer=23;method=nar_kmax,relative_quantization_error_nmse
llama32_3b,down,24,nar_kmax,0.0051862412234195,8192,results/llama32_3b/e1c_per_layer.csv,213,down_input;layer=24;method=nar_kmax,relative_quantization_error_nmse
llama32_3b,down,25,nar_kmax,0.0045029493877188,8192,results/llama32_3b/e1c_per_layer.csv,217,down_input;layer=25;method=nar_kmax,relative_quantization_error_nmse
llama32_3b,down,26,nar_kmax,0.0038761253437224,8192,results/llama32_3b/e1c_per_layer.csv,221,down_input;layer=26;method=nar_kmax,relative_quantization_error_nmse
llama32_3b,down,27,nar_kmax,0.0015359031805603,8192,results/llama32_3b/e1c_per_layer.csv,225,down_input;layer=27;method=nar_kmax,relative_quantization_error_nmse
