model,method,seed,sequence,nll,tokens_scored,source,weight_fold_max_relative_error
llama31_8b,nar_b128_k64,20260902,0,1.5805003643035889,2047,supplementary E11 k64 measurement for Figure 4,0.0027584671042859554
llama31_8b,nar_b128_k64,20260902,1,2.2068076133728027,2047,supplementary E11 k64 measurement for Figure 4,0.0027584671042859554
llama31_8b,nar_b128_k64,20260902,2,2.2757856845855713,2047,supplementary E11 k64 measurement for Figure 4,0.0027584671042859554
llama31_8b,nar_b128_k64,20260902,3,1.841805338859558,2047,supplementary E11 k64 measurement for Figure 4,0.0027584671042859554
llama31_8b,nar_b128_k64,20260902,4,1.7309026718139648,2047,supplementary E11 k64 measurement for Figure 4,0.0027584671042859554
llama31_8b,nar_b128_k64,20260902,5,1.3142608404159546,2047,supplementary E11 k64 measurement for Figure 4,0.0027584671042859554
llama31_8b,nar_b128_k64,20260902,6,1.335323691368103,2047,supplementary E11 k64 measurement for Figure 4,0.0027584671042859554
llama31_8b,nar_b128_k64,20260902,7,1.7142306566238403,2047,supplementary E11 k64 measurement for Figure 4,0.0027584671042859554
llama31_8b,nar_b128_k64,20260902,8,2.0125722885131836,2047,supplementary E11 k64 measurement for Figure 4,0.0027584671042859554
llama31_8b,nar_b128_k64,20260902,9,1.8469973802566528,2047,supplementary E11 k64 measurement for Figure 4,0.0027584671042859554
llama31_8b,nar_b128_k64,20260902,10,1.7552720308303833,2047,supplementary E11 k64 measurement for Figure 4,0.0027584671042859554
llama31_8b,nar_b128_k64,20260902,11,2.0681862831115723,2047,supplementary E11 k64 measurement for Figure 4,0.0027584671042859554
llama31_8b,nar_b128_k64,20260902,12,1.9762893915176392,2047,supplementary E11 k64 measurement for Figure 4,0.0027584671042859554
llama31_8b,nar_b128_k64,20260902,13,2.082716226577759,2047,supplementary E11 k64 measurement for Figure 4,0.0027584671042859554
llama31_8b,nar_b128_k64,20260902,14,1.9937517642974854,2047,supplementary E11 k64 measurement for Figure 4,0.0027584671042859554
llama31_8b,nar_b128_k64,20260902,15,2.224003791809082,2047,supplementary E11 k64 measurement for Figure 4,0.0027584671042859554
llama31_8b,nar_b128_k64,20260902,16,1.937708854675293,2047,supplementary E11 k64 measurement for Figure 4,0.0027584671042859554
llama31_8b,nar_b128_k64,20260902,17,1.9273687601089478,2047,supplementary E11 k64 measurement for Figure 4,0.0027584671042859554
llama31_8b,nar_b128_k64,20260902,18,1.5499987602233887,2047,supplementary E11 k64 measurement for Figure 4,0.0027584671042859554
llama31_8b,nar_b128_k64,20260902,19,1.8724702596664429,2047,supplementary E11 k64 measurement for Figure 4,0.0027584671042859554
llama31_8b,nar_b128_k64,20260902,20,1.9852875471115112,2047,supplementary E11 k64 measurement for Figure 4,0.0027584671042859554
llama31_8b,nar_b128_k64,20260902,21,1.9484992027282715,2047,supplementary E11 k64 measurement for Figure 4,0.0027584671042859554
llama31_8b,nar_b128_k64,20260902,22,1.9406218528747559,2047,supplementary E11 k64 measurement for Figure 4,0.0027584671042859554
llama31_8b,nar_b128_k64,20260902,23,2.008049488067627,2047,supplementary E11 k64 measurement for Figure 4,0.0027584671042859554
llama31_8b,nar_b128_k64,20260902,24,2.0629594326019287,2047,supplementary E11 k64 measurement for Figure 4,0.0027584671042859554
llama31_8b,nar_b128_k64,20260902,25,2.1823835372924805,2047,supplementary E11 k64 measurement for Figure 4,0.0027584671042859554
llama31_8b,nar_b128_k64,20260902,26,2.2507381439208984,2047,supplementary E11 k64 measurement for Figure 4,0.0027584671042859554
llama31_8b,nar_b128_k64,20260902,27,2.076902151107788,2047,supplementary E11 k64 measurement for Figure 4,0.0027584671042859554
llama31_8b,nar_b128_k64,20260902,28,1.7804707288742065,2047,supplementary E11 k64 measurement for Figure 4,0.0027584671042859554
llama31_8b,nar_b128_k64,20260902,29,1.6010334491729736,2047,supplementary E11 k64 measurement for Figure 4,0.0027584671042859554
llama31_8b,nar_b128_k64,20260902,30,1.4421067237854004,2047,supplementary E11 k64 measurement for Figure 4,0.0027584671042859554
llama31_8b,nar_b128_k64,20260902,31,1.4754295349121094,2047,supplementary E11 k64 measurement for Figure 4,0.0027584671042859554
llama31_8b,nar_b128_k64,20260902,32,1.834930658340454,2047,supplementary E11 k64 measurement for Figure 4,0.0027584671042859554
llama31_8b,nar_b128_k64,20260902,33,1.803499698638916,2047,supplementary E11 k64 measurement for Figure 4,0.0027584671042859554
llama31_8b,nar_b128_k64,20260902,34,1.9588390588760376,2047,supplementary E11 k64 measurement for Figure 4,0.0027584671042859554
llama31_8b,nar_b128_k64,20260902,35,1.2946211099624634,2047,supplementary E11 k64 measurement for Figure 4,0.0027584671042859554
llama31_8b,nar_b128_k64,20260902,36,1.3097562789916992,2047,supplementary E11 k64 measurement for Figure 4,0.0027584671042859554
llama31_8b,nar_b128_k64,20260902,37,1.3186174631118774,2047,supplementary E11 k64 measurement for Figure 4,0.0027584671042859554
llama31_8b,nar_b128_k64,20260902,38,1.3076189756393433,2047,supplementary E11 k64 measurement for Figure 4,0.0027584671042859554
llama31_8b,nar_b128_k64,20260902,39,1.5279815196990967,2047,supplementary E11 k64 measurement for Figure 4,0.0027584671042859554
llama31_8b,nar_b128_k64,20260902,40,2.0647809505462646,2047,supplementary E11 k64 measurement for Figure 4,0.0027584671042859554
llama31_8b,nar_b128_k64,20260902,41,2.543454885482788,2047,supplementary E11 k64 measurement for Figure 4,0.0027584671042859554
llama31_8b,nar_b128_k64,20260902,42,2.538362503051758,2047,supplementary E11 k64 measurement for Figure 4,0.0027584671042859554
llama31_8b,nar_b128_k64,20260902,43,2.0380940437316895,2047,supplementary E11 k64 measurement for Figure 4,0.0027584671042859554
llama31_8b,nar_b128_k64,20260902,44,2.0527331829071045,2047,supplementary E11 k64 measurement for Figure 4,0.0027584671042859554
llama31_8b,nar_b128_k64,20260902,45,2.1004841327667236,2047,supplementary E11 k64 measurement for Figure 4,0.0027584671042859554
llama31_8b,nar_b128_k64,20260902,46,2.1869988441467285,2047,supplementary E11 k64 measurement for Figure 4,0.0027584671042859554
llama31_8b,nar_b128_k64,20260902,47,2.034311294555664,2047,supplementary E11 k64 measurement for Figure 4,0.0027584671042859554
llama31_8b,nar_b128_k64,20260902,48,1.8278549909591675,2047,supplementary E11 k64 measurement for Figure 4,0.0027584671042859554
llama31_8b,nar_b128_k64,20260902,49,1.8497531414031982,2047,supplementary E11 k64 measurement for Figure 4,0.0027584671042859554
llama31_8b,nar_b128_k64,20260902,50,1.532589316368103,2047,supplementary E11 k64 measurement for Figure 4,0.0027584671042859554
llama31_8b,nar_b128_k64,20260902,51,1.6701089143753052,2047,supplementary E11 k64 measurement for Figure 4,0.0027584671042859554
llama31_8b,nar_b128_k64,20260902,52,1.5177780389785767,2047,supplementary E11 k64 measurement for Figure 4,0.0027584671042859554
llama31_8b,nar_b128_k64,20260902,53,1.7198028564453125,2047,supplementary E11 k64 measurement for Figure 4,0.0027584671042859554
llama31_8b,nar_b128_k64,20260902,54,1.4498518705368042,2047,supplementary E11 k64 measurement for Figure 4,0.0027584671042859554
llama31_8b,nar_b128_k64,20260902,55,1.4297600984573364,2047,supplementary E11 k64 measurement for Figure 4,0.0027584671042859554
llama31_8b,nar_b128_k64,20260902,56,1.4871479272842407,2047,supplementary E11 k64 measurement for Figure 4,0.0027584671042859554
llama31_8b,nar_b128_k64,20260902,57,1.6394821405410767,2047,supplementary E11 k64 measurement for Figure 4,0.0027584671042859554
llama31_8b,nar_b128_k64,20260902,58,1.9460721015930176,2047,supplementary E11 k64 measurement for Figure 4,0.0027584671042859554
llama31_8b,nar_b128_k64,20260902,59,2.164470672607422,2047,supplementary E11 k64 measurement for Figure 4,0.0027584671042859554
llama31_8b,nar_b128_k64,20260902,60,2.181753396987915,2047,supplementary E11 k64 measurement for Figure 4,0.0027584671042859554
llama31_8b,nar_b128_k64,20260902,61,2.296269416809082,2047,supplementary E11 k64 measurement for Figure 4,0.0027584671042859554
llama31_8b,nar_b128_k64,20260902,62,1.2744030952453613,2047,supplementary E11 k64 measurement for Figure 4,0.0027584671042859554
llama31_8b,nar_b128_k64,20260902,63,1.7354354858398438,2047,supplementary E11 k64 measurement for Figure 4,0.0027584671042859554
llama31_8b,nar_b128_k64,20260903,0,1.5791945457458496,2047,supplementary E11 k64 measurement for Figure 4,0.002862263936549425
llama31_8b,nar_b128_k64,20260903,1,2.2138290405273438,2047,supplementary E11 k64 measurement for Figure 4,0.002862263936549425
llama31_8b,nar_b128_k64,20260903,2,2.280473232269287,2047,supplementary E11 k64 measurement for Figure 4,0.002862263936549425
llama31_8b,nar_b128_k64,20260903,3,1.8506323099136353,2047,supplementary E11 k64 measurement for Figure 4,0.002862263936549425
llama31_8b,nar_b128_k64,20260903,4,1.7259052991867065,2047,supplementary E11 k64 measurement for Figure 4,0.002862263936549425
llama31_8b,nar_b128_k64,20260903,5,1.3081138134002686,2047,supplementary E11 k64 measurement for Figure 4,0.002862263936549425
llama31_8b,nar_b128_k64,20260903,6,1.3350778818130493,2047,supplementary E11 k64 measurement for Figure 4,0.002862263936549425
llama31_8b,nar_b128_k64,20260903,7,1.7122461795806885,2047,supplementary E11 k64 measurement for Figure 4,0.002862263936549425
llama31_8b,nar_b128_k64,20260903,8,2.016979694366455,2047,supplementary E11 k64 measurement for Figure 4,0.002862263936549425
llama31_8b,nar_b128_k64,20260903,9,1.8408973217010498,2047,supplementary E11 k64 measurement for Figure 4,0.002862263936549425
llama31_8b,nar_b128_k64,20260903,10,1.7457326650619507,2047,supplementary E11 k64 measurement for Figure 4,0.002862263936549425
llama31_8b,nar_b128_k64,20260903,11,2.0705950260162354,2047,supplementary E11 k64 measurement for Figure 4,0.002862263936549425
llama31_8b,nar_b128_k64,20260903,12,1.9676263332366943,2047,supplementary E11 k64 measurement for Figure 4,0.002862263936549425
llama31_8b,nar_b128_k64,20260903,13,2.082412004470825,2047,supplementary E11 k64 measurement for Figure 4,0.002862263936549425
llama31_8b,nar_b128_k64,20260903,14,1.9985401630401611,2047,supplementary E11 k64 measurement for Figure 4,0.002862263936549425
llama31_8b,nar_b128_k64,20260903,15,2.228121042251587,2047,supplementary E11 k64 measurement for Figure 4,0.002862263936549425
llama31_8b,nar_b128_k64,20260903,16,1.9369596242904663,2047,supplementary E11 k64 measurement for Figure 4,0.002862263936549425
llama31_8b,nar_b128_k64,20260903,17,1.927750825881958,2047,supplementary E11 k64 measurement for Figure 4,0.002862263936549425
llama31_8b,nar_b128_k64,20260903,18,1.5496169328689575,2047,supplementary E11 k64 measurement for Figure 4,0.002862263936549425
llama31_8b,nar_b128_k64,20260903,19,1.8690203428268433,2047,supplementary E11 k64 measurement for Figure 4,0.002862263936549425
llama31_8b,nar_b128_k64,20260903,20,1.986582636833191,2047,supplementary E11 k64 measurement for Figure 4,0.002862263936549425
llama31_8b,nar_b128_k64,20260903,21,1.9553167819976807,2047,supplementary E11 k64 measurement for Figure 4,0.002862263936549425
llama31_8b,nar_b128_k64,20260903,22,1.9415225982666016,2047,supplementary E11 k64 measurement for Figure 4,0.002862263936549425
llama31_8b,nar_b128_k64,20260903,23,2.0144755840301514,2047,supplementary E11 k64 measurement for Figure 4,0.002862263936549425
llama31_8b,nar_b128_k64,20260903,24,2.063396692276001,2047,supplementary E11 k64 measurement for Figure 4,0.002862263936549425
llama31_8b,nar_b128_k64,20260903,25,2.1772401332855225,2047,supplementary E11 k64 measurement for Figure 4,0.002862263936549425
llama31_8b,nar_b128_k64,20260903,26,2.250771999359131,2047,supplementary E11 k64 measurement for Figure 4,0.002862263936549425
llama31_8b,nar_b128_k64,20260903,27,2.0792617797851562,2047,supplementary E11 k64 measurement for Figure 4,0.002862263936549425
llama31_8b,nar_b128_k64,20260903,28,1.793078064918518,2047,supplementary E11 k64 measurement for Figure 4,0.002862263936549425
llama31_8b,nar_b128_k64,20260903,29,1.6066606044769287,2047,supplementary E11 k64 measurement for Figure 4,0.002862263936549425
llama31_8b,nar_b128_k64,20260903,30,1.4458255767822266,2047,supplementary E11 k64 measurement for Figure 4,0.002862263936549425
llama31_8b,nar_b128_k64,20260903,31,1.4758516550064087,2047,supplementary E11 k64 measurement for Figure 4,0.002862263936549425
llama31_8b,nar_b128_k64,20260903,32,1.8313533067703247,2047,supplementary E11 k64 measurement for Figure 4,0.002862263936549425
llama31_8b,nar_b128_k64,20260903,33,1.7969965934753418,2047,supplementary E11 k64 measurement for Figure 4,0.002862263936549425
llama31_8b,nar_b128_k64,20260903,34,1.9546359777450562,2047,supplementary E11 k64 measurement for Figure 4,0.002862263936549425
llama31_8b,nar_b128_k64,20260903,35,1.3042635917663574,2047,supplementary E11 k64 measurement for Figure 4,0.002862263936549425
llama31_8b,nar_b128_k64,20260903,36,1.3045789003372192,2047,supplementary E11 k64 measurement for Figure 4,0.002862263936549425
llama31_8b,nar_b128_k64,20260903,37,1.3146451711654663,2047,supplementary E11 k64 measurement for Figure 4,0.002862263936549425
llama31_8b,nar_b128_k64,20260903,38,1.3052482604980469,2047,supplementary E11 k64 measurement for Figure 4,0.002862263936549425
llama31_8b,nar_b128_k64,20260903,39,1.5203124284744263,2047,supplementary E11 k64 measurement for Figure 4,0.002862263936549425
llama31_8b,nar_b128_k64,20260903,40,2.0654821395874023,2047,supplementary E11 k64 measurement for Figure 4,0.002862263936549425
llama31_8b,nar_b128_k64,20260903,41,2.5352139472961426,2047,supplementary E11 k64 measurement for Figure 4,0.002862263936549425
llama31_8b,nar_b128_k64,20260903,42,2.5453662872314453,2047,supplementary E11 k64 measurement for Figure 4,0.002862263936549425
llama31_8b,nar_b128_k64,20260903,43,2.0504343509674072,2047,supplementary E11 k64 measurement for Figure 4,0.002862263936549425
llama31_8b,nar_b128_k64,20260903,44,2.0518031120300293,2047,supplementary E11 k64 measurement for Figure 4,0.002862263936549425
llama31_8b,nar_b128_k64,20260903,45,2.105719804763794,2047,supplementary E11 k64 measurement for Figure 4,0.002862263936549425
llama31_8b,nar_b128_k64,20260903,46,2.184162139892578,2047,supplementary E11 k64 measurement for Figure 4,0.002862263936549425
llama31_8b,nar_b128_k64,20260903,47,2.0410032272338867,2047,supplementary E11 k64 measurement for Figure 4,0.002862263936549425
llama31_8b,nar_b128_k64,20260903,48,1.8264111280441284,2047,supplementary E11 k64 measurement for Figure 4,0.002862263936549425
llama31_8b,nar_b128_k64,20260903,49,1.8453408479690552,2047,supplementary E11 k64 measurement for Figure 4,0.002862263936549425
llama31_8b,nar_b128_k64,20260903,50,1.537416934967041,2047,supplementary E11 k64 measurement for Figure 4,0.002862263936549425
llama31_8b,nar_b128_k64,20260903,51,1.6711217164993286,2047,supplementary E11 k64 measurement for Figure 4,0.002862263936549425
llama31_8b,nar_b128_k64,20260903,52,1.5182609558105469,2047,supplementary E11 k64 measurement for Figure 4,0.002862263936549425
llama31_8b,nar_b128_k64,20260903,53,1.7042657136917114,2047,supplementary E11 k64 measurement for Figure 4,0.002862263936549425
llama31_8b,nar_b128_k64,20260903,54,1.4493048191070557,2047,supplementary E11 k64 measurement for Figure 4,0.002862263936549425
llama31_8b,nar_b128_k64,20260903,55,1.4252197742462158,2047,supplementary E11 k64 measurement for Figure 4,0.002862263936549425
llama31_8b,nar_b128_k64,20260903,56,1.4864301681518555,2047,supplementary E11 k64 measurement for Figure 4,0.002862263936549425
llama31_8b,nar_b128_k64,20260903,57,1.6355103254318237,2047,supplementary E11 k64 measurement for Figure 4,0.002862263936549425
llama31_8b,nar_b128_k64,20260903,58,1.9453885555267334,2047,supplementary E11 k64 measurement for Figure 4,0.002862263936549425
llama31_8b,nar_b128_k64,20260903,59,2.1602818965911865,2047,supplementary E11 k64 measurement for Figure 4,0.002862263936549425
llama31_8b,nar_b128_k64,20260903,60,2.183203935623169,2047,supplementary E11 k64 measurement for Figure 4,0.002862263936549425
llama31_8b,nar_b128_k64,20260903,61,2.300917387008667,2047,supplementary E11 k64 measurement for Figure 4,0.002862263936549425
llama31_8b,nar_b128_k64,20260903,62,1.2819749116897583,2047,supplementary E11 k64 measurement for Figure 4,0.002862263936549425
llama31_8b,nar_b128_k64,20260903,63,1.741376280784607,2047,supplementary E11 k64 measurement for Figure 4,0.002862263936549425
llama31_8b,nar_b128_k64,20260904,0,1.576978087425232,2047,supplementary E11 k64 measurement for Figure 4,0.0027305681724101305
llama31_8b,nar_b128_k64,20260904,1,2.20626163482666,2047,supplementary E11 k64 measurement for Figure 4,0.0027305681724101305
llama31_8b,nar_b128_k64,20260904,2,2.2831387519836426,2047,supplementary E11 k64 measurement for Figure 4,0.0027305681724101305
llama31_8b,nar_b128_k64,20260904,3,1.8450599908828735,2047,supplementary E11 k64 measurement for Figure 4,0.0027305681724101305
llama31_8b,nar_b128_k64,20260904,4,1.7323682308197021,2047,supplementary E11 k64 measurement for Figure 4,0.0027305681724101305
llama31_8b,nar_b128_k64,20260904,5,1.3044936656951904,2047,supplementary E11 k64 measurement for Figure 4,0.0027305681724101305
llama31_8b,nar_b128_k64,20260904,6,1.3326877355575562,2047,supplementary E11 k64 measurement for Figure 4,0.0027305681724101305
llama31_8b,nar_b128_k64,20260904,7,1.7116450071334839,2047,supplementary E11 k64 measurement for Figure 4,0.0027305681724101305
llama31_8b,nar_b128_k64,20260904,8,2.0249674320220947,2047,supplementary E11 k64 measurement for Figure 4,0.0027305681724101305
llama31_8b,nar_b128_k64,20260904,9,1.8465408086776733,2047,supplementary E11 k64 measurement for Figure 4,0.0027305681724101305
llama31_8b,nar_b128_k64,20260904,10,1.7452889680862427,2047,supplementary E11 k64 measurement for Figure 4,0.0027305681724101305
llama31_8b,nar_b128_k64,20260904,11,2.0713109970092773,2047,supplementary E11 k64 measurement for Figure 4,0.0027305681724101305
llama31_8b,nar_b128_k64,20260904,12,1.9683946371078491,2047,supplementary E11 k64 measurement for Figure 4,0.0027305681724101305
llama31_8b,nar_b128_k64,20260904,13,2.079374074935913,2047,supplementary E11 k64 measurement for Figure 4,0.0027305681724101305
llama31_8b,nar_b128_k64,20260904,14,1.9994734525680542,2047,supplementary E11 k64 measurement for Figure 4,0.0027305681724101305
llama31_8b,nar_b128_k64,20260904,15,2.2289721965789795,2047,supplementary E11 k64 measurement for Figure 4,0.0027305681724101305
llama31_8b,nar_b128_k64,20260904,16,1.9410909414291382,2047,supplementary E11 k64 measurement for Figure 4,0.0027305681724101305
llama31_8b,nar_b128_k64,20260904,17,1.9275587797164917,2047,supplementary E11 k64 measurement for Figure 4,0.0027305681724101305
llama31_8b,nar_b128_k64,20260904,18,1.5633150339126587,2047,supplementary E11 k64 measurement for Figure 4,0.0027305681724101305
llama31_8b,nar_b128_k64,20260904,19,1.8725922107696533,2047,supplementary E11 k64 measurement for Figure 4,0.0027305681724101305
llama31_8b,nar_b128_k64,20260904,20,1.9933546781539917,2047,supplementary E11 k64 measurement for Figure 4,0.0027305681724101305
llama31_8b,nar_b128_k64,20260904,21,1.9499605894088745,2047,supplementary E11 k64 measurement for Figure 4,0.0027305681724101305
llama31_8b,nar_b128_k64,20260904,22,1.946926236152649,2047,supplementary E11 k64 measurement for Figure 4,0.0027305681724101305
llama31_8b,nar_b128_k64,20260904,23,2.0130774974823,2047,supplementary E11 k64 measurement for Figure 4,0.0027305681724101305
llama31_8b,nar_b128_k64,20260904,24,2.0589797496795654,2047,supplementary E11 k64 measurement for Figure 4,0.0027305681724101305
llama31_8b,nar_b128_k64,20260904,25,2.17399263381958,2047,supplementary E11 k64 measurement for Figure 4,0.0027305681724101305
llama31_8b,nar_b128_k64,20260904,26,2.250898838043213,2047,supplementary E11 k64 measurement for Figure 4,0.0027305681724101305
llama31_8b,nar_b128_k64,20260904,27,2.0742645263671875,2047,supplementary E11 k64 measurement for Figure 4,0.0027305681724101305
llama31_8b,nar_b128_k64,20260904,28,1.794464111328125,2047,supplementary E11 k64 measurement for Figure 4,0.0027305681724101305
llama31_8b,nar_b128_k64,20260904,29,1.6005420684814453,2047,supplementary E11 k64 measurement for Figure 4,0.0027305681724101305
llama31_8b,nar_b128_k64,20260904,30,1.4418542385101318,2047,supplementary E11 k64 measurement for Figure 4,0.0027305681724101305
llama31_8b,nar_b128_k64,20260904,31,1.477095603942871,2047,supplementary E11 k64 measurement for Figure 4,0.0027305681724101305
llama31_8b,nar_b128_k64,20260904,32,1.82778799533844,2047,supplementary E11 k64 measurement for Figure 4,0.0027305681724101305
llama31_8b,nar_b128_k64,20260904,33,1.798046588897705,2047,supplementary E11 k64 measurement for Figure 4,0.0027305681724101305
llama31_8b,nar_b128_k64,20260904,34,1.9568347930908203,2047,supplementary E11 k64 measurement for Figure 4,0.0027305681724101305
llama31_8b,nar_b128_k64,20260904,35,1.3033220767974854,2047,supplementary E11 k64 measurement for Figure 4,0.0027305681724101305
llama31_8b,nar_b128_k64,20260904,36,1.312193512916565,2047,supplementary E11 k64 measurement for Figure 4,0.0027305681724101305
llama31_8b,nar_b128_k64,20260904,37,1.3151227235794067,2047,supplementary E11 k64 measurement for Figure 4,0.0027305681724101305
llama31_8b,nar_b128_k64,20260904,38,1.3013391494750977,2047,supplementary E11 k64 measurement for Figure 4,0.0027305681724101305
llama31_8b,nar_b128_k64,20260904,39,1.5205917358398438,2047,supplementary E11 k64 measurement for Figure 4,0.0027305681724101305
llama31_8b,nar_b128_k64,20260904,40,2.0641191005706787,2047,supplementary E11 k64 measurement for Figure 4,0.0027305681724101305
llama31_8b,nar_b128_k64,20260904,41,2.5387990474700928,2047,supplementary E11 k64 measurement for Figure 4,0.0027305681724101305
llama31_8b,nar_b128_k64,20260904,42,2.539161205291748,2047,supplementary E11 k64 measurement for Figure 4,0.0027305681724101305
llama31_8b,nar_b128_k64,20260904,43,2.043762445449829,2047,supplementary E11 k64 measurement for Figure 4,0.0027305681724101305
llama31_8b,nar_b128_k64,20260904,44,2.0522186756134033,2047,supplementary E11 k64 measurement for Figure 4,0.0027305681724101305
llama31_8b,nar_b128_k64,20260904,45,2.0976243019104004,2047,supplementary E11 k64 measurement for Figure 4,0.0027305681724101305
llama31_8b,nar_b128_k64,20260904,46,2.1849377155303955,2047,supplementary E11 k64 measurement for Figure 4,0.0027305681724101305
llama31_8b,nar_b128_k64,20260904,47,2.037226676940918,2047,supplementary E11 k64 measurement for Figure 4,0.0027305681724101305
llama31_8b,nar_b128_k64,20260904,48,1.828328013420105,2047,supplementary E11 k64 measurement for Figure 4,0.0027305681724101305
llama31_8b,nar_b128_k64,20260904,49,1.8470231294631958,2047,supplementary E11 k64 measurement for Figure 4,0.0027305681724101305
llama31_8b,nar_b128_k64,20260904,50,1.5463881492614746,2047,supplementary E11 k64 measurement for Figure 4,0.0027305681724101305
llama31_8b,nar_b128_k64,20260904,51,1.6807200908660889,2047,supplementary E11 k64 measurement for Figure 4,0.0027305681724101305
llama31_8b,nar_b128_k64,20260904,52,1.5219743251800537,2047,supplementary E11 k64 measurement for Figure 4,0.0027305681724101305
llama31_8b,nar_b128_k64,20260904,53,1.7135988473892212,2047,supplementary E11 k64 measurement for Figure 4,0.0027305681724101305
llama31_8b,nar_b128_k64,20260904,54,1.456727147102356,2047,supplementary E11 k64 measurement for Figure 4,0.0027305681724101305
llama31_8b,nar_b128_k64,20260904,55,1.4305782318115234,2047,supplementary E11 k64 measurement for Figure 4,0.0027305681724101305
llama31_8b,nar_b128_k64,20260904,56,1.4996459484100342,2047,supplementary E11 k64 measurement for Figure 4,0.0027305681724101305
llama31_8b,nar_b128_k64,20260904,57,1.6348638534545898,2047,supplementary E11 k64 measurement for Figure 4,0.0027305681724101305
llama31_8b,nar_b128_k64,20260904,58,1.943151593208313,2047,supplementary E11 k64 measurement for Figure 4,0.0027305681724101305
llama31_8b,nar_b128_k64,20260904,59,2.1604416370391846,2047,supplementary E11 k64 measurement for Figure 4,0.0027305681724101305
llama31_8b,nar_b128_k64,20260904,60,2.1843390464782715,2047,supplementary E11 k64 measurement for Figure 4,0.0027305681724101305
llama31_8b,nar_b128_k64,20260904,61,2.2939207553863525,2047,supplementary E11 k64 measurement for Figure 4,0.0027305681724101305
llama31_8b,nar_b128_k64,20260904,62,1.2821133136749268,2047,supplementary E11 k64 measurement for Figure 4,0.0027305681724101305
llama31_8b,nar_b128_k64,20260904,63,1.734856128692627,2047,supplementary E11 k64 measurement for Figure 4,0.0027305681724101305
