model,method,layer,direction,s_i,top_magnitude_channel
llama31_8b,hadamard,0,v1,0.003354295389726758,2871
llama31_8b,hadamard,0,v2,0.027032239362597466,2871
llama31_8b,hadamard,0,v3,0.026730386540293694,2871
llama31_8b,hadamard,0,v4,0.01940883696079254,2871
llama31_8b,hadamard,0,v5,0.0071007260121405125,2871
llama31_8b,hadamard,0,v6,0.0022767188493162394,2871
llama31_8b,hadamard,0,v7,0.017178401350975037,2871
llama31_8b,hadamard,0,v8,0.00281811342574656,2871
llama31_8b,hadamard,0,top_magnitude_channel,0.0,2871
llama31_8b,smoothquant_hadamard,0,v1,0.0005570818320848048,2871
llama31_8b,smoothquant_hadamard,0,v2,0.004121946170926094,2871
llama31_8b,smoothquant_hadamard,0,v3,0.004083731211721897,2871
llama31_8b,smoothquant_hadamard,0,v4,0.004031146876513958,2871
llama31_8b,smoothquant_hadamard,0,v5,0.0016202194383367896,2871
llama31_8b,smoothquant_hadamard,0,v6,0.0005645605269819498,2871
llama31_8b,smoothquant_hadamard,0,v7,0.00294007477350533,2871
llama31_8b,smoothquant_hadamard,0,v8,0.0007268676999956369,2871
llama31_8b,smoothquant_hadamard,0,top_magnitude_channel,0.0,2871
llama31_8b,duquant_style,0,v1,0.8524406552314758,2871
llama31_8b,duquant_style,0,v2,0.5697811245918274,2871
llama31_8b,duquant_style,0,v3,0.6443086266517639,2871
llama31_8b,duquant_style,0,v4,0.5579210519790649,2871
llama31_8b,duquant_style,0,v5,0.15550550818443298,2871
llama31_8b,duquant_style,0,v6,0.25157132744789124,2871
llama31_8b,duquant_style,0,v7,0.3400832414627075,2871
llama31_8b,duquant_style,0,v8,0.40444085001945496,2871
llama31_8b,duquant_style,0,top_magnitude_channel,0.9999999403953552,2871
llama31_8b,nar,0,v1,0.9999999403953552,2871
llama31_8b,nar,0,v2,0.999999463558197,2871
llama31_8b,nar,0,v3,0.9999995827674866,2871
llama31_8b,nar,0,v4,0.9999997019767761,2871
llama31_8b,nar,0,v5,1.000000238418579,2871
llama31_8b,nar,0,v6,1.0,2871
llama31_8b,nar,0,v7,1.000000238418579,2871
llama31_8b,nar,0,v8,0.9999995827674866,2871
llama31_8b,nar,0,top_magnitude_channel,0.6850365400314331,2871
llama31_8b,hadamard,1,v1,0.005674556829035282,1935
llama31_8b,hadamard,1,v2,0.0016378855798393488,1935
llama31_8b,hadamard,1,v3,0.0005080127157270908,1935
llama31_8b,hadamard,1,v4,0.00974409468472004,1935
llama31_8b,hadamard,1,v5,0.03618917614221573,1935
llama31_8b,hadamard,1,v6,0.015467126853764057,1935
llama31_8b,hadamard,1,v7,0.0004660235426854342,1935
llama31_8b,hadamard,1,v8,0.0004974459880031645,1935
llama31_8b,hadamard,1,top_magnitude_channel,0.0,1935
llama31_8b,smoothquant_hadamard,1,v1,0.00028139003552496433,1935
llama31_8b,smoothquant_hadamard,1,v2,0.00016250200860667974,1935
llama31_8b,smoothquant_hadamard,1,v3,0.00010809765080921352,1935
llama31_8b,smoothquant_hadamard,1,v4,0.0005184328183531761,1935
llama31_8b,smoothquant_hadamard,1,v5,0.0018190550617873669,1935
llama31_8b,smoothquant_hadamard,1,v6,0.0008199578151106834,1935
llama31_8b,smoothquant_hadamard,1,v7,9.492674871580675e-05,1935
llama31_8b,smoothquant_hadamard,1,v8,0.00011516922677401453,1935
llama31_8b,smoothquant_hadamard,1,top_magnitude_channel,0.0,1935
llama31_8b,duquant_style,1,v1,0.48178085684776306,1935
llama31_8b,duquant_style,1,v2,0.22727656364440918,1935
llama31_8b,duquant_style,1,v3,0.2951512336730957,1935
llama31_8b,duquant_style,1,v4,0.4184369444847107,1935
llama31_8b,duquant_style,1,v5,0.3643375337123871,1935
llama31_8b,duquant_style,1,v6,0.34305840730667114,1935
llama31_8b,duquant_style,1,v7,0.33313533663749695,1935
llama31_8b,duquant_style,1,v8,0.22701172530651093,1935
llama31_8b,duquant_style,1,top_magnitude_channel,0.9999999403953552,1935
llama31_8b,nar,1,v1,1.0000003576278687,1935
llama31_8b,nar,1,v2,0.9999999403953552,1935
llama31_8b,nar,1,v3,1.000000238418579,1935
llama31_8b,nar,1,v4,0.9999999403953552,1935
llama31_8b,nar,1,v5,1.000000238418579,1935
llama31_8b,nar,1,v6,0.9999999403953552,1935
llama31_8b,nar,1,v7,1.000000238418579,1935
llama31_8b,nar,1,v8,0.9999998211860657,1935
llama31_8b,nar,1,top_magnitude_channel,0.46586349606513977,1935
llama31_8b,hadamard,2,v1,0.009770750999450684,3475
llama31_8b,hadamard,2,v2,0.006502643693238497,3475
llama31_8b,hadamard,2,v3,0.011263156309723854,3475
llama31_8b,hadamard,2,v4,0.009350305423140526,3475
llama31_8b,hadamard,2,v5,0.002985734026879072,3475
llama31_8b,hadamard,2,v6,0.021538959816098213,3475
llama31_8b,hadamard,2,v7,0.0015106922946870327,3475
llama31_8b,hadamard,2,v8,0.019369861111044884,3475
llama31_8b,hadamard,2,top_magnitude_channel,0.0,3475
llama31_8b,smoothquant_hadamard,2,v1,0.0002612885436974466,3475
llama31_8b,smoothquant_hadamard,2,v2,0.0002959703851956874,3475
llama31_8b,smoothquant_hadamard,2,v3,0.00030126702040433884,3475
llama31_8b,smoothquant_hadamard,2,v4,0.0002635854762047529,3475
llama31_8b,smoothquant_hadamard,2,v5,0.00015350546163972467,3475
llama31_8b,smoothquant_hadamard,2,v6,0.0005582039011642337,3475
llama31_8b,smoothquant_hadamard,2,v7,0.00010463337093824521,3475
llama31_8b,smoothquant_hadamard,2,v8,0.0005747703835368156,3475
llama31_8b,smoothquant_hadamard,2,top_magnitude_channel,0.0,3475
llama31_8b,duquant_style,2,v1,0.27131062746047974,3475
llama31_8b,duquant_style,2,v2,0.12130327522754669,3475
llama31_8b,duquant_style,2,v3,0.12928663194179535,3475
llama31_8b,duquant_style,2,v4,0.3127809166908264,3475
llama31_8b,duquant_style,2,v5,0.22889822721481323,3475
llama31_8b,duquant_style,2,v6,0.20719805359840393,3475
llama31_8b,duquant_style,2,v7,0.3757737874984741,3475
llama31_8b,duquant_style,2,v8,0.27034610509872437,3475
llama31_8b,duquant_style,2,top_magnitude_channel,0.9999999403953552,3475
llama31_8b,nar,2,v1,0.9999995231628418,3475
llama31_8b,nar,2,v2,0.9999999403953552,3475
llama31_8b,nar,2,v3,0.9999999403953552,3475
llama31_8b,nar,2,v4,0.9999999403953552,3475
llama31_8b,nar,2,v5,1.000000238418579,3475
llama31_8b,nar,2,v6,0.9999998807907104,3475
llama31_8b,nar,2,v7,0.9999999403953552,3475
llama31_8b,nar,2,v8,1.0,3475
llama31_8b,nar,2,top_magnitude_channel,0.4332929253578186,3475
llama31_8b,hadamard,3,v1,0.009893388487398624,1869
llama31_8b,hadamard,3,v2,0.01084915641695261,1869
llama31_8b,hadamard,3,v3,0.0019900507759302855,1869
llama31_8b,hadamard,3,v4,0.007386130280792713,1869
llama31_8b,hadamard,3,v5,0.028534654527902603,1869
llama31_8b,hadamard,3,v6,0.0025602630339562893,1869
llama31_8b,hadamard,3,v7,0.00921764224767685,1869
llama31_8b,hadamard,3,v8,0.006961198523640633,1869
llama31_8b,hadamard,3,top_magnitude_channel,0.0,1869
llama31_8b,smoothquant_hadamard,3,v1,0.00034568869159556925,1869
llama31_8b,smoothquant_hadamard,3,v2,0.0005258258897811174,1869
llama31_8b,smoothquant_hadamard,3,v3,0.00013918265176471323,1869
llama31_8b,smoothquant_hadamard,3,v4,0.00035796326119452715,1869
llama31_8b,smoothquant_hadamard,3,v5,0.0009492649114690721,1869
llama31_8b,smoothquant_hadamard,3,v6,0.0002328552072867751,1869
llama31_8b,smoothquant_hadamard,3,v7,0.00040391579386778176,1869
llama31_8b,smoothquant_hadamard,3,v8,0.0004641549603547901,1869
llama31_8b,smoothquant_hadamard,3,top_magnitude_channel,0.0,1869
llama31_8b,duquant_style,3,v1,0.3211435377597809,1869
llama31_8b,duquant_style,3,v2,0.26819083094596863,1869
llama31_8b,duquant_style,3,v3,0.31694328784942627,1869
llama31_8b,duquant_style,3,v4,0.41173255443573,1869
llama31_8b,duquant_style,3,v5,0.2417275309562683,1869
llama31_8b,duquant_style,3,v6,0.3054552376270294,1869
llama31_8b,duquant_style,3,v7,0.25602996349334717,1869
llama31_8b,duquant_style,3,v8,0.13765643537044525,1869
llama31_8b,duquant_style,3,top_magnitude_channel,0.9999999403953552,1869
llama31_8b,nar,3,v1,1.0,1869
llama31_8b,nar,3,v2,1.0000001192092896,1869
llama31_8b,nar,3,v3,1.0000004768371582,1869
llama31_8b,nar,3,v4,0.9999998211860657,1869
llama31_8b,nar,3,v5,1.0,1869
llama31_8b,nar,3,v6,1.0000007152557373,1869
llama31_8b,nar,3,v7,0.9999999403953552,1869
llama31_8b,nar,3,v8,0.9999993443489075,1869
llama31_8b,nar,3,top_magnitude_channel,0.20172826945781708,1869
llama31_8b,hadamard,4,v1,0.017899923026561737,1869
llama31_8b,hadamard,4,v2,0.0200713612139225,1869
llama31_8b,hadamard,4,v3,0.0061821588315069675,1869
llama31_8b,hadamard,4,v4,0.0025313838850706816,1869
llama31_8b,hadamard,4,v5,0.02635188400745392,1869
llama31_8b,hadamard,4,v6,0.016153667122125626,1869
llama31_8b,hadamard,4,v7,0.022391002625226974,1869
llama31_8b,hadamard,4,v8,0.006145077291876078,1869
llama31_8b,hadamard,4,top_magnitude_channel,0.0,1869
llama31_8b,smoothquant_hadamard,4,v1,0.0006578696193173528,1869
llama31_8b,smoothquant_hadamard,4,v2,0.000826556293759495,1869
llama31_8b,smoothquant_hadamard,4,v3,0.0002672755508683622,1869
llama31_8b,smoothquant_hadamard,4,v4,0.000141671669553034,1869
llama31_8b,smoothquant_hadamard,4,v5,0.0009888040367513895,1869
llama31_8b,smoothquant_hadamard,4,v6,0.0006572326528839767,1869
llama31_8b,smoothquant_hadamard,4,v7,0.0009017757838591933,1869
llama31_8b,smoothquant_hadamard,4,v8,0.00039821103564463556,1869
llama31_8b,smoothquant_hadamard,4,top_magnitude_channel,0.0,1869
llama31_8b,duquant_style,4,v1,0.39528316259384155,1869
llama31_8b,duquant_style,4,v2,0.3165525197982788,1869
llama31_8b,duquant_style,4,v3,0.28891849517822266,1869
llama31_8b,duquant_style,4,v4,0.4951717257499695,1869
llama31_8b,duquant_style,4,v5,0.3080958127975464,1869
llama31_8b,duquant_style,4,v6,0.3398663103580475,1869
llama31_8b,duquant_style,4,v7,0.2515924572944641,1869
llama31_8b,duquant_style,4,v8,0.24330689013004303,1869
llama31_8b,duquant_style,4,top_magnitude_channel,0.9999999403953552,1869
llama31_8b,nar,4,v1,0.9999995827674866,1869
llama31_8b,nar,4,v2,0.9999999403953552,1869
llama31_8b,nar,4,v3,0.9999997019767761,1869
llama31_8b,nar,4,v4,0.9999999403953552,1869
llama31_8b,nar,4,v5,0.9999999403953552,1869
llama31_8b,nar,4,v6,1.000000238418579,1869
llama31_8b,nar,4,v7,1.0000004768371582,1869
llama31_8b,nar,4,v8,1.0000001192092896,1869
llama31_8b,nar,4,top_magnitude_channel,0.22054648399353027,1869
llama31_8b,hadamard,5,v1,0.015263613313436508,1869
llama31_8b,hadamard,5,v2,0.0203859843313694,1869
llama31_8b,hadamard,5,v3,0.004293207079172134,1869
llama31_8b,hadamard,5,v4,0.0018917347770184278,1869
llama31_8b,hadamard,5,v5,0.019098935648798943,1869
llama31_8b,hadamard,5,v6,0.016236580908298492,1869
llama31_8b,hadamard,5,v7,0.003200568025931716,1869
llama31_8b,hadamard,5,v8,0.02854909747838974,1869
llama31_8b,hadamard,5,top_magnitude_channel,0.0,1869
llama31_8b,smoothquant_hadamard,5,v1,0.00045758503256365657,1869
llama31_8b,smoothquant_hadamard,5,v2,0.0007026950479485095,1869
llama31_8b,smoothquant_hadamard,5,v3,0.0001794455893104896,1869
llama31_8b,smoothquant_hadamard,5,v4,0.00014148834452498704,1869
llama31_8b,smoothquant_hadamard,5,v5,0.0006164723890833557,1869
llama31_8b,smoothquant_hadamard,5,v6,0.0005270355031825602,1869
llama31_8b,smoothquant_hadamard,5,v7,0.00026238561258651316,1869
llama31_8b,smoothquant_hadamard,5,v8,0.0008567790500819683,1869
llama31_8b,smoothquant_hadamard,5,top_magnitude_channel,0.0,1869
llama31_8b,duquant_style,5,v1,0.34314486384391785,1869
llama31_8b,duquant_style,5,v2,0.19585582613945007,1869
llama31_8b,duquant_style,5,v3,0.15056276321411133,1869
llama31_8b,duquant_style,5,v4,0.3457995355129242,1869
llama31_8b,duquant_style,5,v5,0.2172885537147522,1869
llama31_8b,duquant_style,5,v6,0.35759469866752625,1869
llama31_8b,duquant_style,5,v7,0.12208478897809982,1869
llama31_8b,duquant_style,5,v8,0.24034500122070312,1869
llama31_8b,duquant_style,5,top_magnitude_channel,0.9999999403953552,1869
llama31_8b,nar,5,v1,1.0,1869
llama31_8b,nar,5,v2,0.9999999403953552,1869
llama31_8b,nar,5,v3,1.000000238418579,1869
llama31_8b,nar,5,v4,0.9999997019767761,1869
llama31_8b,nar,5,v5,1.0000003576278687,1869
llama31_8b,nar,5,v6,1.000000238418579,1869
llama31_8b,nar,5,v7,0.9999997615814209,1869
llama31_8b,nar,5,v8,0.9999996423721313,1869
llama31_8b,nar,5,top_magnitude_channel,0.21523164212703705,1869
llama31_8b,hadamard,6,v1,0.010379448533058167,1869
llama31_8b,hadamard,6,v2,0.02933797612786293,1869
llama31_8b,hadamard,6,v3,0.0016476311720907688,1869
llama31_8b,hadamard,6,v4,0.004758313298225403,1869
llama31_8b,hadamard,6,v5,0.008949746377766132,1869
llama31_8b,hadamard,6,v6,0.00563905481249094,1869
llama31_8b,hadamard,6,v7,0.00541727477684617,1869
llama31_8b,hadamard,6,v8,0.0029018577188253403,1869
llama31_8b,hadamard,6,top_magnitude_channel,0.0,1869
llama31_8b,smoothquant_hadamard,6,v1,0.00032113181077875197,1869
llama31_8b,smoothquant_hadamard,6,v2,0.0009260647930204868,1869
llama31_8b,smoothquant_hadamard,6,v3,0.00012355498620308936,1869
llama31_8b,smoothquant_hadamard,6,v4,0.00019408967636991292,1869
llama31_8b,smoothquant_hadamard,6,v5,0.0003277287760283798,1869
llama31_8b,smoothquant_hadamard,6,v6,0.00023556515225209296,1869
llama31_8b,smoothquant_hadamard,6,v7,0.00025611097225919366,1869
llama31_8b,smoothquant_hadamard,6,v8,0.00019336202240083367,1869
llama31_8b,smoothquant_hadamard,6,top_magnitude_channel,0.0,1869
llama31_8b,duquant_style,6,v1,0.5408682823181152,1869
llama31_8b,duquant_style,6,v2,0.5123665928840637,1869
llama31_8b,duquant_style,6,v3,0.5505673289299011,1869
llama31_8b,duquant_style,6,v4,0.5943387746810913,1869
llama31_8b,duquant_style,6,v5,0.5074223279953003,1869
llama31_8b,duquant_style,6,v6,0.4522092640399933,1869
llama31_8b,duquant_style,6,v7,0.4390590786933899,1869
llama31_8b,duquant_style,6,v8,0.3699362576007843,1869
llama31_8b,duquant_style,6,top_magnitude_channel,0.9999999403953552,1869
llama31_8b,nar,6,v1,0.9999999403953552,1869
llama31_8b,nar,6,v2,0.9999992847442627,1869
llama31_8b,nar,6,v3,1.000000238418579,1869
llama31_8b,nar,6,v4,0.9999998807907104,1869
llama31_8b,nar,6,v5,1.0000001192092896,1869
llama31_8b,nar,6,v6,0.9999999403953552,1869
llama31_8b,nar,6,v7,0.9999998807907104,1869
llama31_8b,nar,6,v8,0.9999998807907104,1869
llama31_8b,nar,6,top_magnitude_channel,0.3302004635334015,1869
llama31_8b,hadamard,7,v1,0.005993805825710297,1869
llama31_8b,hadamard,7,v2,0.015841951593756676,1869
llama31_8b,hadamard,7,v3,0.004714241251349449,1869
llama31_8b,hadamard,7,v4,0.008854523301124573,1869
llama31_8b,hadamard,7,v5,0.0049211676232516766,1869
llama31_8b,hadamard,7,v6,0.0020599125418812037,1869
llama31_8b,hadamard,7,v7,0.0026255962438881397,1869
llama31_8b,hadamard,7,v8,0.009726755321025848,1869
llama31_8b,hadamard,7,top_magnitude_channel,0.0,1869
llama31_8b,smoothquant_hadamard,7,v1,0.00018280510266777128,1869
llama31_8b,smoothquant_hadamard,7,v2,0.0004815423162654042,1869
llama31_8b,smoothquant_hadamard,7,v3,0.00020677097199950367,1869
llama31_8b,smoothquant_hadamard,7,v4,0.00033198652090504766,1869
llama31_8b,smoothquant_hadamard,7,v5,0.00021726042905356735,1869
llama31_8b,smoothquant_hadamard,7,v6,0.00014544761506840587,1869
llama31_8b,smoothquant_hadamard,7,v7,0.00014625627954956144,1869
llama31_8b,smoothquant_hadamard,7,v8,0.0003499951562844217,1869
llama31_8b,smoothquant_hadamard,7,top_magnitude_channel,0.0,1869
llama31_8b,duquant_style,7,v1,0.6096203923225403,1869
llama31_8b,duquant_style,7,v2,0.5892163515090942,1869
llama31_8b,duquant_style,7,v3,0.5961896777153015,1869
llama31_8b,duquant_style,7,v4,0.5388734936714172,1869
llama31_8b,duquant_style,7,v5,0.5429818034172058,1869
llama31_8b,duquant_style,7,v6,0.577761709690094,1869
llama31_8b,duquant_style,7,v7,0.4214182496070862,1869
llama31_8b,duquant_style,7,v8,0.5452502369880676,1869
llama31_8b,duquant_style,7,top_magnitude_channel,0.9999999403953552,1869
llama31_8b,nar,7,v1,0.9999998807907104,1869
llama31_8b,nar,7,v2,0.9999999403953552,1869
llama31_8b,nar,7,v3,0.9999998807907104,1869
llama31_8b,nar,7,v4,0.999999463558197,1869
llama31_8b,nar,7,v5,1.0,1869
llama31_8b,nar,7,v6,0.9999998807907104,1869
llama31_8b,nar,7,v7,0.9999999403953552,1869
llama31_8b,nar,7,v8,0.9999997615814209,1869
llama31_8b,nar,7,top_magnitude_channel,0.2292957305908203,1869
llama31_8b,hadamard,8,v1,0.0019840921740978956,1869
llama31_8b,hadamard,8,v2,0.010254902765154839,1869
llama31_8b,hadamard,8,v3,0.0010879678884521127,1869
llama31_8b,hadamard,8,v4,0.004888154566287994,1869
llama31_8b,hadamard,8,v5,0.004615709185600281,1869
llama31_8b,hadamard,8,v6,0.0016037221066653728,1869
llama31_8b,hadamard,8,v7,0.003826686181128025,1869
llama31_8b,hadamard,8,v8,0.005302145145833492,1869
llama31_8b,hadamard,8,top_magnitude_channel,0.0,1869
llama31_8b,smoothquant_hadamard,8,v1,0.00013806505012325943,1869
llama31_8b,smoothquant_hadamard,8,v2,0.0007354808039963245,1869
llama31_8b,smoothquant_hadamard,8,v3,8.146121399477124e-05,1869
llama31_8b,smoothquant_hadamard,8,v4,0.0003556873125489801,1869
llama31_8b,smoothquant_hadamard,8,v5,0.00032983015989884734,1869
llama31_8b,smoothquant_hadamard,8,v6,0.00012517746654339135,1869
llama31_8b,smoothquant_hadamard,8,v7,0.0002765801618807018,1869
llama31_8b,smoothquant_hadamard,8,v8,0.0003862172889057547,1869
llama31_8b,smoothquant_hadamard,8,top_magnitude_channel,0.0,1869
llama31_8b,duquant_style,8,v1,0.7617119550704956,1869
llama31_8b,duquant_style,8,v2,0.6305294036865234,1869
llama31_8b,duquant_style,8,v3,0.6266798973083496,1869
llama31_8b,duquant_style,8,v4,0.5586449503898621,1869
llama31_8b,duquant_style,8,v5,0.6665017008781433,1869
llama31_8b,duquant_style,8,v6,0.6668343544006348,1869
llama31_8b,duquant_style,8,v7,0.5410369634628296,1869
llama31_8b,duquant_style,8,v8,0.590782642364502,1869
llama31_8b,duquant_style,8,top_magnitude_channel,0.9999999403953552,1869
llama31_8b,nar,8,v1,0.9999999403953552,1869
llama31_8b,nar,8,v2,1.0000001192092896,1869
llama31_8b,nar,8,v3,1.0,1869
llama31_8b,nar,8,v4,0.9999997615814209,1869
llama31_8b,nar,8,v5,1.0,1869
llama31_8b,nar,8,v6,0.9999999403953552,1869
llama31_8b,nar,8,v7,0.9999999403953552,1869
llama31_8b,nar,8,v8,1.000000238418579,1869
llama31_8b,nar,8,top_magnitude_channel,0.32989680767059326,1869
llama31_8b,hadamard,9,v1,0.0008509982144460082,2932
llama31_8b,hadamard,9,v2,0.003971129655838013,2932
llama31_8b,hadamard,9,v3,0.0015209537232294679,2932
llama31_8b,hadamard,9,v4,0.0024825825821608305,2932
llama31_8b,hadamard,9,v5,0.002754681510850787,2932
llama31_8b,hadamard,9,v6,0.0024017798714339733,2932
llama31_8b,hadamard,9,v7,0.0013693291693925858,2932
llama31_8b,hadamard,9,v8,0.0016183574916794896,2932
llama31_8b,hadamard,9,top_magnitude_channel,0.0,2932
llama31_8b,smoothquant_hadamard,9,v1,5.2030452934559435e-05,2932
llama31_8b,smoothquant_hadamard,9,v2,0.00023966046865098178,2932
llama31_8b,smoothquant_hadamard,9,v3,9.87611201708205e-05,2932
llama31_8b,smoothquant_hadamard,9,v4,0.0001516499905847013,2932
llama31_8b,smoothquant_hadamard,9,v5,0.00016295176465064287,2932
llama31_8b,smoothquant_hadamard,9,v6,0.00017200327420141548,2932
llama31_8b,smoothquant_hadamard,9,v7,8.621692541055381e-05,2932
llama31_8b,smoothquant_hadamard,9,v8,0.00010433483839733526,2932
llama31_8b,smoothquant_hadamard,9,top_magnitude_channel,0.0,2932
llama31_8b,duquant_style,9,v1,0.7743959426879883,2932
llama31_8b,duquant_style,9,v2,0.6780179142951965,2932
llama31_8b,duquant_style,9,v3,0.5673603415489197,2932
llama31_8b,duquant_style,9,v4,0.7272105813026428,2932
llama31_8b,duquant_style,9,v5,0.7123143672943115,2932
llama31_8b,duquant_style,9,v6,0.6040798425674438,2932
llama31_8b,duquant_style,9,v7,0.7091016173362732,2932
llama31_8b,duquant_style,9,v8,0.7202994227409363,2932
llama31_8b,duquant_style,9,top_magnitude_channel,0.9999999403953552,2932
llama31_8b,nar,9,v1,0.9999999403953552,2932
llama31_8b,nar,9,v2,1.000000238418579,2932
llama31_8b,nar,9,v3,0.9999997019767761,2932
llama31_8b,nar,9,v4,1.000000238418579,2932
llama31_8b,nar,9,v5,0.9999999403953552,2932
llama31_8b,nar,9,v6,0.9999999403953552,2932
llama31_8b,nar,9,v7,1.0,2932
llama31_8b,nar,9,v8,0.9999998807907104,2932
llama31_8b,nar,9,top_magnitude_channel,0.8058135509490967,2932
llama31_8b,hadamard,10,v1,0.0011967748869210482,2932
llama31_8b,hadamard,10,v2,0.005772341508418322,2932
llama31_8b,hadamard,10,v3,0.0011366551043465734,2932
llama31_8b,hadamard,10,v4,0.0038505771663039923,2932
llama31_8b,hadamard,10,v5,0.002703386591747403,2932
llama31_8b,hadamard,10,v6,0.0018285891273990273,2932
llama31_8b,hadamard,10,v7,0.0012972980039194226,2932
llama31_8b,hadamard,10,v8,0.0036467763129621744,2932
llama31_8b,hadamard,10,top_magnitude_channel,0.0,2932
llama31_8b,smoothquant_hadamard,10,v1,7.16488721081987e-05,2932
llama31_8b,smoothquant_hadamard,10,v2,0.00033852728665806353,2932
llama31_8b,smoothquant_hadamard,10,v3,8.534995140507817e-05,2932
llama31_8b,smoothquant_hadamard,10,v4,0.00022585675469599664,2932
llama31_8b,smoothquant_hadamard,10,v5,0.00015739654190838337,2932
llama31_8b,smoothquant_hadamard,10,v6,0.0001347523066215217,2932
llama31_8b,smoothquant_hadamard,10,v7,9.094415145227686e-05,2932
llama31_8b,smoothquant_hadamard,10,v8,0.00022313740919344127,2932
llama31_8b,smoothquant_hadamard,10,top_magnitude_channel,0.0,2932
llama31_8b,duquant_style,10,v1,0.7616897821426392,2932
llama31_8b,duquant_style,10,v2,0.6702070236206055,2932
llama31_8b,duquant_style,10,v3,0.6505531668663025,2932
llama31_8b,duquant_style,10,v4,0.7209389209747314,2932
llama31_8b,duquant_style,10,v5,0.7265022993087769,2932
llama31_8b,duquant_style,10,v6,0.5642279386520386,2932
llama31_8b,duquant_style,10,v7,0.6897013187408447,2932
llama31_8b,duquant_style,10,v8,0.5964272022247314,2932
llama31_8b,duquant_style,10,top_magnitude_channel,0.9999999403953552,2932
llama31_8b,nar,10,v1,0.9999998807907104,2932
llama31_8b,nar,10,v2,0.9999998211860657,2932
llama31_8b,nar,10,v3,0.9999999403953552,2932
llama31_8b,nar,10,v4,0.9999998807907104,2932
llama31_8b,nar,10,v5,0.9999999403953552,2932
llama31_8b,nar,10,v6,0.9999999403953552,2932
llama31_8b,nar,10,v7,1.0000003576278687,2932
llama31_8b,nar,10,v8,1.0,2932
llama31_8b,nar,10,top_magnitude_channel,0.8183543086051941,2932
llama31_8b,hadamard,11,v1,0.0007745579350739717,2932
llama31_8b,hadamard,11,v2,0.0023329092655330896,2932
llama31_8b,hadamard,11,v3,0.0017913945484906435,2932
llama31_8b,hadamard,11,v4,0.0026936985086649656,2932
llama31_8b,hadamard,11,v5,0.001315613160841167,2932
llama31_8b,hadamard,11,v6,0.0016781125450506806,2932
llama31_8b,hadamard,11,v7,0.0014751334674656391,2932
llama31_8b,hadamard,11,v8,0.0020688679069280624,2932
llama31_8b,hadamard,11,top_magnitude_channel,0.0,2932
llama31_8b,smoothquant_hadamard,11,v1,4.7178884415188804e-05,2932
llama31_8b,smoothquant_hadamard,11,v2,0.0001165052963187918,2932
llama31_8b,smoothquant_hadamard,11,v3,0.00011293617717456073,2932
llama31_8b,smoothquant_hadamard,11,v4,0.00014059562818147242,2932
llama31_8b,smoothquant_hadamard,11,v5,7.427619129884988e-05,2932
llama31_8b,smoothquant_hadamard,11,v6,0.00010807863873196766,2932
llama31_8b,smoothquant_hadamard,11,v7,9.957035217666999e-05,2932
llama31_8b,smoothquant_hadamard,11,v8,0.00012916991545353085,2932
llama31_8b,smoothquant_hadamard,11,top_magnitude_channel,0.0,2932
llama31_8b,duquant_style,11,v1,0.7824676632881165,2932
llama31_8b,duquant_style,11,v2,0.7212624549865723,2932
llama31_8b,duquant_style,11,v3,0.6678692698478699,2932
llama31_8b,duquant_style,11,v4,0.6859723925590515,2932
llama31_8b,duquant_style,11,v5,0.7245442867279053,2932
llama31_8b,duquant_style,11,v6,0.6828411817550659,2932
llama31_8b,duquant_style,11,v7,0.6867843866348267,2932
llama31_8b,duquant_style,11,v8,0.6957704424858093,2932
llama31_8b,duquant_style,11,top_magnitude_channel,0.9999999403953552,2932
llama31_8b,nar,11,v1,0.9999998807907104,2932
llama31_8b,nar,11,v2,1.000000238418579,2932
llama31_8b,nar,11,v3,1.0,2932
llama31_8b,nar,11,v4,0.9999997019767761,2932
llama31_8b,nar,11,v5,0.9999999403953552,2932
llama31_8b,nar,11,v6,1.0000001192092896,2932
llama31_8b,nar,11,v7,0.9999999403953552,2932
llama31_8b,nar,11,v8,1.0000001192092896,2932
llama31_8b,nar,11,top_magnitude_channel,0.8592280149459839,2932
llama31_8b,hadamard,12,v1,0.0009412919171154499,2932
llama31_8b,hadamard,12,v2,0.0030180183239281178,2932
llama31_8b,hadamard,12,v3,0.0016366816125810146,2932
llama31_8b,hadamard,12,v4,0.00397028774023056,2932
llama31_8b,hadamard,12,v5,0.0017266556387767196,2932
llama31_8b,hadamard,12,v6,0.0008347262628376484,2932
llama31_8b,hadamard,12,v7,0.002135972958058119,2932
llama31_8b,hadamard,12,v8,0.0032120977994054556,2932
llama31_8b,hadamard,12,top_magnitude_channel,0.0,2932
llama31_8b,smoothquant_hadamard,12,v1,5.6840355682652444e-05,2932
llama31_8b,smoothquant_hadamard,12,v2,0.00014423156972043216,2932
llama31_8b,smoothquant_hadamard,12,v3,9.755964856594801e-05,2932
llama31_8b,smoothquant_hadamard,12,v4,0.00024087756173685193,2932
llama31_8b,smoothquant_hadamard,12,v5,0.0001132521138060838,2932
llama31_8b,smoothquant_hadamard,12,v6,5.335652531357482e-05,2932
llama31_8b,smoothquant_hadamard,12,v7,0.00013481604401022196,2932
llama31_8b,smoothquant_hadamard,12,v8,0.0001789074594853446,2932
llama31_8b,smoothquant_hadamard,12,top_magnitude_channel,0.0,2932
llama31_8b,duquant_style,12,v1,0.7277956008911133,2932
llama31_8b,duquant_style,12,v2,0.7208096981048584,2932
llama31_8b,duquant_style,12,v3,0.6810489296913147,2932
llama31_8b,duquant_style,12,v4,0.6417203545570374,2932
llama31_8b,duquant_style,12,v5,0.6660244464874268,2932
llama31_8b,duquant_style,12,v6,0.7704874873161316,2932
llama31_8b,duquant_style,12,v7,0.7312089800834656,2932
llama31_8b,duquant_style,12,v8,0.6893936991691589,2932
llama31_8b,duquant_style,12,top_magnitude_channel,0.9999999403953552,2932
llama31_8b,nar,12,v1,0.9999999403953552,2932
llama31_8b,nar,12,v2,0.9999999403953552,2932
llama31_8b,nar,12,v3,0.9999997019767761,2932
llama31_8b,nar,12,v4,0.9999996423721313,2932
llama31_8b,nar,12,v5,0.9999999403953552,2932
llama31_8b,nar,12,v6,0.9999998211860657,2932
llama31_8b,nar,12,v7,1.000000238418579,2932
llama31_8b,nar,12,v8,0.9999997019767761,2932
llama31_8b,nar,12,top_magnitude_channel,0.8319656848907471,2932
llama31_8b,hadamard,13,v1,0.0010173993650823832,1189
llama31_8b,hadamard,13,v2,0.0013701127609238029,1189
llama31_8b,hadamard,13,v3,0.0012751733884215355,1189
llama31_8b,hadamard,13,v4,0.000919926562346518,1189
llama31_8b,hadamard,13,v5,0.0012809495674446225,1189
llama31_8b,hadamard,13,v6,0.0014947280287742615,1189
llama31_8b,hadamard,13,v7,0.0019904342480003834,1189
llama31_8b,hadamard,13,v8,0.0011044827988371253,1189
llama31_8b,hadamard,13,top_magnitude_channel,0.0,1189
llama31_8b,smoothquant_hadamard,13,v1,5.604961916105822e-05,1189
llama31_8b,smoothquant_hadamard,13,v2,7.395246939267963e-05,1189
llama31_8b,smoothquant_hadamard,13,v3,7.898556941654533e-05,1189
llama31_8b,smoothquant_hadamard,13,v4,5.456636063172482e-05,1189
llama31_8b,smoothquant_hadamard,13,v5,7.182025001384318e-05,1189
llama31_8b,smoothquant_hadamard,13,v6,9.056970884557813e-05,1189
llama31_8b,smoothquant_hadamard,13,v7,0.00011592343798838556,1189
llama31_8b,smoothquant_hadamard,13,v8,6.501461029984057e-05,1189
llama31_8b,smoothquant_hadamard,13,top_magnitude_channel,0.0,1189
llama31_8b,duquant_style,13,v1,0.7663460969924927,1189
llama31_8b,duquant_style,13,v2,0.794593334197998,1189
llama31_8b,duquant_style,13,v3,0.7637957334518433,1189
llama31_8b,duquant_style,13,v4,0.7654981017112732,1189
llama31_8b,duquant_style,13,v5,0.7454497218132019,1189
llama31_8b,duquant_style,13,v6,0.7681512832641602,1189
llama31_8b,duquant_style,13,v7,0.771872341632843,1189
llama31_8b,duquant_style,13,v8,0.7671099901199341,1189
llama31_8b,duquant_style,13,top_magnitude_channel,0.9999999403953552,1189
llama31_8b,nar,13,v1,0.9999998211860657,1189
llama31_8b,nar,13,v2,0.9999998807907104,1189
llama31_8b,nar,13,v3,1.0000003576278687,1189
llama31_8b,nar,13,v4,1.0000003576278687,1189
llama31_8b,nar,13,v5,0.9999997019767761,1189
llama31_8b,nar,13,v6,0.9999998211860657,1189
llama31_8b,nar,13,v7,0.9999999403953552,1189
llama31_8b,nar,13,v8,0.9999999403953552,1189
llama31_8b,nar,13,top_magnitude_channel,0.8484310507774353,1189
llama31_8b,hadamard,14,v1,0.0012217352632433176,2932
llama31_8b,hadamard,14,v2,0.001321498304605484,2932
llama31_8b,hadamard,14,v3,0.001280062715522945,2932
llama31_8b,hadamard,14,v4,0.0009140919428318739,2932
llama31_8b,hadamard,14,v5,0.0015006420435383916,2932
llama31_8b,hadamard,14,v6,0.0010977120837196708,2932
llama31_8b,hadamard,14,v7,0.001781641854904592,2932
llama31_8b,hadamard,14,v8,0.0007418554159812629,2932
llama31_8b,hadamard,14,top_magnitude_channel,0.0,2932
llama31_8b,smoothquant_hadamard,14,v1,7.465768430847675e-05,2932
llama31_8b,smoothquant_hadamard,14,v2,7.325316983042285e-05,2932
llama31_8b,smoothquant_hadamard,14,v3,7.947029371280223e-05,2932
llama31_8b,smoothquant_hadamard,14,v4,5.642050746246241e-05,2932
llama31_8b,smoothquant_hadamard,14,v5,9.295072231907398e-05,2932
llama31_8b,smoothquant_hadamard,14,v6,6.730981840519235e-05,2932
llama31_8b,smoothquant_hadamard,14,v7,0.00010267623292747885,2932
llama31_8b,smoothquant_hadamard,14,v8,4.6261320676421747e-05,2932
llama31_8b,smoothquant_hadamard,14,top_magnitude_channel,0.0,2932
llama31_8b,duquant_style,14,v1,0.7041307687759399,2932
llama31_8b,duquant_style,14,v2,0.7546191215515137,2932
llama31_8b,duquant_style,14,v3,0.7468043565750122,2932
llama31_8b,duquant_style,14,v4,0.7401610016822815,2932
llama31_8b,duquant_style,14,v5,0.6965181827545166,2932
llama31_8b,duquant_style,14,v6,0.7806552648544312,2932
llama31_8b,duquant_style,14,v7,0.7895963191986084,2932
llama31_8b,duquant_style,14,v8,0.8232269287109375,2932
llama31_8b,duquant_style,14,top_magnitude_channel,0.9999999403953552,2932
llama31_8b,nar,14,v1,0.9999999403953552,2932
llama31_8b,nar,14,v2,0.9999999403953552,2932
llama31_8b,nar,14,v3,0.9999999403953552,2932
llama31_8b,nar,14,v4,0.9999998807907104,2932
llama31_8b,nar,14,v5,0.9999999403953552,2932
llama31_8b,nar,14,v6,0.9999999403953552,2932
llama31_8b,nar,14,v7,0.9999998211860657,2932
llama31_8b,nar,14,v8,1.000000238418579,2932
llama31_8b,nar,14,top_magnitude_channel,0.8429197072982788,2932
llama31_8b,hadamard,15,v1,0.001267258427105844,2932
llama31_8b,hadamard,15,v2,0.0016135330079123378,2932
llama31_8b,hadamard,15,v3,0.002020954852923751,2932
llama31_8b,hadamard,15,v4,0.001614676322788,2932
llama31_8b,hadamard,15,v5,0.0023028196301311255,2932
llama31_8b,hadamard,15,v6,0.0012110413517802954,2932
llama31_8b,hadamard,15,v7,0.0023885846603661776,2932
llama31_8b,hadamard,15,v8,0.001408312702551484,2932
llama31_8b,hadamard,15,top_magnitude_channel,0.0,2932
llama31_8b,smoothquant_hadamard,15,v1,7.848814857425168e-05,2932
llama31_8b,smoothquant_hadamard,15,v2,8.930169860832393e-05,2932
llama31_8b,smoothquant_hadamard,15,v3,0.0001270734501304105,2932
llama31_8b,smoothquant_hadamard,15,v4,9.810771734919399e-05,2932
llama31_8b,smoothquant_hadamard,15,v5,0.00013824629422742873,2932
llama31_8b,smoothquant_hadamard,15,v6,7.75853477534838e-05,2932
llama31_8b,smoothquant_hadamard,15,v7,0.0001365247298963368,2932
llama31_8b,smoothquant_hadamard,15,v8,8.731293928576633e-05,2932
llama31_8b,smoothquant_hadamard,15,top_magnitude_channel,0.0,2932
llama31_8b,duquant_style,15,v1,0.6735252141952515,2932
llama31_8b,duquant_style,15,v2,0.7612406611442566,2932
llama31_8b,duquant_style,15,v3,0.651099443435669,2932
llama31_8b,duquant_style,15,v4,0.7670257091522217,2932
llama31_8b,duquant_style,15,v5,0.6636662483215332,2932
llama31_8b,duquant_style,15,v6,0.7816789746284485,2932
llama31_8b,duquant_style,15,v7,0.7186523675918579,2932
llama31_8b,duquant_style,15,v8,0.7178674936294556,2932
llama31_8b,duquant_style,15,top_magnitude_channel,0.9999999403953552,2932
llama31_8b,nar,15,v1,1.000000238418579,2932
llama31_8b,nar,15,v2,1.0000003576278687,2932
llama31_8b,nar,15,v3,0.9999998211860657,2932
llama31_8b,nar,15,v4,0.9999999403953552,2932
llama31_8b,nar,15,v5,1.0000001192092896,2932
llama31_8b,nar,15,v6,0.9999998807907104,2932
llama31_8b,nar,15,v7,1.0,2932
llama31_8b,nar,15,v8,1.000000238418579,2932
llama31_8b,nar,15,top_magnitude_channel,0.8725243806838989,2932
llama31_8b,hadamard,16,v1,0.0011688059894368052,2932
llama31_8b,hadamard,16,v2,0.0013555794721469283,2932
llama31_8b,hadamard,16,v3,0.0008957427344284952,2932
llama31_8b,hadamard,16,v4,0.001649519894272089,2932
llama31_8b,hadamard,16,v5,0.0019387269858270884,2932
llama31_8b,hadamard,16,v6,0.0010396832367405295,2932
llama31_8b,hadamard,16,v7,0.0013828389346599579,2932
llama31_8b,hadamard,16,v8,0.0010279222624376416,2932
llama31_8b,hadamard,16,top_magnitude_channel,0.0,2932
llama31_8b,smoothquant_hadamard,16,v1,6.903280882397667e-05,2932
llama31_8b,smoothquant_hadamard,16,v2,7.50718463677913e-05,2932
llama31_8b,smoothquant_hadamard,16,v3,5.6519958889111876e-05,2932
llama31_8b,smoothquant_hadamard,16,v4,9.238252823706716e-05,2932
llama31_8b,smoothquant_hadamard,16,v5,0.00011085001460742205,2932
llama31_8b,smoothquant_hadamard,16,v6,6.508881779154763e-05,2932
llama31_8b,smoothquant_hadamard,16,v7,8.431924652541056e-05,2932
llama31_8b,smoothquant_hadamard,16,v8,6.205467798281461e-05,2932
llama31_8b,smoothquant_hadamard,16,top_magnitude_channel,0.0,2932
llama31_8b,duquant_style,16,v1,0.6707122921943665,2932
llama31_8b,duquant_style,16,v2,0.7599323391914368,2932
llama31_8b,duquant_style,16,v3,0.7216789722442627,2932
llama31_8b,duquant_style,16,v4,0.7406794428825378,2932
llama31_8b,duquant_style,16,v5,0.7215432524681091,2932
llama31_8b,duquant_style,16,v6,0.7030779123306274,2932
llama31_8b,duquant_style,16,v7,0.7979938387870789,2932
llama31_8b,duquant_style,16,v8,0.7693255543708801,2932
llama31_8b,duquant_style,16,top_magnitude_channel,0.9999999403953552,2932
llama31_8b,nar,16,v1,0.9999999403953552,2932
llama31_8b,nar,16,v2,1.000000238418579,2932
llama31_8b,nar,16,v3,0.9999999403953552,2932
llama31_8b,nar,16,v4,1.0,2932
llama31_8b,nar,16,v5,0.9999999403953552,2932
llama31_8b,nar,16,v6,1.0,2932
llama31_8b,nar,16,v7,1.0,2932
llama31_8b,nar,16,v8,1.0,2932
llama31_8b,nar,16,top_magnitude_channel,0.8722332119941711,2932
llama31_8b,hadamard,17,v1,0.0014670748496428132,2932
llama31_8b,hadamard,17,v2,0.002254603197798133,2932
llama31_8b,hadamard,17,v3,0.0020846815314143896,2932
llama31_8b,hadamard,17,v4,0.0019122610101476312,2932
llama31_8b,hadamard,17,v5,0.001429791678674519,2932
llama31_8b,hadamard,17,v6,0.0017086428124457598,2932
llama31_8b,hadamard,17,v7,0.0014671466778963804,2932
llama31_8b,hadamard,17,v8,0.005505871027708054,2932
llama31_8b,hadamard,17,top_magnitude_channel,0.0,2932
llama31_8b,smoothquant_hadamard,17,v1,7.65305376262404e-05,2932
llama31_8b,smoothquant_hadamard,17,v2,0.00011234416160732508,2932
llama31_8b,smoothquant_hadamard,17,v3,0.00010737571574281901,2932
llama31_8b,smoothquant_hadamard,17,v4,9.650635183788836e-05,2932
llama31_8b,smoothquant_hadamard,17,v5,7.884065416874364e-05,2932
llama31_8b,smoothquant_hadamard,17,v6,0.0001009411716950126,2932
llama31_8b,smoothquant_hadamard,17,v7,8.174899267032743e-05,2932
llama31_8b,smoothquant_hadamard,17,v8,0.00021949101937934756,2932
llama31_8b,smoothquant_hadamard,17,top_magnitude_channel,0.0,2932
llama31_8b,duquant_style,17,v1,0.6240739822387695,2932
llama31_8b,duquant_style,17,v2,0.7226324677467346,2932
llama31_8b,duquant_style,17,v3,0.5031919479370117,2932
llama31_8b,duquant_style,17,v4,0.7099277377128601,2932
llama31_8b,duquant_style,17,v5,0.7093992233276367,2932
llama31_8b,duquant_style,17,v6,0.6854265332221985,2932
llama31_8b,duquant_style,17,v7,0.7034302353858948,2932
llama31_8b,duquant_style,17,v8,0.5774749517440796,2932
llama31_8b,duquant_style,17,top_magnitude_channel,0.9999999403953552,2932
llama31_8b,nar,17,v1,1.0000003576278687,2932
llama31_8b,nar,17,v2,1.0,2932
llama31_8b,nar,17,v3,0.9999995827674866,2932
llama31_8b,nar,17,v4,0.9999998807907104,2932
llama31_8b,nar,17,v5,1.0000001192092896,2932
llama31_8b,nar,17,v6,1.0,2932
llama31_8b,nar,17,v7,0.9999999403953552,2932
llama31_8b,nar,17,v8,0.9999999403953552,2932
llama31_8b,nar,17,top_magnitude_channel,0.8655064105987549,2932
llama31_8b,hadamard,18,v1,0.0016352733364328742,2932
llama31_8b,hadamard,18,v2,0.002706085331737995,2932
llama31_8b,hadamard,18,v3,0.002284102840349078,2932
llama31_8b,hadamard,18,v4,0.0013704634038731456,2932
llama31_8b,hadamard,18,v5,0.0011514846701174974,2932
llama31_8b,hadamard,18,v6,0.0016134341713041067,2932
llama31_8b,hadamard,18,v7,0.0019128855783492327,2932
llama31_8b,hadamard,18,v8,0.003428862662985921,2932
llama31_8b,hadamard,18,top_magnitude_channel,0.0,2932
llama31_8b,smoothquant_hadamard,18,v1,8.527874160790816e-05,2932
llama31_8b,smoothquant_hadamard,18,v2,0.00011853233445435762,2932
llama31_8b,smoothquant_hadamard,18,v3,0.00011152950173709542,2932
llama31_8b,smoothquant_hadamard,18,v4,7.364887278527021e-05,2932
llama31_8b,smoothquant_hadamard,18,v5,6.624720845138654e-05,2932
llama31_8b,smoothquant_hadamard,18,v6,9.526722715236247e-05,2932
llama31_8b,smoothquant_hadamard,18,v7,0.00010346310591557994,2932
llama31_8b,smoothquant_hadamard,18,v8,0.00014660482702311128,2932
llama31_8b,smoothquant_hadamard,18,top_magnitude_channel,0.0,2932
llama31_8b,duquant_style,18,v1,0.5731316804885864,2932
llama31_8b,duquant_style,18,v2,0.6802728772163391,2932
llama31_8b,duquant_style,18,v3,0.40738174319267273,2932
llama31_8b,duquant_style,18,v4,0.7221221923828125,2932
llama31_8b,duquant_style,18,v5,0.6392419934272766,2932
llama31_8b,duquant_style,18,v6,0.7382051348686218,2932
llama31_8b,duquant_style,18,v7,0.6449989080429077,2932
llama31_8b,duquant_style,18,v8,0.5976114273071289,2932
llama31_8b,duquant_style,18,top_magnitude_channel,0.9999999403953552,2932
llama31_8b,nar,18,v1,1.0,2932
llama31_8b,nar,18,v2,1.0000001192092896,2932
llama31_8b,nar,18,v3,1.0000001192092896,2932
llama31_8b,nar,18,v4,1.000000238418579,2932
llama31_8b,nar,18,v5,0.9999998211860657,2932
llama31_8b,nar,18,v6,1.0,2932
llama31_8b,nar,18,v7,0.9999999403953552,2932
llama31_8b,nar,18,v8,0.9999999403953552,2932
llama31_8b,nar,18,top_magnitude_channel,0.8717924356460571,2932
llama31_8b,hadamard,19,v1,0.0020860210061073303,2932
llama31_8b,hadamard,19,v2,0.00466465950012207,2932
llama31_8b,hadamard,19,v3,0.001936902990564704,2932
llama31_8b,hadamard,19,v4,0.0016950333956629038,2932
llama31_8b,hadamard,19,v5,0.0010830742539837956,2932
llama31_8b,hadamard,19,v6,0.0022732592187821865,2932
llama31_8b,hadamard,19,v7,0.0028714861255139112,2932
llama31_8b,hadamard,19,v8,0.007146036252379417,2932
llama31_8b,hadamard,19,top_magnitude_channel,0.0,2932
llama31_8b,smoothquant_hadamard,19,v1,8.969067130237818e-05,2932
llama31_8b,smoothquant_hadamard,19,v2,0.00016997853526845574,2932
llama31_8b,smoothquant_hadamard,19,v3,9.914054680848494e-05,2932
llama31_8b,smoothquant_hadamard,19,v4,9.155992302112281e-05,2932
llama31_8b,smoothquant_hadamard,19,v5,6.172862049425021e-05,2932
llama31_8b,smoothquant_hadamard,19,v6,0.00011946053564315662,2932
llama31_8b,smoothquant_hadamard,19,v7,0.00011983159492956474,2932
llama31_8b,smoothquant_hadamard,19,v8,0.00023639936989638954,2932
llama31_8b,smoothquant_hadamard,19,top_magnitude_channel,0.0,2932
llama31_8b,duquant_style,19,v1,0.5538549423217773,2932
llama31_8b,duquant_style,19,v2,0.6151509881019592,2932
llama31_8b,duquant_style,19,v3,0.3955713212490082,2932
llama31_8b,duquant_style,19,v4,0.6540316939353943,2932
llama31_8b,duquant_style,19,v5,0.5352669954299927,2932
llama31_8b,duquant_style,19,v6,0.6193140745162964,2932
llama31_8b,duquant_style,19,v7,0.6533691883087158,2932
llama31_8b,duquant_style,19,v8,0.5547441244125366,2932
llama31_8b,duquant_style,19,top_magnitude_channel,0.9999999403953552,2932
llama31_8b,nar,19,v1,0.9999999403953552,2932
llama31_8b,nar,19,v2,0.9999999403953552,2932
llama31_8b,nar,19,v3,1.000000238418579,2932
llama31_8b,nar,19,v4,0.9999995827674866,2932
llama31_8b,nar,19,v5,1.000000238418579,2932
llama31_8b,nar,19,v6,0.9999999403953552,2932
llama31_8b,nar,19,v7,0.9999999403953552,2932
llama31_8b,nar,19,v8,1.0000005960464478,2932
llama31_8b,nar,19,top_magnitude_channel,0.8565231561660767,2932
llama31_8b,hadamard,20,v1,0.00231906003318727,2932
llama31_8b,hadamard,20,v2,0.0062490846030414104,2932
llama31_8b,hadamard,20,v3,0.001693788100965321,2932
llama31_8b,hadamard,20,v4,0.0013836858561262488,2932
llama31_8b,hadamard,20,v5,0.001059408183209598,2932
llama31_8b,hadamard,20,v6,0.006007942371070385,2932
llama31_8b,hadamard,20,v7,0.0016151809832081199,2932
llama31_8b,hadamard,20,v8,0.0037811249494552612,2932
llama31_8b,hadamard,20,top_magnitude_channel,0.0,2932
llama31_8b,smoothquant_hadamard,20,v1,8.765142410993576e-05,2932
llama31_8b,smoothquant_hadamard,20,v2,0.00019304727902635932,2932
llama31_8b,smoothquant_hadamard,20,v3,9.490818774793297e-05,2932
llama31_8b,smoothquant_hadamard,20,v4,7.726612966507673e-05,2932
llama31_8b,smoothquant_hadamard,20,v5,5.940936171100475e-05,2932
llama31_8b,smoothquant_hadamard,20,v6,0.00019340116705279797,2932
llama31_8b,smoothquant_hadamard,20,v7,9.055546252056956e-05,2932
llama31_8b,smoothquant_hadamard,20,v8,0.00013129993749316782,2932
llama31_8b,smoothquant_hadamard,20,top_magnitude_channel,0.0,2932
llama31_8b,duquant_style,20,v1,0.6127071380615234,2932
llama31_8b,duquant_style,20,v2,0.5983240008354187,2932
llama31_8b,duquant_style,20,v3,0.4434242248535156,2932
llama31_8b,duquant_style,20,v4,0.704270601272583,2932
llama31_8b,duquant_style,20,v5,0.5230274200439453,2932
llama31_8b,duquant_style,20,v6,0.6514776349067688,2932
llama31_8b,duquant_style,20,v7,0.6879381537437439,2932
llama31_8b,duquant_style,20,v8,0.5696981549263,2932
llama31_8b,duquant_style,20,top_magnitude_channel,0.9999999403953552,2932
llama31_8b,nar,20,v1,1.0000001192092896,2932
llama31_8b,nar,20,v2,0.9999996423721313,2932
llama31_8b,nar,20,v3,0.9999999403953552,2932
llama31_8b,nar,20,v4,0.9999998211860657,2932
llama31_8b,nar,20,v5,1.0,2932
llama31_8b,nar,20,v6,0.9999998807907104,2932
llama31_8b,nar,20,v7,0.9999998807907104,2932
llama31_8b,nar,20,v8,1.0000001192092896,2932
llama31_8b,nar,20,top_magnitude_channel,0.8404438495635986,2932
llama31_8b,hadamard,21,v1,0.003403302514925599,291
llama31_8b,hadamard,21,v2,0.007748323027044535,291
llama31_8b,hadamard,21,v3,0.002717143390327692,291
llama31_8b,hadamard,21,v4,0.0018250526627525687,291
llama31_8b,hadamard,21,v5,0.001452900585718453,291
llama31_8b,hadamard,21,v6,0.003842896083369851,291
llama31_8b,hadamard,21,v7,0.009569755755364895,291
llama31_8b,hadamard,21,v8,0.001209184410981834,291
llama31_8b,hadamard,21,top_magnitude_channel,0.0,291
llama31_8b,smoothquant_hadamard,21,v1,9.114243584917858e-05,291
llama31_8b,smoothquant_hadamard,21,v2,0.00019413190602790564,291
llama31_8b,smoothquant_hadamard,21,v3,0.00010763658792711794,291
llama31_8b,smoothquant_hadamard,21,v4,9.083015902433544e-05,291
llama31_8b,smoothquant_hadamard,21,v5,8.448718290310353e-05,291
llama31_8b,smoothquant_hadamard,21,v6,0.00012747259461320937,291
llama31_8b,smoothquant_hadamard,21,v7,0.00023735762806609273,291
llama31_8b,smoothquant_hadamard,21,v8,6.768211460439488e-05,291
llama31_8b,smoothquant_hadamard,21,top_magnitude_channel,0.0,291
llama31_8b,duquant_style,21,v1,0.6059322357177734,291
llama31_8b,duquant_style,21,v2,0.6173310875892639,291
llama31_8b,duquant_style,21,v3,0.4340527057647705,291
llama31_8b,duquant_style,21,v4,0.6607584357261658,291
llama31_8b,duquant_style,21,v5,0.5066580176353455,291
llama31_8b,duquant_style,21,v6,0.5899658203125,291
llama31_8b,duquant_style,21,v7,0.6214564442634583,291
llama31_8b,duquant_style,21,v8,0.635101318359375,291
llama31_8b,duquant_style,21,top_magnitude_channel,0.9999999403953552,291
llama31_8b,nar,21,v1,1.000000238418579,291
llama31_8b,nar,21,v2,0.9999999403953552,291
llama31_8b,nar,21,v3,0.9999999403953552,291
llama31_8b,nar,21,v4,0.9999998211860657,291
llama31_8b,nar,21,v5,0.9999999403953552,291
llama31_8b,nar,21,v6,1.000000238418579,291
llama31_8b,nar,21,v7,1.0,291
llama31_8b,nar,21,v8,1.0,291
llama31_8b,nar,21,top_magnitude_channel,0.7135621309280396,291
llama31_8b,hadamard,22,v1,0.0029416847974061966,2932
llama31_8b,hadamard,22,v2,0.005727207753807306,2932
llama31_8b,hadamard,22,v3,0.0017204212490469217,2932
llama31_8b,hadamard,22,v4,0.001894543063826859,2932
llama31_8b,hadamard,22,v5,0.0013905009254813194,2932
llama31_8b,hadamard,22,v6,0.0041374461725354195,2932
llama31_8b,hadamard,22,v7,0.007155400700867176,2932
llama31_8b,hadamard,22,v8,0.0012047369964420795,2932
llama31_8b,hadamard,22,top_magnitude_channel,0.0,2932
llama31_8b,smoothquant_hadamard,22,v1,7.677509711356834e-05,2932
llama31_8b,smoothquant_hadamard,22,v2,0.000149915213114582,2932
llama31_8b,smoothquant_hadamard,22,v3,8.015071216505021e-05,2932
llama31_8b,smoothquant_hadamard,22,v4,7.599023956572637e-05,2932
llama31_8b,smoothquant_hadamard,22,v5,6.561496411450207e-05,2932
llama31_8b,smoothquant_hadamard,22,v6,0.00012594372674357146,2932
llama31_8b,smoothquant_hadamard,22,v7,0.00019516950123943388,2932
llama31_8b,smoothquant_hadamard,22,v8,6.210172432474792e-05,2932
llama31_8b,smoothquant_hadamard,22,top_magnitude_channel,0.0,2932
llama31_8b,duquant_style,22,v1,0.6222442984580994,2932
llama31_8b,duquant_style,22,v2,0.572314441204071,2932
llama31_8b,duquant_style,22,v3,0.45818254351615906,2932
llama31_8b,duquant_style,22,v4,0.7183632850646973,2932
llama31_8b,duquant_style,22,v5,0.5380219221115112,2932
llama31_8b,duquant_style,22,v6,0.6200255155563354,2932
llama31_8b,duquant_style,22,v7,0.6280652284622192,2932
llama31_8b,duquant_style,22,v8,0.6237612366676331,2932
llama31_8b,duquant_style,22,top_magnitude_channel,0.9999999403953552,2932
llama31_8b,nar,22,v1,1.0,2932
llama31_8b,nar,22,v2,0.9999998807907104,2932
llama31_8b,nar,22,v3,1.0000001192092896,2932
llama31_8b,nar,22,v4,0.9999992847442627,2932
llama31_8b,nar,22,v5,1.0000001192092896,2932
llama31_8b,nar,22,v6,0.9999999403953552,2932
llama31_8b,nar,22,v7,0.9999998807907104,2932
llama31_8b,nar,22,v8,0.9999998807907104,2932
llama31_8b,nar,22,top_magnitude_channel,0.8550887703895569,2932
llama31_8b,hadamard,23,v1,0.0026855270843952894,2932
llama31_8b,hadamard,23,v2,0.006839487701654434,2932
llama31_8b,hadamard,23,v3,0.007862650789320469,2932
llama31_8b,hadamard,23,v4,0.0025492243003100157,2932
llama31_8b,hadamard,23,v5,0.002380440244451165,2932
llama31_8b,hadamard,23,v6,0.0028310713823884726,2932
llama31_8b,hadamard,23,v7,0.012424781918525696,2932
llama31_8b,hadamard,23,v8,0.0019201877294108272,2932
llama31_8b,hadamard,23,top_magnitude_channel,0.0,2932
llama31_8b,smoothquant_hadamard,23,v1,6.554434366989881e-05,2932
llama31_8b,smoothquant_hadamard,23,v2,0.00020490291353780776,2932
llama31_8b,smoothquant_hadamard,23,v3,0.0001791922841221094,2932
llama31_8b,smoothquant_hadamard,23,v4,0.00010339063737774268,2932
llama31_8b,smoothquant_hadamard,23,v5,0.00010947840928565711,2932
llama31_8b,smoothquant_hadamard,23,v6,0.00012231225264258683,2932
llama31_8b,smoothquant_hadamard,23,v7,0.0002709560503717512,2932
llama31_8b,smoothquant_hadamard,23,v8,9.32295952225104e-05,2932
llama31_8b,smoothquant_hadamard,23,top_magnitude_channel,0.0,2932
llama31_8b,duquant_style,23,v1,0.5846663117408752,2932
llama31_8b,duquant_style,23,v2,0.3877878189086914,2932
llama31_8b,duquant_style,23,v3,0.4806380867958069,2932
llama31_8b,duquant_style,23,v4,0.4143783152103424,2932
llama31_8b,duquant_style,23,v5,0.5435405969619751,2932
llama31_8b,duquant_style,23,v6,0.5429977774620056,2932
llama31_8b,duquant_style,23,v7,0.6097215414047241,2932
llama31_8b,duquant_style,23,v8,0.5333588123321533,2932
llama31_8b,duquant_style,23,top_magnitude_channel,0.9999999403953552,2932
llama31_8b,nar,23,v1,0.9999999403953552,2932
llama31_8b,nar,23,v2,1.0000003576278687,2932
llama31_8b,nar,23,v3,1.0000001192092896,2932
llama31_8b,nar,23,v4,1.0000001192092896,2932
llama31_8b,nar,23,v5,1.0000003576278687,2932
llama31_8b,nar,23,v6,0.9999999403953552,2932
llama31_8b,nar,23,v7,0.9999998211860657,2932
llama31_8b,nar,23,v8,1.0000001192092896,2932
llama31_8b,nar,23,top_magnitude_channel,0.7983782291412354,2932
llama31_8b,hadamard,24,v1,0.003320089541375637,2932
llama31_8b,hadamard,24,v2,0.009165816009044647,2932
llama31_8b,hadamard,24,v3,0.006447107531130314,2932
llama31_8b,hadamard,24,v4,0.001764768618158996,2932
llama31_8b,hadamard,24,v5,0.0028028537053614855,2932
llama31_8b,hadamard,24,v6,0.00625619338825345,2932
llama31_8b,hadamard,24,v7,0.004863089881837368,2932
llama31_8b,hadamard,24,v8,0.005353332497179508,2932
llama31_8b,hadamard,24,top_magnitude_channel,0.0,2932
llama31_8b,smoothquant_hadamard,24,v1,7.631818880327046e-05,2932
llama31_8b,smoothquant_hadamard,24,v2,0.00023123448772821575,2932
llama31_8b,smoothquant_hadamard,24,v3,0.00016119932115543634,2932
llama31_8b,smoothquant_hadamard,24,v4,7.42435222491622e-05,2932
llama31_8b,smoothquant_hadamard,24,v5,0.00011002673272741958,2932
llama31_8b,smoothquant_hadamard,24,v6,0.00019737072580028325,2932
llama31_8b,smoothquant_hadamard,24,v7,0.00014696303696837276,2932
llama31_8b,smoothquant_hadamard,24,v8,0.0001404916838509962,2932
llama31_8b,smoothquant_hadamard,24,top_magnitude_channel,0.0,2932
llama31_8b,duquant_style,24,v1,0.6196082830429077,2932
llama31_8b,duquant_style,24,v2,0.4609764814376831,2932
llama31_8b,duquant_style,24,v3,0.3855331838130951,2932
llama31_8b,duquant_style,24,v4,0.6653270721435547,2932
llama31_8b,duquant_style,24,v5,0.3455565273761749,2932
llama31_8b,duquant_style,24,v6,0.5238528251647949,2932
llama31_8b,duquant_style,24,v7,0.6754506230354309,2932
llama31_8b,duquant_style,24,v8,0.5542003512382507,2932
llama31_8b,duquant_style,24,top_magnitude_channel,0.9999999403953552,2932
llama31_8b,nar,24,v1,1.0000001192092896,2932
llama31_8b,nar,24,v2,0.9999998807907104,2932
llama31_8b,nar,24,v3,0.9999999403953552,2932
llama31_8b,nar,24,v4,0.9999999403953552,2932
llama31_8b,nar,24,v5,1.000000238418579,2932
llama31_8b,nar,24,v6,1.0,2932
llama31_8b,nar,24,v7,1.0000003576278687,2932
llama31_8b,nar,24,v8,1.000000238418579,2932
llama31_8b,nar,24,top_magnitude_channel,0.8152194023132324,2932
llama31_8b,hadamard,25,v1,0.004744439385831356,2932
llama31_8b,hadamard,25,v2,0.011637379415333271,2932
llama31_8b,hadamard,25,v3,0.004010897129774094,2932
llama31_8b,hadamard,25,v4,0.004350244998931885,2932
llama31_8b,hadamard,25,v5,0.0020665989723056555,2932
llama31_8b,hadamard,25,v6,0.004075454548001289,2932
llama31_8b,hadamard,25,v7,0.012618320994079113,2932
llama31_8b,hadamard,25,v8,0.0054212710820138454,2932
llama31_8b,hadamard,25,top_magnitude_channel,0.0,2932
llama31_8b,smoothquant_hadamard,25,v1,0.00012609889381565154,2932
llama31_8b,smoothquant_hadamard,25,v2,0.00033364497357979417,2932
llama31_8b,smoothquant_hadamard,25,v3,0.0001385233917972073,2932
llama31_8b,smoothquant_hadamard,25,v4,0.00016013557615224272,2932
llama31_8b,smoothquant_hadamard,25,v5,8.311962301377207e-05,2932
llama31_8b,smoothquant_hadamard,25,v6,0.00016094821330625564,2932
llama31_8b,smoothquant_hadamard,25,v7,0.0003651341830845922,2932
llama31_8b,smoothquant_hadamard,25,v8,0.00017817126354202628,2932
llama31_8b,smoothquant_hadamard,25,top_magnitude_channel,0.0,2932
llama31_8b,duquant_style,25,v1,0.5764597058296204,2932
llama31_8b,duquant_style,25,v2,0.41591766476631165,2932
llama31_8b,duquant_style,25,v3,0.317434698343277,2932
llama31_8b,duquant_style,25,v4,0.2713373303413391,2932
llama31_8b,duquant_style,25,v5,0.5995969176292419,2932
llama31_8b,duquant_style,25,v6,0.42855650186538696,2932
llama31_8b,duquant_style,25,v7,0.5510967969894409,2932
llama31_8b,duquant_style,25,v8,0.48112261295318604,2932
llama31_8b,duquant_style,25,top_magnitude_channel,0.9999999403953552,2932
llama31_8b,nar,25,v1,1.0000001192092896,2932
llama31_8b,nar,25,v2,1.000000238418579,2932
llama31_8b,nar,25,v3,0.9999999403953552,2932
llama31_8b,nar,25,v4,1.0000001192092896,2932
llama31_8b,nar,25,v5,0.999999463558197,2932
llama31_8b,nar,25,v6,0.9999998211860657,2932
llama31_8b,nar,25,v7,0.9999998807907104,2932
llama31_8b,nar,25,v8,0.9999998807907104,2932
llama31_8b,nar,25,top_magnitude_channel,0.7666633129119873,2932
llama31_8b,hadamard,26,v1,0.005477630067616701,2932
llama31_8b,hadamard,26,v2,0.013597782701253891,2932
llama31_8b,hadamard,26,v3,0.0017761426279321313,2932
llama31_8b,hadamard,26,v4,0.002479134127497673,2932
llama31_8b,hadamard,26,v5,0.0026921737007796764,2932
llama31_8b,hadamard,26,v6,0.002146694343537092,2932
llama31_8b,hadamard,26,v7,0.002304365858435631,2932
llama31_8b,hadamard,26,v8,0.004034868907183409,2932
llama31_8b,hadamard,26,top_magnitude_channel,0.0,2932
llama31_8b,smoothquant_hadamard,26,v1,0.00013272403157316148,2932
llama31_8b,smoothquant_hadamard,26,v2,0.00033443939173594117,2932
llama31_8b,smoothquant_hadamard,26,v3,9.153982682619244e-05,2932
llama31_8b,smoothquant_hadamard,26,v4,0.00010455527808517218,2932
llama31_8b,smoothquant_hadamard,26,v5,9.74556096480228e-05,2932
llama31_8b,smoothquant_hadamard,26,v6,9.399699047207832e-05,2932
llama31_8b,smoothquant_hadamard,26,v7,0.00010008295066654682,2932
llama31_8b,smoothquant_hadamard,26,v8,0.00011799581989180297,2932
llama31_8b,smoothquant_hadamard,26,top_magnitude_channel,0.0,2932
llama31_8b,duquant_style,26,v1,0.6567659974098206,2932
llama31_8b,duquant_style,26,v2,0.40861138701438904,2932
llama31_8b,duquant_style,26,v3,0.40002569556236267,2932
llama31_8b,duquant_style,26,v4,0.35114380717277527,2932
llama31_8b,duquant_style,26,v5,0.5985519886016846,2932
llama31_8b,duquant_style,26,v6,0.5536673665046692,2932
llama31_8b,duquant_style,26,v7,0.5244042873382568,2932
llama31_8b,duquant_style,26,v8,0.618733286857605,2932
llama31_8b,duquant_style,26,top_magnitude_channel,0.9999999403953552,2932
llama31_8b,nar,26,v1,1.0000001192092896,2932
llama31_8b,nar,26,v2,0.9999997615814209,2932
llama31_8b,nar,26,v3,0.9999996423721313,2932
llama31_8b,nar,26,v4,0.9999999403953552,2932
llama31_8b,nar,26,v5,0.9999999403953552,2932
llama31_8b,nar,26,v6,0.9999999403953552,2932
llama31_8b,nar,26,v7,0.9999998211860657,2932
llama31_8b,nar,26,v8,0.9999999403953552,2932
llama31_8b,nar,26,top_magnitude_channel,0.8148790597915649,2932
llama31_8b,hadamard,27,v1,0.005806797184050083,2932
llama31_8b,hadamard,27,v2,0.007685869466513395,2932
llama31_8b,hadamard,27,v3,0.005870697554200888,2932
llama31_8b,hadamard,27,v4,0.004150907509028912,2932
llama31_8b,hadamard,27,v5,0.0021051394287496805,2932
llama31_8b,hadamard,27,v6,0.0030968431383371353,2932
llama31_8b,hadamard,27,v7,0.005553244147449732,2932
llama31_8b,hadamard,27,v8,0.009002759121358395,2932
llama31_8b,hadamard,27,top_magnitude_channel,0.0,2932
llama31_8b,smoothquant_hadamard,27,v1,0.00019015125872101635,2932
llama31_8b,smoothquant_hadamard,27,v2,0.0002785347169265151,2932
llama31_8b,smoothquant_hadamard,27,v3,0.00019205921853426844,2932
llama31_8b,smoothquant_hadamard,27,v4,0.0001579773670528084,2932
llama31_8b,smoothquant_hadamard,27,v5,9.023723396239802e-05,2932
llama31_8b,smoothquant_hadamard,27,v6,0.000135070615215227,2932
llama31_8b,smoothquant_hadamard,27,v7,0.00019351356604602188,2932
llama31_8b,smoothquant_hadamard,27,v8,0.0003042407624889165,2932
llama31_8b,smoothquant_hadamard,27,top_magnitude_channel,0.0,2932
llama31_8b,duquant_style,27,v1,0.5907431244850159,2932
llama31_8b,duquant_style,27,v2,0.33120089769363403,2932
llama31_8b,duquant_style,27,v3,0.37026727199554443,2932
llama31_8b,duquant_style,27,v4,0.2901071608066559,2932
llama31_8b,duquant_style,27,v5,0.5826393365859985,2932
llama31_8b,duquant_style,27,v6,0.37045741081237793,2932
llama31_8b,duquant_style,27,v7,0.5044891834259033,2932
llama31_8b,duquant_style,27,v8,0.47168606519699097,2932
llama31_8b,duquant_style,27,top_magnitude_channel,0.9999999403953552,2932
llama31_8b,nar,27,v1,1.000000238418579,2932
llama31_8b,nar,27,v2,0.9999999403953552,2932
llama31_8b,nar,27,v3,0.9999998211860657,2932
llama31_8b,nar,27,v4,0.9999998211860657,2932
llama31_8b,nar,27,v5,1.0000001192092896,2932
llama31_8b,nar,27,v6,0.9999998211860657,2932
llama31_8b,nar,27,v7,1.000000238418579,2932
llama31_8b,nar,27,v8,0.9999999403953552,2932
llama31_8b,nar,27,top_magnitude_channel,0.7919416427612305,2932
llama31_8b,hadamard,28,v1,0.0061603207141160965,2932
llama31_8b,hadamard,28,v2,0.003640363924205303,2932
llama31_8b,hadamard,28,v3,0.007301015313714743,2932
llama31_8b,hadamard,28,v4,0.004154652822762728,2932
llama31_8b,hadamard,28,v5,0.0022049739491194487,2932
llama31_8b,hadamard,28,v6,0.0023113396018743515,2932
llama31_8b,hadamard,28,v7,0.003934085834771395,2932
llama31_8b,hadamard,28,v8,0.003786884481087327,2932
llama31_8b,hadamard,28,top_magnitude_channel,0.0,2932
llama31_8b,smoothquant_hadamard,28,v1,0.0001596391957718879,2932
llama31_8b,smoothquant_hadamard,28,v2,0.00012211567081976682,2932
llama31_8b,smoothquant_hadamard,28,v3,0.00017416744958609343,2932
llama31_8b,smoothquant_hadamard,28,v4,0.00013171676255296916,2932
llama31_8b,smoothquant_hadamard,28,v5,8.297271415358409e-05,2932
llama31_8b,smoothquant_hadamard,28,v6,9.398611291544512e-05,2932
llama31_8b,smoothquant_hadamard,28,v7,0.0001366761716781184,2932
llama31_8b,smoothquant_hadamard,28,v8,0.00011258717131568119,2932
llama31_8b,smoothquant_hadamard,28,top_magnitude_channel,0.0,2932
llama31_8b,duquant_style,28,v1,0.6114823818206787,2932
llama31_8b,duquant_style,28,v2,0.30523237586021423,2932
llama31_8b,duquant_style,28,v3,0.3578526973724365,2932
llama31_8b,duquant_style,28,v4,0.25730249285697937,2932
llama31_8b,duquant_style,28,v5,0.5867481827735901,2932
llama31_8b,duquant_style,28,v6,0.43577903509140015,2932
llama31_8b,duquant_style,28,v7,0.47158101201057434,2932
llama31_8b,duquant_style,28,v8,0.4765705466270447,2932
llama31_8b,duquant_style,28,top_magnitude_channel,0.9999999403953552,2932
llama31_8b,nar,28,v1,0.9999999403953552,2932
llama31_8b,nar,28,v2,1.0000001192092896,2932
llama31_8b,nar,28,v3,0.9999999403953552,2932
llama31_8b,nar,28,v4,0.9999998807907104,2932
llama31_8b,nar,28,v5,0.9999997615814209,2932
llama31_8b,nar,28,v6,1.000000238418579,2932
llama31_8b,nar,28,v7,1.0,2932
llama31_8b,nar,28,v8,0.9999994039535522,2932
llama31_8b,nar,28,top_magnitude_channel,0.7606943249702454,2932
llama31_8b,hadamard,29,v1,0.007924501784145832,2932
llama31_8b,hadamard,29,v2,0.004460641648620367,2932
llama31_8b,hadamard,29,v3,0.007993090897798538,2932
llama31_8b,hadamard,29,v4,0.007467867340892553,2932
llama31_8b,hadamard,29,v5,0.004674200434237719,2932
llama31_8b,hadamard,29,v6,0.0035617677494883537,2932
llama31_8b,hadamard,29,v7,0.007870101369917393,2932
llama31_8b,hadamard,29,v8,0.0073542180471122265,2932
llama31_8b,hadamard,29,top_magnitude_channel,0.0,2932
llama31_8b,smoothquant_hadamard,29,v1,0.0002445306454319507,2932
llama31_8b,smoothquant_hadamard,29,v2,0.00018045616161543876,2932
llama31_8b,smoothquant_hadamard,29,v3,0.00021629396360367537,2932
llama31_8b,smoothquant_hadamard,29,v4,0.00022586689738091081,2932
llama31_8b,smoothquant_hadamard,29,v5,0.00019541346409823745,2932
llama31_8b,smoothquant_hadamard,29,v6,0.0001485375832999125,2932
llama31_8b,smoothquant_hadamard,29,v7,0.00028095339075662196,2932
llama31_8b,smoothquant_hadamard,29,v8,0.00021951533562969416,2932
llama31_8b,smoothquant_hadamard,29,top_magnitude_channel,0.0,2932
llama31_8b,duquant_style,29,v1,0.47940900921821594,2932
llama31_8b,duquant_style,29,v2,0.23152650892734528,2932
llama31_8b,duquant_style,29,v3,0.2841447591781616,2932
llama31_8b,duquant_style,29,v4,0.19555488228797913,2932
llama31_8b,duquant_style,29,v5,0.3984397053718567,2932
llama31_8b,duquant_style,29,v6,0.27976077795028687,2932
llama31_8b,duquant_style,29,v7,0.32891061902046204,2932
llama31_8b,duquant_style,29,v8,0.39877861738204956,2932
llama31_8b,duquant_style,29,top_magnitude_channel,0.9999999403953552,2932
llama31_8b,nar,29,v1,0.9999999403953552,2932
llama31_8b,nar,29,v2,0.9999997019767761,2932
llama31_8b,nar,29,v3,0.9999998807907104,2932
llama31_8b,nar,29,v4,0.9999996423721313,2932
llama31_8b,nar,29,v5,1.0,2932
llama31_8b,nar,29,v6,1.0,2932
llama31_8b,nar,29,v7,1.0,2932
llama31_8b,nar,29,v8,1.0000004768371582,2932
llama31_8b,nar,29,top_magnitude_channel,0.7135390043258667,2932
llama31_8b,hadamard,30,v1,0.00683341920375824,2932
llama31_8b,hadamard,30,v2,0.00486178370192647,2932
llama31_8b,hadamard,30,v3,0.007631984539330006,2932
llama31_8b,hadamard,30,v4,0.008039608597755432,2932
llama31_8b,hadamard,30,v5,0.004057908896356821,2932
llama31_8b,hadamard,30,v6,0.004071519710123539,2932
llama31_8b,hadamard,30,v7,0.0054793027229607105,2932
llama31_8b,hadamard,30,v8,0.012858477421104908,2932
llama31_8b,hadamard,30,top_magnitude_channel,0.0,2932
llama31_8b,smoothquant_hadamard,30,v1,0.0002057087403954938,2932
llama31_8b,smoothquant_hadamard,30,v2,0.00017504610877949744,2932
llama31_8b,smoothquant_hadamard,30,v3,0.00022404534684028476,2932
llama31_8b,smoothquant_hadamard,30,v4,0.00024546540225856006,2932
llama31_8b,smoothquant_hadamard,30,v5,0.00013455163571052253,2932
llama31_8b,smoothquant_hadamard,30,v6,0.00017333633149974048,2932
llama31_8b,smoothquant_hadamard,30,v7,0.00018335756612941623,2932
llama31_8b,smoothquant_hadamard,30,v8,0.00037032869295217097,2932
llama31_8b,smoothquant_hadamard,30,top_magnitude_channel,0.0,2932
llama31_8b,duquant_style,30,v1,0.560226559638977,2932
llama31_8b,duquant_style,30,v2,0.2938214838504791,2932
llama31_8b,duquant_style,30,v3,0.33884015679359436,2932
llama31_8b,duquant_style,30,v4,0.2513146996498108,2932
llama31_8b,duquant_style,30,v5,0.501860499382019,2932
llama31_8b,duquant_style,30,v6,0.36247313022613525,2932
llama31_8b,duquant_style,30,v7,0.41292911767959595,2932
llama31_8b,duquant_style,30,v8,0.39703160524368286,2932
llama31_8b,duquant_style,30,top_magnitude_channel,0.9999999403953552,2932
llama31_8b,nar,30,v1,0.9999998807907104,2932
llama31_8b,nar,30,v2,0.9999997615814209,2932
llama31_8b,nar,30,v3,0.9999998211860657,2932
llama31_8b,nar,30,v4,0.9999999403953552,2932
llama31_8b,nar,30,v5,0.999999463558197,2932
llama31_8b,nar,30,v6,0.9999996423721313,2932
llama31_8b,nar,30,v7,1.0000001192092896,2932
llama31_8b,nar,30,v8,1.000000238418579,2932
llama31_8b,nar,30,top_magnitude_channel,0.7094008922576904,2932
llama31_8b,hadamard,31,v1,0.0070603457279503345,1039
llama31_8b,hadamard,31,v2,0.009894467890262604,1039
llama31_8b,hadamard,31,v3,0.005580110475420952,1039
llama31_8b,hadamard,31,v4,0.007168947719037533,1039
llama31_8b,hadamard,31,v5,0.004959116689860821,1039
llama31_8b,hadamard,31,v6,0.005437035579234362,1039
llama31_8b,hadamard,31,v7,0.00538345891982317,1039
llama31_8b,hadamard,31,v8,0.014563841745257378,1039
llama31_8b,hadamard,31,top_magnitude_channel,0.0,1039
llama31_8b,smoothquant_hadamard,31,v1,0.0002935607626568526,1039
llama31_8b,smoothquant_hadamard,31,v2,0.0003760883992072195,1039
llama31_8b,smoothquant_hadamard,31,v3,0.00024373798805754632,1039
llama31_8b,smoothquant_hadamard,31,v4,0.0003068485530093312,1039
llama31_8b,smoothquant_hadamard,31,v5,0.0002411632303847,1039
llama31_8b,smoothquant_hadamard,31,v6,0.00027351765311323106,1039
llama31_8b,smoothquant_hadamard,31,v7,0.0002864933921955526,1039
llama31_8b,smoothquant_hadamard,31,v8,0.0005658032605424523,1039
llama31_8b,smoothquant_hadamard,31,top_magnitude_channel,0.0,1039
llama31_8b,duquant_style,31,v1,0.2475603222846985,1039
llama31_8b,duquant_style,31,v2,0.22911135852336884,1039
llama31_8b,duquant_style,31,v3,0.21749964356422424,1039
llama31_8b,duquant_style,31,v4,0.16827520728111267,1039
llama31_8b,duquant_style,31,v5,0.35273709893226624,1039
llama31_8b,duquant_style,31,v6,0.22940093278884888,1039
llama31_8b,duquant_style,31,v7,0.2178925722837448,1039
llama31_8b,duquant_style,31,v8,0.1997891068458557,1039
llama31_8b,duquant_style,31,top_magnitude_channel,0.9999999403953552,1039
llama31_8b,nar,31,v1,0.9999998807907104,1039
llama31_8b,nar,31,v2,1.0000001192092896,1039
llama31_8b,nar,31,v3,1.000000238418579,1039
llama31_8b,nar,31,v4,0.9999999403953552,1039
llama31_8b,nar,31,v5,1.0,1039
llama31_8b,nar,31,v6,0.9999998211860657,1039
llama31_8b,nar,31,v7,0.9999999403953552,1039
llama31_8b,nar,31,v8,1.0000001192092896,1039
llama31_8b,nar,31,top_magnitude_channel,0.3721969425678253,1039
