model,site,layer,rank,eigenvalue,fraction_total_energy,cumulative_fraction_total_energy,relative_ritz_residual
e18_smoke,down,0,1,3.3381320768709593,0.580904692013538,0.580904692013538,7.294779713178057e-06
e18_smoke,down,0,2,0.19470325672543168,0.03388243268317268,0.6147871246967106,0.001805450012101216
e18_smoke,down,0,3,0.08081687961937885,0.014063824762978438,0.628850949459689,0.01194882459695384
e18_smoke,down,0,4,0.07234714408296347,0.012589913905074513,0.6414408633647636,0.014774353428190822
e18_smoke,down,0,5,0.06699441963662887,0.011658428069784857,0.6530992914345484,0.015667537934201045
e18_smoke,down,0,6,0.0557415376483335,0.009700191608451423,0.6627994830429998,0.019977688735041098
e18_smoke,down,0,7,0.05109767129357085,0.008892061884269241,0.6716915449272691,0.02900288088886809
e18_smoke,down,0,8,0.044138971224838605,0.007681102752888606,0.6793726476801577,0.03971486126781482
e18_smoke,down,0,9,0.03289589930545063,0.0057245734484099794,0.6850972211285676,0.057958352205134206
e18_smoke,down,0,10,0.029712692940924056,0.005170629065677779,0.6902678501942454,0.05404210817565765
e18_smoke,down,0,11,0.027194109368154817,0.004732342928113898,0.6950001931223593,0.08101799649557756
e18_smoke,down,0,12,0.02445823060802956,0.004256242890146952,0.6992564360125063,0.08443680109392197
e18_smoke,down,0,13,0.021868391953281014,0.0038055568802897043,0.703061992892796,0.12218739752420253
e18_smoke,down,0,14,0.02116379399860088,0.0036829421219663912,0.7067449350147623,0.1060940063294119
e18_smoke,down,0,15,0.02067989282794853,0.0035987332129030066,0.7103436682276654,0.09221338878095969
e18_smoke,down,0,16,0.019816884884715263,0.0034485518084754496,0.7137922200361408,0.14716984795274318
e18_smoke,down,0,17,0.019049509680086354,0.003315012497675731,0.7171072325338166,0.12807251990264726
e18_smoke,down,0,18,0.01856330122059856,0.003230402072171572,0.7203376346059881,0.14014140672909794
e18_smoke,down,0,19,0.017790961776208133,0.0030959988799844967,0.7234336334859727,0.13655344941927042
e18_smoke,down,0,20,0.016905672248102886,0.002941940014480036,0.7263755735004527,0.13085624625319572
e18_smoke,down,0,21,0.016648766898741615,0.002897233118703992,0.7292728066191566,0.11911923208774962
e18_smoke,down,0,22,0.016016034983537715,0.0027871245520372134,0.7320599311711937,0.14494846621989474
e18_smoke,down,0,23,0.015276115182789565,0.0026583630548674482,0.7347182942260613,0.14675365118130854
e18_smoke,down,0,24,0.014755794464002226,0.002567816383874506,0.7372861106099358,0.14751653337369375
e18_smoke,down,0,25,0.014543809239138172,0.002530926527833668,0.7398170371377694,0.1809346426356339
e18_smoke,down,0,26,0.01394841414617928,0.0024273153479471427,0.7422443524857165,0.15278938652940816
e18_smoke,down,0,27,0.013481218083246089,0.0023460134764817873,0.7445903659621983,0.15332027922568614
e18_smoke,down,0,28,0.013454679574296413,0.002341395221717476,0.7469317611839158,0.1619569774301461
e18_smoke,down,0,29,0.012855810107561783,0.0022371794282381816,0.7491689406121541,0.16600670504107448
e18_smoke,down,0,30,0.012757636923237144,0.0022200952440025626,0.7513890358561566,0.18741261033553924
e18_smoke,down,0,31,0.012289233685848503,0.0021385832989723806,0.753527619155129,0.212957168187291
e18_smoke,down,0,32,0.012214672819265845,0.00212560815112291,0.7556532273062521,0.18531855932776423
e18_smoke,down,0,33,0.011871752837523944,0.0020659329130580956,0.7577191602193102,0.17852868478596118
e18_smoke,down,0,34,0.011229629825600473,0.001954190099446641,0.7596733503187569,0.23918594571917665
e18_smoke,down,0,35,0.011176546590505735,0.0019449525079961868,0.761618302826753,0.19982674044475454
e18_smoke,down,0,36,0.011094222055146296,0.0019306263196498708,0.7635489291464029,0.19122876189282909
e18_smoke,down,0,37,0.011000266954541316,0.0019142761700682528,0.7654632053164712,0.22099723488908696
e18_smoke,down,0,38,0.010674957597158892,0.0018576655484069027,0.767320870864878,0.2068000841309362
e18_smoke,down,0,39,0.010315049150906986,0.001795033962745076,0.769115904827623,0.1908166356624422
e18_smoke,down,0,40,0.010083005450190422,0.0017546535130221913,0.7708705583406452,0.23406568040182726
e18_smoke,down,0,41,0.00995234273704278,0.001731915472288395,0.7726024738129338,0.21544963991778818
e18_smoke,down,0,42,0.009711169215383094,0.0016899462430621911,0.7742924200559959,0.20511682375595133
e18_smoke,down,0,43,0.009679619010674045,0.0016844558485758672,0.7759768759045717,0.21333464807957817
e18_smoke,down,0,44,0.009374147104544579,0.0016312973577005565,0.7776081732622723,0.2155331473120623
e18_smoke,down,0,45,0.009177977377396316,0.0015971597285393223,0.7792053329908115,0.2310097109241976
e18_smoke,down,0,46,0.008844624326070446,0.0015391493361543258,0.7807444823269659,0.24788230004556036
e18_smoke,down,0,47,0.008615739953175192,0.0014993186754489948,0.7822438010024149,0.23554076414096614
e18_smoke,down,0,48,0.008541721523623555,0.0014864379229707035,0.7837302389253855,0.22931494660550208
e18_smoke,down,0,49,0.008371223195190743,0.0014567676532850518,0.7851870065786706,0.23928834624645218
e18_smoke,down,0,50,0.008058776224349536,0.0014023953554887323,0.7865894019341594,0.24181552918505142
e18_smoke,down,0,51,0.00797038933342839,0.0013870141906737348,0.787976416124833,0.21808521319329285
e18_smoke,down,0,52,0.007836566414194257,0.001363726208085902,0.789340142332919,0.22939742414060382
e18_smoke,down,0,53,0.007710700630042468,0.0013418229331722642,0.7906819652660912,0.22709403166476272
e18_smoke,down,0,54,0.007609612946099619,0.0013242315651392095,0.7920061968312305,0.25213030684631804
e18_smoke,down,0,55,0.007509337158558449,0.001306781484034983,0.7933129783152655,0.24714602673569758
e18_smoke,down,0,56,0.00737766273779909,0.0012838673850491288,0.7945968457003145,0.2236489673026476
e18_smoke,down,0,57,0.007257093024682414,0.0012628857370941275,0.7958597314374086,0.2532250010351194
e18_smoke,down,0,58,0.007039832258181924,0.0012250778266387405,0.7970848092640475,0.22121981912507052
e18_smoke,down,0,59,0.006955029027680774,0.00121032029357486,0.7982951295576224,0.20926738662214936
e18_smoke,down,0,60,0.006762563284632872,0.001176827234997861,0.7994719567926202,0.23763549965844766
e18_smoke,down,0,61,0.0066889920316904085,0.001164024300588012,0.8006359810932081,0.22398535338027353
e18_smoke,down,0,62,0.006565634495098362,0.0011425575131298231,0.801778538606338,0.24723884558594353
e18_smoke,down,0,63,0.0065023175090763614,0.0011315390353052988,0.8029100776416432,0.25195852173936734
e18_smoke,down,0,64,0.006369126080233117,0.0011083609452329753,0.8040184385868765,0.2247410535735352
e18_smoke,down,1,1,1521.9994435610104,0.9976262823011114,0.9976262823011114,5.0716132286955365e-08
e18_smoke,down,1,2,0.27912011918980334,0.00018295510422215502,0.9978092374053337,0.0024416198091638777
e18_smoke,down,1,3,0.16805496236707249,0.00011015513050139634,0.997919392535835,0.005629281662882906
e18_smoke,down,1,4,0.11046228239961238,7.24048071049136e-05,0.9979917973429399,0.011710045099549855
e18_smoke,down,1,5,0.07161882621719717,4.694405352387221e-05,0.9980387413964638,0.028707877923262678
e18_smoke,down,1,6,0.058258993956980296,3.8187072799396433e-05,0.9980769284692632,0.05087796314089305
e18_smoke,down,1,7,0.047135050052012226,3.0895651735224045e-05,0.9981078241209984,0.06191543647430794
e18_smoke,down,1,8,0.04432514123006089,2.9053838386666122e-05,0.9981368779593851,0.05867575751119259
e18_smoke,down,1,9,0.04165547157937722,2.730394772813061e-05,0.9981641819071132,0.062203408396033326
e18_smoke,down,1,10,0.039596434505544655,2.5954308929129696e-05,0.9981901362160422,0.07574230331579021
e18_smoke,down,1,11,0.03153155016905866,2.0668012267304098e-05,0.9982108042283097,0.12288107608690041
e18_smoke,down,1,12,0.0297439341661656,1.949628207075709e-05,0.9982303005103804,0.11323335293958996
e18_smoke,down,1,13,0.029037515740629325,1.90332453787279e-05,0.9982493337557591,0.12601527285681494
e18_smoke,down,1,14,0.02786347922328776,1.8263698654492018e-05,0.9982675974544135,0.15183034924480224
e18_smoke,down,1,15,0.02609720414129687,1.710595680969546e-05,0.9982847034112233,0.13235650291968923
e18_smoke,down,1,16,0.025814132366245437,1.6920411510212164e-05,0.9983016238227335,0.13953593204802578
e18_smoke,down,1,17,0.02404661515482498,1.5761855485771714e-05,0.9983173856782194,0.13494681271591116
e18_smoke,down,1,18,0.023809514757795785,1.5606443084918974e-05,0.9983329921213041,0.1654226438471719
e18_smoke,down,1,19,0.022607246077798914,1.4818391000782805e-05,0.9983478105123049,0.13884943874387287
e18_smoke,down,1,20,0.02240004007802293,1.46825735061697e-05,0.9983624930858113,0.1957276967575434
e18_smoke,down,1,21,0.021832711347246795,1.4310706055809415e-05,0.9983768037918671,0.1771259113272491
e18_smoke,down,1,22,0.021080760200557623,1.3817823991944518e-05,0.998390621615859,0.1711790795257845
e18_smoke,down,1,23,0.0210040040837855,1.3767512594168914e-05,0.9984043891284532,0.15910130742202844
e18_smoke,down,1,24,0.01990868706433993,1.304956420681997e-05,0.99841743869266,0.1706673673752352
e18_smoke,down,1,25,0.018901215278026576,1.2389195809870052e-05,0.9984298278884699,0.19820258189530995
e18_smoke,down,1,26,0.018328243445524302,1.2013629470775275e-05,0.9984418415179406,0.16150556190370996
e18_smoke,down,1,27,0.018020835869124934,1.1812132762683867e-05,0.9984536536507034,0.2233983384608411
e18_smoke,down,1,28,0.01769686534790875,1.159977952692981e-05,0.9984652534302302,0.20419450093999755
e18_smoke,down,1,29,0.017529971006732196,1.1490385149796857e-05,0.99847674381538,0.1903157505728558
e18_smoke,down,1,30,0.01741431467247605,1.1414575793061105e-05,0.998488158391173,0.20964408742700164
e18_smoke,down,1,31,0.016718180367018873,1.0958280042051737e-05,0.9984991166712152,0.17623860621509
e18_smoke,down,1,32,0.016489992853332955,1.0808709776498029e-05,0.9985099253809917,0.24264318720813177
e18_smoke,down,1,33,0.016042472451537625,1.0515373194421231e-05,0.9985204407541861,0.20130844136014614
e18_smoke,down,1,34,0.015758098008405174,1.0328974033972192e-05,0.99853076972822,0.21104544420054563
e18_smoke,down,1,35,0.015205988873645573,9.967082585282826e-06,0.9985407368108054,0.2136167630085903
e18_smoke,down,1,36,0.014886679414359394,9.757784539794756e-06,0.998550494595345,0.23314342764929377
e18_smoke,down,1,37,0.014582277624829958,9.55825803740423e-06,0.9985600528533823,0.21040563584698663
e18_smoke,down,1,38,0.01410188250335237,9.243373034585853e-06,0.998569296226417,0.21617084895763683
e18_smoke,down,1,39,0.013868483213779993,9.09038660181619e-06,0.9985783866130187,0.21336347389080604
e18_smoke,down,1,40,0.01377252474088848,9.027488619184822e-06,0.9985874141016381,0.2038686867839155
e18_smoke,down,1,41,0.013308139554175306,8.723097662055146e-06,0.9985961371993002,0.18215115887992292
e18_smoke,down,1,42,0.01287265757279259,8.437651913744301e-06,0.9986045748512138,0.17814608519492406
e18_smoke,down,1,43,0.012680010296515868,8.311377238125685e-06,0.998612886228452,0.2114390045858969
e18_smoke,down,1,44,0.012428817754581167,8.146727846949979e-06,0.998621032956299,0.21697404361178216
e18_smoke,down,1,45,0.012270883475991841,8.043206529735607e-06,0.9986290761628288,0.19654900599254338
e18_smoke,down,1,46,0.012070676312940952,7.91197656864101e-06,0.9986369881393975,0.232205241033748
e18_smoke,down,1,47,0.011887406651192178,7.791848646070135e-06,0.9986447799880435,0.23021522630881
e18_smoke,down,1,48,0.011794093468613931,7.73068457415207e-06,0.9986525106726176,0.23434454754573902
e18_smoke,down,1,49,0.011528471246416337,7.556576948062833e-06,0.9986600672495657,0.2044677950187252
e18_smoke,down,1,50,0.011366830485975657,7.4506261400063805e-06,0.9986675178757057,0.24393872065719066
e18_smoke,down,1,51,0.011313678290210101,7.415786424603025e-06,0.9986749336621303,0.22794268597774903
e18_smoke,down,1,52,0.011194216451286055,7.337482670454594e-06,0.9986822711448008,0.21294058576063993
e18_smoke,down,1,53,0.011114979027377615,7.285544848159506e-06,0.9986895566896489,0.2577996253587131
e18_smoke,down,1,54,0.010949677135908721,7.177194275403962e-06,0.9986967338839243,0.2243890919163028
e18_smoke,down,1,55,0.010825696101805737,7.095928320510694e-06,0.9987038298122448,0.23437325797722663
e18_smoke,down,1,56,0.010420459669571858,6.830307648274065e-06,0.9987106601198931,0.2307944139397261
e18_smoke,down,1,57,0.0102589742375071,6.724458653441568e-06,0.9987173845785465,0.21793605681900735
e18_smoke,down,1,58,0.010070677017906069,6.601035313207816e-06,0.9987239856138598,0.26533510495868484
e18_smoke,down,1,59,0.009917943133449425,6.500922702801476e-06,0.9987304865365625,0.24983615970698497
e18_smoke,down,1,60,0.009813274069121252,6.432315181320825e-06,0.9987369188517438,0.23365040959062816
e18_smoke,down,1,61,0.009516274861741862,6.2376408558092196e-06,0.9987431564925995,0.2618392623501576
e18_smoke,down,1,62,0.009339321160141927,6.12165286106099e-06,0.9987492781454607,0.23029640197633036
e18_smoke,down,1,63,0.009271031410074813,6.0768909199400854e-06,0.9987553550363806,0.2532799754110231
e18_smoke,down,1,64,0.009189978231459346,6.0237629233478876e-06,0.998761378799304,0.24605352221049642
e18_smoke,qkv,0,1,20.42577800020937,0.19963234696675183,0.19963234696675183,0.002314975503105131
e18_smoke,qkv,0,2,7.465176084944554,0.07296126602092089,0.2725936129876727,0.01531875200661343
e18_smoke,qkv,0,3,3.888115611424128,0.038000689363152276,0.31059430235082497,0.04118509800022661
e18_smoke,qkv,0,4,3.1693338470264516,0.030975640398939498,0.34156994274976443,0.05145709289053092
e18_smoke,qkv,0,5,2.1421668506037377,0.020936573185903418,0.36250651593566785,0.11617356283289375
e18_smoke,qkv,0,6,2.026979768204093,0.019810786564730017,0.38231730250039786,0.24985563251949558
e18_smoke,qkv,0,7,1.8395552949886693,0.017978984247745144,0.40029628674814305,0.1773141041810069
e18_smoke,qkv,0,8,1.7058253417599478,0.016671967965548696,0.4169682547136917,0.20314956068186216
e18_smoke,qkv,0,9,1.615257180511752,0.01578679558238389,0.43275505029607564,0.11092588376771328
e18_smoke,qkv,0,10,1.5467797233480247,0.015117527783244492,0.4478725780793201,0.2556094468246082
e18_smoke,qkv,0,11,1.3516999901106534,0.013210906405521446,0.46108348448484154,0.1719592913723984
e18_smoke,qkv,0,12,1.1846098544233223,0.011577842737546938,0.4726613272223885,0.21175442416572574
e18_smoke,qkv,0,13,1.1586385885815413,0.011324011292123463,0.4839853385145119,0.15264459607939282
e18_smoke,qkv,0,14,1.012996011637395,0.009900566395515478,0.49388590491002743,0.2880206294443847
e18_smoke,qkv,0,15,1.0012276263434081,0.009785547502417573,0.503671452412445,0.2281483040358124
e18_smoke,qkv,0,16,0.8516544970331531,0.008323687158735115,0.5119951395711801,0.26070801697658685
e18_smoke,qkv,1,1,61.60392363575769,0.19449471401631432,0.19449471401631432,0.0028030641768082673
e18_smoke,qkv,1,2,13.627659205443477,0.04302498158308943,0.23751969559940372,0.05722488287522437
e18_smoke,qkv,1,3,10.336568324775424,0.03263441322543225,0.270154108824836,0.0838032477057585
e18_smoke,qkv,1,4,9.076660436258237,0.028656656452780628,0.29881076527761663,0.12147641443769056
e18_smoke,qkv,1,5,6.693164904413428,0.021131530544140645,0.3199422958217573,0.11091776052686145
e18_smoke,qkv,1,6,6.4363269824821545,0.020320646833714574,0.34026294265547186,0.15909729438097261
e18_smoke,qkv,1,7,5.642109434371989,0.01781315858021049,0.35807610123568234,0.17285474243707608
e18_smoke,qkv,1,8,5.125360064569588,0.016181687482816117,0.3742577887184985,0.19813712580579454
e18_smoke,qkv,1,9,4.900821257182032,0.015472777910974204,0.3897305666294727,0.15003885283514146
e18_smoke,qkv,1,10,4.378474302363169,0.01382363422662911,0.40355420085610183,0.1780715670855765
e18_smoke,qkv,1,11,4.182646291005467,0.013205369823689486,0.4167595706797913,0.1898977274535788
e18_smoke,qkv,1,12,3.760407380989578,0.01187228531862344,0.4286318559984147,0.24563362294743682
e18_smoke,qkv,1,13,3.573580504135586,0.011282439123125806,0.4399142951215405,0.20804590708975806
e18_smoke,qkv,1,14,3.3805920040593875,0.010673139570183524,0.450587434691724,0.19521835253387
e18_smoke,qkv,1,15,2.879800048775231,0.00909204891270263,0.4596794836044266,0.24817000911702797
e18_smoke,qkv,1,16,2.708435140445047,0.008551018944624995,0.4682305025490517,0.30389048986979994
